fecha,ruta,numero_bus,pasajeros_subieron,pasajeros_bajaron,capacidad_maxima,hora_programada,hora_real,temperatura_exterior,dia_semana,flujo_neto,ocupacion_actual,porcentaje_ocupacion,retraso_minutos,puntualidad,periodo_dia,es_hora_pico
2025-11-10 01:32:51.022536,Ruta 1 - Centro,100,9.0,5,60,2025-11-10 01:30:00,2025-11-10 01:32:12.343521000,34.36693724653602,Monday,4.0,4.0,6.67,2.21,Retraso Leve,Madrugada,False
2025-11-10 03:42:51.022536,Ruta 3 - Sur,100,7.0,6,60,2025-11-10 03:30:00,2025-11-10 03:30:33.703263708,24.0809647708262,Monday,1.0,5.0,8.33,0.56,A Tiempo,Madrugada,False
2025-11-11 13:12:51.022536,Ruta 5 - Oeste,100,7.0,8,60,2025-11-11 13:00:00,2025-11-11 13:05:12.505068096,18.52730223820585,Tuesday,-1.0,4.0,6.67,5.21,Retraso Grave,Tarde,False
2025-11-11 17:37:51.022536,Ruta 3 - Sur,100,9.0,2,40,2025-11-11 17:30:00,2025-11-11 17:30:09.599373234,13.737888950626449,Tuesday,7.0,11.0,27.5,0.16,A Tiempo,Tarde,True
2025-11-12 00:02:51.022536,Ruta 6 - Express,100,9.0,4,40,2025-11-12 00:00:00,2025-11-12 00:00:16.792611132,23.061729545448294,Wednesday,5.0,16.0,40.0,0.28,A Tiempo,Madrugada,False
2025-11-12 04:42:51.022536,Ruta 4 - Este,100,5.0,7,60,2025-11-12 04:30:00,2025-11-12 04:30:35.266551240,23.99103844984534,Wednesday,-2.0,14.0,23.33,0.59,A Tiempo,Madrugada,False
2025-11-12 11:27:51.022536,Ruta 5 - Oeste,100,7.0,9,60,2025-11-12 11:15:00,2025-11-12 11:16:55.063200030,27.08033791404297,Wednesday,-2.0,12.0,20.0,1.92,A Tiempo,Mañana,False
2025-11-12 11:47:51.022536,Ruta 1 - Centro,100,7.0,7,40,2025-11-12 11:45:00,2025-11-12 11:47:12.462863094,27.38588280334416,Wednesday,0.0,12.0,30.0,2.21,Retraso Leve,Mañana,False
2025-11-13 18:17:51.022536,Ruta 6 - Express,100,15.0,6,40,2025-11-13 18:15:00,2025-11-13 18:16:20.601494640,24.66444306839776,Thursday,9.0,21.0,52.5,1.34,A Tiempo,Tarde,True
2025-11-14 09:47:51.022536,Ruta 6 - Express,100,13.0,12,40,2025-11-14 09:45:00,2025-11-14 09:45:16.353331818,25.182569871598773,Friday,1.0,22.0,55.0,0.27,A Tiempo,Mañana,True
2025-11-14 11:32:51.022536,Ruta 2 - Norte,100,7.0,3,40,2025-11-14 11:30:00,2025-11-14 11:33:26.681987142,24.545352499072575,Friday,4.0,26.0,65.0,3.44,Retraso Leve,Mañana,False
2025-11-14 23:57:51.022536,Ruta 1 - Centro,100,10.0,6,40,2025-11-14 23:45:00,2025-11-14 23:45:15.051514332,25.030206215941263,Friday,4.0,30.0,75.0,0.25,A Tiempo,Noche,False
2025-11-15 00:47:51.022536,Ruta 3 - Sur,100,5.0,4,60,2025-11-15 00:45:00,2025-11-15 00:45:01.611756750,14.455446961051376,Saturday,1.0,31.0,51.67,0.03,A Tiempo,Madrugada,False
2025-11-15 04:37:51.022536,Ruta 1 - Centro,100,8.0,6,50,2025-11-15 04:30:00,2025-11-15 04:31:46.114304148,22.278462537953292,Saturday,2.0,33.0,66.0,1.77,A Tiempo,Madrugada,False
2025-11-15 15:07:51.022536,Ruta 5 - Oeste,100,7.0,4,40,2025-11-15 15:00:00,2025-11-15 15:00:07.072546236,23.54820880670785,Saturday,3.0,36.0,90.0,0.12,A Tiempo,Tarde,False
2025-11-16 07:07:51.022536,Ruta 2 - Norte,100,7.0,9,60,2025-11-16 07:00:00,2025-11-16 07:00:49.878107622,28.177598260147185,Sunday,-2.0,34.0,56.67,0.83,A Tiempo,Mañana,True
2025-11-16 08:32:51.022536,Ruta 6 - Express,100,7.0,5,40,2025-11-16 08:30:00,2025-11-16 08:32:21.920678964,31.6443615538836,Sunday,2.0,36.0,90.0,2.37,Retraso Leve,Mañana,True
2025-11-16 23:22:51.022536,Ruta 4 - Este,100,8.0,7,60,2025-11-16 23:15:00,2025-11-16 23:16:23.044313496,27.849979242417863,Sunday,1.0,37.0,61.67,1.38,A Tiempo,Noche,False
2025-11-17 00:12:51.022536,Ruta 6 - Express,100,9.0,5,60,2025-11-17 00:00:00,2025-11-17 00:00:22.362555462,25.107455388757234,Monday,4.0,41.0,68.33,0.37,A Tiempo,Madrugada,False
2025-11-17 04:52:51.022536,Ruta 5 - Oeste,100,8.0,7,60,2025-11-17 04:45:00,2025-11-17 04:51:15.734076521,28.793327051312385,Monday,1.0,42.0,70.0,6.26,Retraso Grave,Madrugada,False
2025-11-17 10:52:51.022536,Ruta 1 - Centro,100,5.0,3,60,2025-11-17 10:45:00,2025-11-17 10:47:33.928225218,17.233399543076278,Monday,2.0,44.0,73.33,2.57,Retraso Leve,Mañana,False
2025-11-17 19:52:51.022536,Ruta 1 - Centro,100,3.0,5,40,2025-11-17 19:45:00,2025-11-17 19:45:39.756390942,23.67940151608337,Monday,-2.0,42.0,100.0,0.66,A Tiempo,Noche,True
2025-11-17 20:32:51.022536,Ruta 3 - Sur,100,9.0,2,50,2025-11-17 20:30:00,2025-11-17 20:33:07.381163040,19.82886214421497,Monday,7.0,49.0,98.0,3.12,Retraso Leve,Noche,False
2025-11-18 00:02:51.022536,Ruta 6 - Express,100,6.0,4,40,2025-11-18 00:00:00,2025-11-18 00:02:32.403702227,18.74252611258453,Tuesday,2.0,51.0,100.0,2.54,Retraso Leve,Madrugada,False
2025-11-18 04:37:51.022536,Ruta 2 - Norte,100,10.0,8,50,2025-11-18 04:30:00,2025-11-18 04:30:03.692455278,24.12584304677665,Tuesday,2.0,53.0,100.0,0.06,A Tiempo,Madrugada,False
2025-11-18 16:32:51.022536,Ruta 1 - Centro,100,12.0,7,50,2025-11-18 16:30:00,2025-11-18 16:37:49.326526812,23.84090576988045,Tuesday,5.0,58.0,100.0,7.82,Retraso Grave,Tarde,False
2025-11-19 03:27:51.022536,Ruta 2 - Norte,100,5.0,4,40,2025-11-19 03:15:00,2025-11-19 03:16:29.525387040,25.629960378563226,Wednesday,1.0,59.0,100.0,1.49,A Tiempo,Madrugada,False
2025-11-19 07:37:51.022536,Ruta 1 - Centro,100,3.0,6,40,2025-11-19 07:30:00,2025-11-19 07:30:38.920394268,33.56543959945321,Wednesday,-3.0,56.0,100.0,0.65,A Tiempo,Mañana,True
2025-11-20 03:52:51.022536,Ruta 6 - Express,100,7.0,4,60,2025-11-20 03:45:00,2025-11-20 03:47:53.096430000,26.343892952846023,Thursday,3.0,59.0,98.33,2.88,Retraso Leve,Madrugada,False
2025-11-20 15:47:51.022536,Ruta 4 - Este,100,7.0,4,40,2025-11-20 15:45:00,2025-11-20 15:45:26.777879580,26.693307547562835,Thursday,3.0,62.0,100.0,0.45,A Tiempo,Tarde,False
2025-11-21 00:02:51.022536,Ruta 3 - Sur,100,6.0,6,50,2025-11-21 00:00:00,2025-11-21 00:00:06.925036590,24.523680942229447,Friday,0.0,62.0,100.0,0.12,A Tiempo,Madrugada,False
2025-11-21 01:27:51.022536,Ruta 2 - Norte,100,10.0,4,40,2025-11-21 01:15:00,2025-11-21 01:22:05.614013916,32.78778549483514,Friday,6.0,68.0,100.0,7.09,Retraso Grave,Madrugada,False
2025-11-21 06:12:51.022536,Ruta 6 - Express,100,7.0,10,60,2025-11-21 06:00:00,2025-11-21 06:02:02.104487490,32.61154117897076,Friday,-3.0,65.0,100.0,2.04,Retraso Leve,Madrugada,False
2025-11-22 03:12:51.022536,Ruta 6 - Express,100,8.0,6,50,2025-11-22 03:00:00,2025-11-22 03:00:35.841703002,27.34241520818688,Saturday,2.0,67.0,100.0,0.6,A Tiempo,Madrugada,False
2025-11-22 06:17:51.022536,Ruta 4 - Este,100,8.0,4,60,2025-11-22 06:15:00,2025-11-22 06:15:55.948497546,21.67168771785241,Saturday,4.0,71.0,100.0,0.93,A Tiempo,Madrugada,False
2025-11-22 13:22:51.022536,Ruta 3 - Sur,100,3.0,3,40,2025-11-22 13:15:00,2025-11-22 13:16:08.516742882,17.662305923500476,Saturday,0.0,71.0,100.0,1.14,A Tiempo,Tarde,False
2025-11-22 15:32:51.022536,Ruta 1 - Centro,100,9.0,5,60,2025-11-22 15:30:00,2025-11-22 15:31:01.038194844,26.247706763330036,Saturday,4.0,75.0,100.0,1.02,A Tiempo,Tarde,False
2025-11-22 20:52:51.022536,Ruta 5 - Oeste,100,9.0,1,40,2025-11-22 20:45:00,2025-11-22 20:46:26.963764764,27.39098285831162,Saturday,8.0,83.0,100.0,1.45,A Tiempo,Noche,False
2025-11-24 00:27:51.022536,Ruta 4 - Este,100,9.0,9,60,2025-11-24 00:15:00,2025-11-24 00:17:31.651989978,19.25896378979004,Monday,0.0,83.0,100.0,2.53,Retraso Leve,Madrugada,False
2025-11-24 10:07:51.022536,Ruta 2 - Norte,100,7.0,7,40,2025-11-24 10:00:00,2025-11-24 10:00:20.208236016,24.23366096174686,Monday,0.0,83.0,100.0,0.34,A Tiempo,Mañana,False
2025-11-24 22:32:51.022536,Ruta 5 - Oeste,100,13.0,10,60,2025-11-24 22:30:00,2025-11-24 22:30:27.455502102,14.736489660290196,Monday,3.0,86.0,100.0,0.46,A Tiempo,Noche,False
2025-11-25 21:47:51.022536,Ruta 6 - Express,100,13.0,1,40,2025-11-25 21:45:00,2025-11-25 21:51:32.695019718,28.93761864216693,Tuesday,12.0,98.0,100.0,6.54,Retraso Grave,Noche,False
2025-11-26 04:52:51.022536,Ruta 3 - Sur,100,7.0,12,50,2025-11-26 04:45:00,2025-11-26 04:46:01.175702910,28.43555137782972,Wednesday,-5.0,93.0,100.0,1.02,A Tiempo,Madrugada,False
2025-11-26 23:37:51.022536,Ruta 5 - Oeste,100,7.0,4,40,2025-11-26 23:30:00,2025-11-26 23:35:51.353083560,25.2787952351981,Wednesday,3.0,96.0,100.0,5.86,Retraso Grave,Noche,False
2025-11-09 18:32:51.022536,Ruta 6 - Express,101,9.0,4,60,2025-11-09 18:30:00,2025-11-09 18:30:26.869083252,25.562421684716323,Sunday,5.0,5.0,8.33,0.45,A Tiempo,Tarde,True
2025-11-09 23:22:51.022536,Ruta 2 - Norte,101,6.0,11,40,2025-11-09 23:15:00,2025-11-09 23:17:06.210163092,32.201332234562344,Sunday,-5.0,0.0,0.0,2.1,Retraso Leve,Noche,False
2025-11-10 00:17:51.022536,Ruta 1 - Centro,101,9.0,10,60,2025-11-10 00:15:00,2025-11-10 00:15:14.734451112,25.6307169633399,Monday,-1.0,0.0,0.0,0.25,A Tiempo,Madrugada,False
2025-11-10 05:32:51.022536,Ruta 6 - Express,101,9.0,7,40,2025-11-10 05:30:00,2025-11-10 05:32:00.869209392,23.079416355302627,Monday,2.0,1.0,2.5,2.01,Retraso Leve,Madrugada,False
2025-11-11 01:47:51.022536,Ruta 4 - Este,101,10.0,11,50,2025-11-11 01:45:00,2025-11-11 01:46:17.889085440,22.58383078505232,Tuesday,-1.0,0.0,0.0,1.3,A Tiempo,Madrugada,False
2025-11-11 14:57:51.022536,Ruta 4 - Este,101,11.0,10,40,2025-11-11 14:45:00,2025-11-11 14:47:32.447935349,34.06977889616616,Tuesday,1.0,1.0,2.5,2.54,Retraso Leve,Tarde,False
2025-11-12 09:07:51.022536,Ruta 5 - Oeste,101,7.0,1,40,2025-11-12 09:00:00,2025-11-12 09:01:57.682124796,25.275704595763507,Wednesday,6.0,7.0,17.5,1.96,A Tiempo,Mañana,True
2025-11-13 05:22:51.022536,Ruta 1 - Centro,101,3.0,5,60,2025-11-13 05:15:00,2025-11-13 05:16:15.524317842,25.123762181835875,Thursday,-2.0,5.0,8.33,1.26,A Tiempo,Madrugada,False
2025-11-13 07:07:51.022536,Ruta 6 - Express,101,5.0,6,50,2025-11-13 07:00:00,2025-11-13 07:01:02.731260768,27.414082238763097,Thursday,-1.0,4.0,8.0,1.05,A Tiempo,Mañana,True
2025-11-13 11:47:51.022536,Ruta 3 - Sur,101,9.0,4,40,2025-11-13 11:45:00,2025-11-13 11:45:46.221178794,32.075805610606906,Thursday,5.0,9.0,22.5,0.77,A Tiempo,Mañana,False
2025-11-13 17:17:51.022536,Ruta 2 - Norte,101,10.0,5,50,2025-11-13 17:15:00,2025-11-13 17:20:42.294320238,23.55980544069703,Thursday,5.0,14.0,28.0,5.7,Retraso Grave,Tarde,True
2025-11-13 19:52:51.022536,Ruta 4 - Este,101,12.0,7,60,2025-11-13 19:45:00,2025-11-13 19:51:36.734014044,29.33364333943973,Thursday,5.0,19.0,31.67,6.61,Retraso Grave,Noche,True
2025-11-13 21:22:51.022536,Ruta 5 - Oeste,101,6.0,8,50,2025-11-13 21:15:00,2025-11-13 21:15:51.627947394,15.819000514306026,Thursday,-2.0,17.0,34.0,0.86,A Tiempo,Noche,False
2025-11-14 01:27:51.022536,Ruta 5 - Oeste,101,8.0,2,40,2025-11-14 01:15:00,2025-11-14 01:15:09.125000106,26.25812812195352,Friday,6.0,23.0,57.5,0.15,A Tiempo,Madrugada,False
2025-11-15 07:02:51.022536,Ruta 3 - Sur,101,5.0,3,40,2025-11-15 07:00:00,2025-11-15 07:00:23.151809952,25.857108290276987,Saturday,2.0,25.0,62.5,0.39,A Tiempo,Mañana,True
2025-11-16 12:07:51.022536,Ruta 4 - Este,101,6.0,5,50,2025-11-16 12:00:00,2025-11-16 12:00:56.553586134,31.60122920966185,Sunday,1.0,26.0,52.0,0.94,A Tiempo,Mañana,False
2025-11-16 14:12:51.022536,Ruta 3 - Sur,101,7.0,7,40,2025-11-16 14:00:00,2025-11-16 14:01:12.284929086,18.601970873907128,Sunday,0.0,26.0,65.0,1.2,A Tiempo,Tarde,False
2025-11-16 15:52:51.022536,Ruta 2 - Norte,101,11.0,7,40,2025-11-16 15:45:00,2025-11-16 15:50:20.171711898,24.001779732351537,Sunday,4.0,30.0,75.0,5.34,Retraso Grave,Tarde,False
2025-11-17 06:22:51.022536,Ruta 2 - Norte,101,6.0,7,60,2025-11-17 06:15:00,2025-11-17 06:18:49.145735670,27.33584697239372,Monday,-1.0,29.0,48.33,3.82,Retraso Leve,Madrugada,False
2025-11-17 07:52:51.022536,Ruta 6 - Express,101,8.0,5,50,2025-11-17 07:45:00,2025-11-17 07:45:12.598419930,31.592350706604677,Monday,3.0,32.0,64.0,0.21,A Tiempo,Mañana,True
2025-11-17 23:17:51.022536,Ruta 1 - Centro,101,10.0,3,40,2025-11-17 23:15:00,2025-11-17 23:15:42.540074274,30.23739216506604,Monday,7.0,39.0,97.5,0.71,A Tiempo,Noche,False
2025-11-18 02:17:51.022536,Ruta 4 - Este,101,6.0,9,50,2025-11-18 02:15:00,2025-11-18 02:15:40.003672698,21.88984281354088,Tuesday,-3.0,36.0,72.0,0.67,A Tiempo,Madrugada,False
2025-11-18 07:27:51.022536,Ruta 6 - Express,101,6.0,2,60,2025-11-18 07:15:00,2025-11-18 07:15:27.493682202,25.87703849353545,Tuesday,4.0,40.0,66.67,0.46,A Tiempo,Mañana,True
2025-11-18 09:37:51.022536,Ruta 6 - Express,101,6.0,4,60,2025-11-18 09:30:00,2025-11-18 09:33:13.089773628,18.21800943286025,Tuesday,2.0,42.0,70.0,3.22,Retraso Leve,Mañana,True
2025-11-18 19:07:51.022536,Ruta 4 - Este,101,14.0,1,60,2025-11-18 19:00:00,2025-11-18 19:00:33.953037191,19.392970975335963,Tuesday,13.0,55.0,91.67,0.57,A Tiempo,Noche,True
2025-11-18 21:17:51.022536,Ruta 2 - Norte,101,7.0,5,50,2025-11-18 21:15:00,2025-11-18 21:15:00.606411012,21.849650414554585,Tuesday,2.0,57.0,100.0,0.01,A Tiempo,Noche,False
2025-11-19 04:27:51.022536,Ruta 5 - Oeste,101,9.0,8,40,2025-11-19 04:15:00,2025-11-19 04:15:52.428518814,20.820945995432176,Wednesday,1.0,58.0,100.0,0.87,A Tiempo,Madrugada,False
2025-11-19 05:32:51.022536,Ruta 4 - Este,101,5.0,5,60,2025-11-19 05:30:00,2025-11-19 05:32:48.648810696,24.526922800598392,Wednesday,0.0,58.0,96.67,2.81,Retraso Leve,Madrugada,False
2025-11-19 12:02:51.022536,Ruta 3 - Sur,101,7.0,7,60,2025-11-19 12:00:00,2025-11-19 12:04:14.180273592,23.49812385082242,Wednesday,0.0,58.0,96.67,4.24,Retraso Leve,Mañana,False
2025-11-19 16:47:51.022536,Ruta 5 - Oeste,101,10.0,3,40,2025-11-19 16:45:00,2025-11-19 16:46:51.613502406,25.80458639830865,Wednesday,7.0,65.0,100.0,1.86,A Tiempo,Tarde,False
2025-11-19 17:22:51.022536,Ruta 5 - Oeste,101,8.0,6,50,2025-11-19 17:15:00,2025-11-19 17:18:06.921530868,29.44032793116316,Wednesday,2.0,67.0,100.0,3.12,Retraso Leve,Tarde,True
2025-11-20 05:52:51.022536,Ruta 1 - Centro,101,14.0,8,40,2025-11-20 05:45:00,2025-11-20 05:45:06.455659278,18.05889428835352,Thursday,6.0,73.0,100.0,0.11,A Tiempo,Madrugada,False
2025-11-20 20:32:51.022536,Ruta 4 - Este,101,7.0,2,40,2025-11-20 20:30:00,2025-11-20 20:33:12.552993150,33.32337448853016,Thursday,5.0,78.0,100.0,3.21,Retraso Leve,Noche,False
2025-11-21 13:27:51.022536,Ruta 6 - Express,101,7.0,4,50,2025-11-21 13:15:00,2025-11-21 13:19:19.197368706,21.35519850980845,Friday,3.0,81.0,100.0,4.32,Retraso Leve,Tarde,False
2025-11-21 19:02:51.022536,Ruta 5 - Oeste,101,8.0,9,60,2025-11-21 19:00:00,2025-11-21 19:00:50.408014848,24.51327920080496,Friday,-1.0,80.0,100.0,0.84,A Tiempo,Noche,True
2025-11-21 21:42:51.022536,Ruta 3 - Sur,101,8.0,5,40,2025-11-21 21:30:00,2025-11-21 21:31:12.397080798,23.90369691517368,Friday,3.0,83.0,100.0,1.21,A Tiempo,Noche,False
2025-11-22 03:47:51.022536,Ruta 3 - Sur,101,4.0,8,60,2025-11-22 03:45:00,2025-11-22 03:45:57.081325140,16.69963884674423,Saturday,-4.0,79.0,100.0,0.95,A Tiempo,Madrugada,False
2025-11-22 04:17:51.022536,Ruta 6 - Express,101,11.0,8,40,2025-11-22 04:15:00,2025-11-22 04:20:20.904309312,14.878024885153351,Saturday,3.0,82.0,100.0,5.35,Retraso Grave,Madrugada,False
2025-11-22 14:42:51.022536,Ruta 2 - Norte,101,8.0,6,50,2025-11-22 14:30:00,2025-11-22 14:32:14.014035276,29.239736774831517,Saturday,2.0,84.0,100.0,2.23,Retraso Leve,Tarde,False
2025-11-22 20:07:51.022536,Ruta 3 - Sur,101,5.0,3,60,2025-11-22 20:00:00,2025-11-22 20:00:22.205408550,11.111982854061344,Saturday,2.0,86.0,100.0,0.37,A Tiempo,Noche,False
2025-11-23 00:52:51.022536,Ruta 1 - Centro,101,4.0,5,40,2025-11-23 00:45:00,2025-11-23 00:45:29.863726458,20.49461580498741,Sunday,-1.0,85.0,100.0,0.5,A Tiempo,Madrugada,False
2025-11-23 01:42:51.022536,Ruta 6 - Express,101,12.0,6,60,2025-11-23 01:30:00,2025-11-23 01:31:34.498741674,30.76246404635448,Sunday,6.0,91.0,100.0,1.57,A Tiempo,Madrugada,False
2025-11-23 08:37:51.022536,Ruta 6 - Express,101,6.0,4,50,2025-11-23 08:30:00,2025-11-23 08:30:28.838003148,29.825336127521147,Sunday,2.0,93.0,100.0,0.48,A Tiempo,Mañana,True
2025-11-23 09:42:51.022536,Ruta 1 - Centro,101,8.0,5,50,2025-11-23 09:30:00,2025-11-23 09:36:04.236014112,30.55964800885573,Sunday,3.0,96.0,100.0,6.07,Retraso Grave,Mañana,True
2025-11-23 10:17:51.022536,Ruta 4 - Este,101,9.0,8,40,2025-11-23 10:15:00,2025-11-23 10:16:19.845639042,18.701189443759336,Sunday,1.0,97.0,100.0,1.33,A Tiempo,Mañana,False
2025-11-23 19:12:51.022536,Ruta 6 - Express,101,4.0,5,60,2025-11-23 19:00:00,2025-11-23 19:00:48.294006372,20.762846908880537,Sunday,-1.0,96.0,100.0,0.8,A Tiempo,Noche,True
2025-11-23 22:27:51.022536,Ruta 4 - Este,101,9.0,9,50,2025-11-23 22:15:00,2025-11-23 22:18:08.707081656,18.581790890524005,Sunday,0.0,96.0,100.0,3.15,Retraso Leve,Noche,False
2025-11-24 01:12:51.022536,Ruta 4 - Este,101,6.0,10,40,2025-11-24 01:00:00,2025-11-24 01:02:29.073415236,19.21762888210649,Monday,-4.0,92.0,100.0,2.48,Retraso Leve,Madrugada,False
2025-11-24 03:17:51.022536,Ruta 1 - Centro,101,6.0,9,40,2025-11-24 03:15:00,2025-11-24 03:15:33.181567500,22.02381619574305,Monday,-3.0,89.0,100.0,0.55,A Tiempo,Madrugada,False
2025-11-24 08:12:51.022536,Ruta 3 - Sur,101,6.0,9,40,2025-11-24 08:00:00,2025-11-24 08:02:09.347986662,26.79742300457632,Monday,-3.0,86.0,100.0,2.16,Retraso Leve,Mañana,True
2025-11-24 08:27:51.022536,Ruta 2 - Norte,101,10.0,8,50,2025-11-24 08:15:00,2025-11-24 08:27:19.147319070,18.29960472033585,Monday,2.0,88.0,100.0,12.32,Retraso Grave,Mañana,True
2025-11-24 09:32:51.022536,Ruta 6 - Express,101,8.0,7,40,2025-11-24 09:30:00,2025-11-24 09:36:18.758181768,38.033217347864806,Monday,1.0,89.0,100.0,6.31,Retraso Grave,Mañana,True
2025-11-25 03:27:51.022536,Ruta 6 - Express,101,5.0,4,60,2025-11-25 03:15:00,2025-11-25 03:24:11.331548844,32.89036230010086,Tuesday,1.0,90.0,100.0,9.19,Retraso Grave,Madrugada,False
2025-11-25 09:32:51.022536,Ruta 6 - Express,101,10.0,2,60,2025-11-25 09:30:00,2025-11-25 09:33:14.485595802,27.906627292598703,Tuesday,8.0,98.0,100.0,3.24,Retraso Leve,Mañana,True
2025-11-25 19:57:51.022536,Ruta 1 - Centro,101,6.0,7,40,2025-11-25 19:45:00,2025-11-25 19:45:46.711132770,26.184429770799703,Tuesday,-1.0,97.0,100.0,0.78,A Tiempo,Noche,True
2025-11-25 20:32:51.022536,Ruta 4 - Este,101,7.0,1,50,2025-11-25 20:30:00,2025-11-25 20:32:16.186312140,30.336849230054472,Tuesday,6.0,103.0,100.0,2.27,Retraso Leve,Noche,False
2025-11-25 20:42:51.022536,Ruta 5 - Oeste,101,12.0,11,60,2025-11-25 20:30:00,2025-11-25 20:33:40.436331720,23.83482026936208,Tuesday,1.0,104.0,100.0,3.67,Retraso Leve,Noche,False
2025-11-26 07:52:51.022536,Ruta 3 - Sur,101,10.0,3,40,2025-11-26 07:45:00,2025-11-26 07:45:02.297726610,22.98060629330428,Wednesday,7.0,111.0,100.0,0.04,A Tiempo,Mañana,True
2025-11-09 17:17:51.022536,Ruta 4 - Este,102,6.0,5,50,2025-11-09 17:15:00,2025-11-09 17:16:21.828412662,22.0028054061306,Sunday,1.0,1.0,2.0,1.36,A Tiempo,Tarde,True
2025-11-09 21:42:51.022536,Ruta 2 - Norte,102,9.0,8,40,2025-11-09 21:30:00,2025-11-09 21:31:30.027072785,30.516204376721703,Sunday,1.0,2.0,5.0,1.5,A Tiempo,Noche,False
2025-11-10 09:22:51.022536,Ruta 5 - Oeste,102,8.0,9,60,2025-11-10 09:15:00,2025-11-10 09:21:02.830317780,21.387418566062134,Monday,-1.0,1.0,1.67,6.05,Retraso Grave,Mañana,True
2025-11-10 16:42:51.022536,Ruta 6 - Express,102,14.0,3,60,2025-11-10 16:30:00,2025-11-10 16:34:34.248690084,25.21578184771995,Monday,11.0,12.0,20.0,4.57,Retraso Leve,Tarde,False
2025-11-10 23:07:51.022536,Ruta 6 - Express,102,11.0,9,40,2025-11-10 23:00:00,2025-11-10 23:01:25.633204530,25.13992752154774,Monday,2.0,14.0,35.0,1.43,A Tiempo,Noche,False
2025-11-11 09:42:51.022536,Ruta 2 - Norte,102,6.0,12,60,2025-11-11 09:30:00,2025-11-11 09:30:17.593564230,36.23713368152782,Tuesday,-6.0,8.0,13.33,0.29,A Tiempo,Mañana,True
2025-11-11 10:57:51.022536,Ruta 2 - Norte,102,11.0,5,60,2025-11-11 10:45:00,2025-11-11 10:45:32.705218308,28.622038549682436,Tuesday,6.0,14.0,23.33,0.55,A Tiempo,Mañana,False
2025-11-12 05:02:51.022536,Ruta 4 - Este,102,6.0,9,50,2025-11-12 05:00:00,2025-11-12 05:09:16.194007362,23.78707143508224,Wednesday,-3.0,11.0,22.0,9.27,Retraso Grave,Madrugada,False
2025-11-12 20:22:51.022536,Ruta 3 - Sur,102,10.0,6,60,2025-11-12 20:15:00,2025-11-12 20:16:05.853629694,34.46354050752284,Wednesday,4.0,15.0,25.0,1.1,A Tiempo,Noche,False
2025-11-13 01:47:51.022536,Ruta 2 - Norte,102,9.0,6,50,2025-11-13 01:45:00,2025-11-13 01:45:50.951023686,35.25999561125237,Thursday,3.0,18.0,36.0,0.85,A Tiempo,Madrugada,False
2025-11-14 12:22:51.022536,Ruta 2 - Norte,102,8.0,4,40,2025-11-14 12:15:00,2025-11-14 12:16:01.200534606,26.88219374797699,Friday,4.0,22.0,55.0,1.02,A Tiempo,Mañana,False
2025-11-15 07:27:51.022536,Ruta 3 - Sur,102,7.0,7,40,2025-11-15 07:15:00,2025-11-15 07:15:18.073189296,32.123078840405405,Saturday,0.0,22.0,55.0,0.3,A Tiempo,Mañana,True
2025-11-15 11:47:51.022536,Ruta 1 - Centro,102,4.0,7,50,2025-11-15 11:45:00,2025-11-15 11:46:45.128266680,23.7904833170932,Saturday,-3.0,19.0,38.0,1.75,A Tiempo,Mañana,False
2025-11-16 06:17:51.022536,Ruta 6 - Express,102,7.0,7,50,2025-11-16 06:15:00,2025-11-16 06:18:08.045813526,25.702619469176955,Sunday,0.0,19.0,38.0,3.13,Retraso Leve,Madrugada,False
2025-11-16 21:37:51.022536,Ruta 1 - Centro,102,4.0,8,40,2025-11-16 21:30:00,2025-11-16 21:31:12.720155232,20.968417868698157,Sunday,-4.0,15.0,37.5,1.21,A Tiempo,Noche,False
2025-11-16 23:57:51.022536,Ruta 4 - Este,102,7.0,6,60,2025-11-16 23:45:00,2025-11-16 23:55:01.912711494,18.12344715209785,Sunday,1.0,16.0,26.67,10.03,Retraso Grave,Noche,False
2025-11-17 01:57:51.022536,Ruta 1 - Centro,102,8.0,8,60,2025-11-17 01:45:00,2025-11-17 01:52:05.656971312,31.479124797532624,Monday,0.0,16.0,26.67,7.09,Retraso Grave,Madrugada,False
2025-11-17 03:57:51.022536,Ruta 2 - Norte,102,7.0,4,40,2025-11-17 03:45:00,2025-11-17 03:53:43.258428642,21.91460497679079,Monday,3.0,19.0,47.5,8.72,Retraso Grave,Madrugada,False
2025-11-18 04:02:51.022536,Ruta 1 - Centro,102,7.0,9,50,2025-11-18 04:00:00,2025-11-18 04:02:32.185337244,16.4808832397474,Tuesday,-2.0,17.0,34.0,2.54,Retraso Leve,Madrugada,False
2025-11-18 14:12:51.022536,Ruta 2 - Norte,102,10.0,2,60,2025-11-18 14:00:00,2025-11-18 14:01:38.957678952,21.17945630907232,Tuesday,8.0,25.0,41.67,1.65,A Tiempo,Tarde,False
2025-11-18 15:07:51.022536,Ruta 6 - Express,102,6.0,5,40,2025-11-18 15:00:00,2025-11-18 15:04:58.822999656,22.13648235828641,Tuesday,1.0,26.0,65.0,4.98,Retraso Leve,Tarde,False
2025-11-18 21:42:51.022536,Ruta 2 - Norte,102,5.0,5,60,2025-11-18 21:30:00,2025-11-18 21:30:17.769283944,32.58774279649238,Tuesday,0.0,26.0,43.33,0.3,A Tiempo,Noche,False
2025-11-19 00:42:51.022536,Ruta 4 - Este,102,6.0,8,60,2025-11-19 00:30:00,2025-11-19 00:30:31.311994980,26.47880154986508,Wednesday,-2.0,24.0,40.0,0.52,A Tiempo,Madrugada,False
2025-11-19 01:17:51.022536,Ruta 5 - Oeste,102,9.0,5,40,2025-11-19 01:15:00,2025-11-19 01:15:05.354558394,22.44180247640007,Wednesday,4.0,28.0,70.0,0.09,A Tiempo,Madrugada,False
2025-11-19 16:27:51.022536,Ruta 3 - Sur,102,9.0,13,40,2025-11-19 16:15:00,2025-11-19 16:17:45.960401244,27.076482835065043,Wednesday,-4.0,24.0,60.0,2.77,Retraso Leve,Tarde,False
2025-11-20 17:42:51.022536,Ruta 1 - Centro,102,6.0,6,50,2025-11-20 17:30:00,2025-11-20 17:31:04.939388760,13.527208331830124,Thursday,0.0,24.0,48.0,1.08,A Tiempo,Tarde,True
2025-11-21 08:57:51.022536,Ruta 3 - Sur,102,11.0,5,60,2025-11-21 08:45:00,2025-11-21 08:47:48.404586096,22.36921546685706,Friday,6.0,30.0,50.0,2.81,Retraso Leve,Mañana,True
2025-11-21 11:42:51.022536,Ruta 1 - Centro,102,14.0,5,50,2025-11-21 11:30:00,2025-11-21 11:32:09.035946288,29.969032642568266,Friday,9.0,39.0,78.0,2.15,Retraso Leve,Mañana,False
2025-11-21 16:07:51.022536,Ruta 4 - Este,102,4.0,7,40,2025-11-21 16:00:00,2025-11-21 16:01:30.446868840,29.03206115687141,Friday,-3.0,36.0,90.0,1.51,A Tiempo,Tarde,False
2025-11-22 01:12:51.022536,Ruta 6 - Express,102,8.0,5,40,2025-11-22 01:00:00,2025-11-22 01:01:48.015040386,27.013040935531308,Saturday,3.0,39.0,97.5,1.8,A Tiempo,Madrugada,False
2025-11-22 05:17:51.022536,Ruta 1 - Centro,102,11.0,9,40,2025-11-22 05:15:00,2025-11-22 05:15:23.170595220,24.884421081397758,Saturday,2.0,41.0,100.0,0.39,A Tiempo,Madrugada,False
2025-11-22 06:32:51.022536,Ruta 2 - Norte,102,6.0,4,60,2025-11-22 06:30:00,2025-11-22 06:32:47.768492160,26.150740904165023,Saturday,2.0,43.0,71.67,2.8,Retraso Leve,Madrugada,False
2025-11-22 15:42:51.022536,Ruta 3 - Sur,102,2.0,7,40,2025-11-22 15:30:00,2025-11-22 15:34:04.399318098,19.45425208328638,Saturday,-5.0,38.0,95.0,4.07,Retraso Leve,Tarde,False
2025-11-22 19:27:51.022536,Ruta 3 - Sur,102,7.0,10,60,2025-11-22 19:15:00,2025-11-22 19:15:41.821318566,20.968979896306443,Saturday,-3.0,35.0,58.33,0.7,A Tiempo,Noche,True
2025-11-23 05:32:51.022536,Ruta 6 - Express,102,6.0,5,50,2025-11-23 05:30:00,2025-11-23 05:31:55.030077942,33.23785840827091,Sunday,1.0,36.0,72.0,1.92,A Tiempo,Madrugada,False
2025-11-23 08:07:51.022536,Ruta 1 - Centro,102,5.0,4,50,2025-11-23 08:00:00,2025-11-23 08:00:28.051479756,26.81451110897661,Sunday,1.0,37.0,74.0,0.47,A Tiempo,Mañana,True
2025-11-23 08:47:51.022536,Ruta 1 - Centro,102,20.0,3,60,2025-11-23 08:45:00,2025-11-23 08:46:50.751876528,27.459355753947385,Sunday,17.0,54.0,90.0,1.85,A Tiempo,Mañana,True
2025-11-23 11:47:51.022536,Ruta 1 - Centro,102,9.0,8,40,2025-11-23 11:45:00,2025-11-23 11:49:09.328926750,28.694025518854755,Sunday,1.0,55.0,100.0,4.16,Retraso Leve,Mañana,False
2025-11-23 23:07:51.022536,Ruta 4 - Este,102,9.0,3,40,2025-11-23 23:00:00,2025-11-23 23:03:05.725996956,30.970316250407304,Sunday,6.0,61.0,100.0,3.1,Retraso Leve,Noche,False
2025-11-24 05:52:51.022536,Ruta 6 - Express,102,8.0,5,40,2025-11-24 05:45:00,2025-11-24 05:46:28.299830214,28.70530699288659,Monday,3.0,64.0,100.0,1.47,A Tiempo,Madrugada,False
2025-11-24 11:42:51.022536,Ruta 5 - Oeste,102,9.0,10,60,2025-11-24 11:30:00,2025-11-24 11:30:14.934503514,21.39574251616224,Monday,-1.0,63.0,100.0,0.25,A Tiempo,Mañana,False
2025-11-24 22:07:51.022536,Ruta 1 - Centro,102,4.0,3,60,2025-11-24 22:00:00,2025-11-24 22:04:18.811324308,26.212566327073727,Monday,1.0,64.0,100.0,4.31,Retraso Leve,Noche,False
2025-11-25 19:37:51.022536,Ruta 3 - Sur,102,7.0,7,50,2025-11-25 19:30:00,2025-11-25 19:33:37.758390990,31.73508269445405,Tuesday,0.0,64.0,100.0,3.63,Retraso Leve,Noche,True
2025-11-26 19:07:51.022536,Ruta 2 - Norte,102,9.0,7,50,2025-11-26 19:00:00,2025-11-26 19:00:50.133940566,26.5996576008377,Wednesday,2.0,66.0,100.0,0.84,A Tiempo,Noche,True
2025-11-09 17:57:51.022536,Ruta 1 - Centro,103,9.0,6,60,2025-11-09 17:45:00,2025-11-09 17:45:13.614465882,23.474728828537597,Sunday,3.0,3.0,5.0,0.23,A Tiempo,Tarde,True
2025-11-10 02:47:51.022536,Ruta 3 - Sur,103,8.0,5,60,2025-11-10 02:45:00,2025-11-10 02:46:12.390484644,29.909770780625152,Monday,3.0,6.0,10.0,1.21,A Tiempo,Madrugada,False
2025-11-10 12:12:51.022536,Ruta 6 - Express,103,7.0,5,40,2025-11-10 12:00:00,2025-11-10 12:04:49.666516260,29.861520897138096,Monday,2.0,8.0,20.0,4.83,Retraso Leve,Mañana,False
2025-11-10 14:47:51.022536,Ruta 2 - Norte,103,11.0,6,60,2025-11-10 14:45:00,2025-11-10 14:47:18.879316512,21.731640465697858,Monday,5.0,13.0,21.67,2.31,Retraso Leve,Tarde,False
2025-11-11 01:07:51.022536,Ruta 2 - Norte,103,7.0,1,50,2025-11-11 01:00:00,2025-11-11 01:00:45.864684552,18.7614955065241,Tuesday,6.0,19.0,38.0,0.76,A Tiempo,Madrugada,False
2025-11-11 08:32:51.022536,Ruta 6 - Express,103,6.0,5,40,2025-11-11 08:30:00,2025-11-11 08:30:14.817646680,31.99791944854543,Tuesday,1.0,20.0,50.0,0.25,A Tiempo,Mañana,True
2025-11-11 12:17:51.022536,Ruta 3 - Sur,103,8.0,5,40,2025-11-11 12:15:00,2025-11-11 12:17:29.301695046,27.848478927532227,Tuesday,3.0,23.0,57.5,2.49,Retraso Leve,Mañana,False
2025-11-12 00:57:51.022536,Ruta 1 - Centro,103,8.0,6,60,2025-11-12 00:45:00,2025-11-12 00:48:32.341771457,24.430157364489187,Wednesday,2.0,25.0,41.67,3.54,Retraso Leve,Madrugada,False
2025-11-12 04:22:51.022536,Ruta 4 - Este,103,15.0,9,40,2025-11-12 04:15:00,2025-11-12 04:18:47.346904380,26.814971228311627,Wednesday,6.0,31.0,77.5,3.79,Retraso Leve,Madrugada,False
2025-11-12 16:17:51.022536,Ruta 1 - Centro,103,3.0,9,50,2025-11-12 16:15:00,2025-11-12 16:21:19.529902452,26.678346477602588,Wednesday,-6.0,25.0,50.0,6.33,Retraso Grave,Tarde,False
2025-11-12 19:47:51.022536,Ruta 2 - Norte,103,10.0,7,50,2025-11-12 19:45:00,2025-11-12 19:45:29.136233742,25.47219323818798,Wednesday,3.0,28.0,56.0,0.49,A Tiempo,Noche,True
2025-11-12 22:47:51.022536,Ruta 6 - Express,103,10.0,5,40,2025-11-12 22:45:00,2025-11-12 22:45:04.448314872,18.475834822026624,Wednesday,5.0,33.0,82.5,0.07,A Tiempo,Noche,False
2025-11-13 00:22:51.022536,Ruta 1 - Centro,103,8.0,5,40,2025-11-13 00:15:00,2025-11-13 00:16:04.840225206,22.391321630279737,Thursday,3.0,36.0,90.0,1.08,A Tiempo,Madrugada,False
2025-11-13 07:02:51.022536,Ruta 6 - Express,103,2.0,7,60,2025-11-13 07:00:00,2025-11-13 07:03:00.333662646,29.96186659875032,Thursday,-5.0,31.0,51.67,3.01,Retraso Leve,Mañana,True
2025-11-13 14:22:51.022536,Ruta 5 - Oeste,103,11.0,7,40,2025-11-13 14:15:00,2025-11-13 14:15:53.284356918,27.33118174614675,Thursday,4.0,35.0,87.5,0.89,A Tiempo,Tarde,False
2025-11-13 18:32:51.022536,Ruta 6 - Express,103,2.0,6,40,2025-11-13 18:30:00,2025-11-13 18:33:11.386955598,21.998610749398438,Thursday,-4.0,31.0,77.5,3.19,Retraso Leve,Tarde,True
2025-11-13 20:02:51.022536,Ruta 5 - Oeste,103,6.0,8,40,2025-11-13 20:00:00,2025-11-13 20:05:54.627301644,24.35689827365036,Thursday,-2.0,29.0,72.5,5.91,Retraso Grave,Noche,False
2025-11-14 13:12:51.022536,Ruta 4 - Este,103,4.0,5,40,2025-11-14 13:00:00,2025-11-14 13:00:25.990112886,21.35642220519565,Friday,-1.0,28.0,70.0,0.43,A Tiempo,Tarde,False
2025-11-14 19:27:51.022536,Ruta 1 - Centro,103,8.0,4,40,2025-11-14 19:15:00,2025-11-14 19:17:23.761945470,28.380643974956385,Friday,4.0,32.0,80.0,2.4,Retraso Leve,Noche,True
2025-11-15 00:17:51.022536,Ruta 5 - Oeste,103,10.0,4,60,2025-11-15 00:15:00,2025-11-15 00:17:01.507679520,18.96822975036343,Saturday,6.0,38.0,63.33,2.03,Retraso Leve,Madrugada,False
2025-11-15 00:27:51.022536,Ruta 6 - Express,103,7.0,8,60,2025-11-15 00:15:00,2025-11-15 00:16:15.515916324,24.96884685284247,Saturday,-1.0,37.0,61.67,1.26,A Tiempo,Madrugada,False
2025-11-15 00:42:51.022536,Ruta 2 - Norte,103,11.0,7,50,2025-11-15 00:30:00,2025-11-15 00:36:41.533258068,25.814674730037147,Saturday,4.0,41.0,82.0,6.69,Retraso Grave,Madrugada,False
2025-11-15 02:47:51.022536,Ruta 4 - Este,103,10.0,9,60,2025-11-15 02:45:00,2025-11-15 02:50:40.810259484,29.999019396911432,Saturday,1.0,42.0,70.0,5.68,Retraso Grave,Madrugada,False
2025-11-15 03:32:51.022536,Ruta 5 - Oeste,103,8.0,7,40,2025-11-15 03:30:00,2025-11-15 03:30:31.197965316,33.788071364496645,Saturday,1.0,43.0,100.0,0.52,A Tiempo,Madrugada,False
2025-11-15 13:17:51.022536,Ruta 1 - Centro,103,3.0,5,60,2025-11-15 13:15:00,2025-11-15 13:17:56.893871376,27.237081853987053,Saturday,-2.0,41.0,68.33,2.95,Retraso Leve,Tarde,False
2025-11-16 10:42:51.022536,Ruta 2 - Norte,103,8.0,7,40,2025-11-16 10:30:00,2025-11-16 10:31:45.002906448,24.863720184904267,Sunday,1.0,42.0,100.0,1.75,A Tiempo,Mañana,False
2025-11-16 11:12:51.022536,Ruta 5 - Oeste,103,8.0,3,60,2025-11-16 11:00:00,2025-11-16 11:04:22.415136546,20.360756771827987,Sunday,5.0,47.0,78.33,4.37,Retraso Leve,Mañana,False
2025-11-16 12:22:51.022536,Ruta 6 - Express,103,5.0,2,40,2025-11-16 12:15:00,2025-11-16 12:19:38.607464454,23.206674904421995,Sunday,3.0,50.0,100.0,4.64,Retraso Leve,Mañana,False
2025-11-17 07:57:51.022536,Ruta 4 - Este,103,5.0,7,40,2025-11-17 07:45:00,2025-11-17 07:45:46.198452792,21.54762513801308,Monday,-2.0,48.0,100.0,0.77,A Tiempo,Mañana,True
2025-11-17 11:02:51.022536,Ruta 2 - Norte,103,11.0,5,50,2025-11-17 11:00:00,2025-11-17 11:03:12.426723342,32.69141028179684,Monday,6.0,54.0,100.0,3.21,Retraso Leve,Mañana,False
2025-11-17 11:07:51.022536,Ruta 5 - Oeste,103,6.0,9,40,2025-11-17 11:00:00,2025-11-17 11:01:02.157932850,27.932925126327184,Monday,-3.0,51.0,100.0,1.04,A Tiempo,Mañana,False
2025-11-18 12:17:51.022536,Ruta 2 - Norte,103,8.0,5,50,2025-11-18 12:15:00,2025-11-18 12:16:27.011959410,23.66603330561396,Tuesday,3.0,54.0,100.0,1.45,A Tiempo,Mañana,False
2025-11-19 03:37:51.022536,Ruta 4 - Este,103,9.0,6,60,2025-11-19 03:30:00,2025-11-19 03:31:14.308703850,26.055398041547253,Wednesday,3.0,57.0,95.0,1.24,A Tiempo,Madrugada,False
2025-11-19 04:07:51.022536,Ruta 3 - Sur,103,13.0,5,50,2025-11-19 04:00:00,2025-11-19 04:00:52.354435476,22.325968809453556,Wednesday,8.0,65.0,100.0,0.87,A Tiempo,Madrugada,False
2025-11-19 20:07:51.022536,Ruta 6 - Express,103,10.0,7,60,2025-11-19 20:00:00,2025-11-19 20:00:33.893615376,24.288428327567942,Wednesday,3.0,68.0,100.0,0.56,A Tiempo,Noche,False
2025-11-20 01:12:51.022536,Ruta 2 - Norte,103,12.0,5,60,2025-11-20 01:00:00,2025-11-20 01:06:58.578839886,25.0268763309147,Thursday,7.0,75.0,100.0,6.98,Retraso Grave,Madrugada,False
2025-11-20 02:52:51.022536,Ruta 6 - Express,103,4.0,12,40,2025-11-20 02:45:00,2025-11-20 02:46:38.580261690,28.930891927185023,Thursday,-8.0,67.0,100.0,1.64,A Tiempo,Madrugada,False
2025-11-20 05:17:51.022536,Ruta 5 - Oeste,103,10.0,8,40,2025-11-20 05:15:00,2025-11-20 05:15:10.386805974,31.496997684539583,Thursday,2.0,69.0,100.0,0.17,A Tiempo,Madrugada,False
2025-11-20 21:47:51.022536,Ruta 3 - Sur,103,11.0,4,60,2025-11-20 21:45:00,2025-11-20 21:47:28.871901720,16.441263083269767,Thursday,7.0,76.0,100.0,2.48,Retraso Leve,Noche,False
2025-11-21 04:32:51.022536,Ruta 6 - Express,103,13.0,5,60,2025-11-21 04:30:00,2025-11-21 04:31:38.739353310,20.11035189769283,Friday,8.0,84.0,100.0,1.65,A Tiempo,Madrugada,False
2025-11-21 10:02:51.022536,Ruta 1 - Centro,103,6.0,6,60,2025-11-21 10:00:00,2025-11-21 10:00:03.841052280,19.31645461494783,Friday,0.0,84.0,100.0,0.06,A Tiempo,Mañana,False
2025-11-21 11:22:51.022536,Ruta 4 - Este,103,6.0,5,40,2025-11-21 11:15:00,2025-11-21 11:22:08.043397278,20.319660741757268,Friday,1.0,85.0,100.0,7.13,Retraso Grave,Mañana,False
2025-11-22 01:07:51.022536,Ruta 4 - Este,103,9.0,8,50,2025-11-22 01:00:00,2025-11-22 01:00:33.323688096,26.758144163203447,Saturday,1.0,86.0,100.0,0.56,A Tiempo,Madrugada,False
2025-11-22 20:22:51.022536,Ruta 3 - Sur,103,3.0,8,40,2025-11-22 20:15:00,2025-11-22 20:16:26.440749198,28.29284709384439,Saturday,-5.0,81.0,100.0,1.44,A Tiempo,Noche,False
2025-11-23 02:07:51.022536,Ruta 4 - Este,103,6.0,8,60,2025-11-23 02:00:00,2025-11-23 02:01:44.191219332,38.74723682192939,Sunday,-2.0,79.0,100.0,1.74,A Tiempo,Madrugada,False
2025-11-23 04:52:51.022536,Ruta 5 - Oeste,103,9.0,3,40,2025-11-23 04:45:00,2025-11-23 04:45:17.635020420,24.55372847011916,Sunday,6.0,85.0,100.0,0.29,A Tiempo,Madrugada,False
2025-11-24 15:02:51.022536,Ruta 5 - Oeste,103,5.0,9,60,2025-11-24 15:00:00,2025-11-24 15:00:18.245353104,25.00179193558381,Monday,-4.0,81.0,100.0,0.3,A Tiempo,Tarde,False
2025-11-25 03:42:51.022536,Ruta 4 - Este,103,9.0,5,50,2025-11-25 03:30:00,2025-11-25 03:30:35.791233564,24.24141155126676,Tuesday,4.0,85.0,100.0,0.6,A Tiempo,Madrugada,False
2025-11-25 07:37:51.022536,Ruta 3 - Sur,103,9.0,5,50,2025-11-25 07:30:00,2025-11-25 07:30:31.358515253,28.16104808722669,Tuesday,4.0,89.0,100.0,0.52,A Tiempo,Mañana,True
2025-11-25 13:52:51.022536,Ruta 3 - Sur,103,6.0,6,60,2025-11-25 13:45:00,2025-11-25 13:46:41.613309762,25.10453508555065,Tuesday,0.0,89.0,100.0,1.69,A Tiempo,Tarde,False
2025-11-25 15:47:51.022536,Ruta 2 - Norte,103,11.0,6,40,2025-11-25 15:45:00,2025-11-25 15:48:34.268099346,33.10171542862702,Tuesday,5.0,94.0,100.0,3.57,Retraso Leve,Tarde,False
2025-11-26 05:02:51.022536,Ruta 2 - Norte,103,7.0,11,50,2025-11-26 05:00:00,2025-11-26 05:07:07.057712916,38.2011797901552,Wednesday,-4.0,90.0,100.0,7.12,Retraso Grave,Madrugada,False
2025-11-10 04:27:51.022536,Ruta 5 - Oeste,104,10.0,1,60,2025-11-10 04:15:00,2025-11-10 04:15:17.388194394,25.841527719066484,Monday,9.0,9.0,15.0,0.29,A Tiempo,Madrugada,False
2025-11-10 11:47:51.022536,Ruta 3 - Sur,104,9.0,5,50,2025-11-10 11:45:00,2025-11-10 11:45:17.742979482,20.799298829885004,Monday,4.0,13.0,26.0,0.3,A Tiempo,Mañana,False
2025-11-10 13:47:51.022536,Ruta 1 - Centro,104,8.0,6,60,2025-11-10 13:45:00,2025-11-10 13:50:18.439884222,25.335236421628764,Monday,2.0,15.0,25.0,5.31,Retraso Grave,Tarde,False
2025-11-12 02:47:51.022536,Ruta 3 - Sur,104,9.0,6,50,2025-11-12 02:45:00,2025-11-12 02:50:55.693969170,24.309263997432648,Wednesday,3.0,18.0,36.0,5.93,Retraso Grave,Madrugada,False
2025-11-12 06:27:51.022536,Ruta 5 - Oeste,104,9.0,15,40,2025-11-12 06:15:00,2025-11-12 06:19:53.452583136,28.646123824138755,Wednesday,-6.0,12.0,30.0,4.89,Retraso Leve,Madrugada,False
2025-11-12 08:17:51.022536,Ruta 2 - Norte,104,13.0,4,60,2025-11-12 08:15:00,2025-11-12 08:17:07.044463080,20.262447850864422,Wednesday,9.0,21.0,35.0,2.12,Retraso Leve,Mañana,True
2025-11-12 15:37:51.022536,Ruta 3 - Sur,104,9.0,10,60,2025-11-12 15:30:00,2025-11-12 15:33:43.119971148,25.89689257630157,Wednesday,-1.0,20.0,33.33,3.72,Retraso Leve,Tarde,False
2025-11-13 00:52:51.022536,Ruta 2 - Norte,104,6.0,2,60,2025-11-13 00:45:00,2025-11-13 00:45:00.557568330,22.10366759030106,Thursday,4.0,24.0,40.0,0.01,A Tiempo,Madrugada,False
2025-11-13 14:37:51.022536,Ruta 6 - Express,104,8.0,3,60,2025-11-13 14:30:00,2025-11-13 14:30:58.204953888,19.168034979095783,Thursday,5.0,29.0,48.33,0.97,A Tiempo,Tarde,False
2025-11-14 07:02:51.022536,Ruta 6 - Express,104,7.0,6,60,2025-11-14 07:00:00,2025-11-14 07:00:07.783714967,19.02993863051521,Friday,1.0,30.0,50.0,0.13,A Tiempo,Mañana,True
2025-11-14 08:42:51.022536,Ruta 2 - Norte,104,9.0,4,40,2025-11-14 08:30:00,2025-11-14 08:30:53.329468176,25.877366445662936,Friday,5.0,35.0,87.5,0.89,A Tiempo,Mañana,True
2025-11-16 11:47:51.022536,Ruta 1 - Centro,104,5.0,6,50,2025-11-16 11:45:00,2025-11-16 11:46:10.661194284,25.043221224622343,Sunday,-1.0,34.0,68.0,1.18,A Tiempo,Mañana,False
2025-11-17 01:42:51.022536,Ruta 2 - Norte,104,12.0,5,50,2025-11-17 01:30:00,2025-11-17 01:31:24.717914268,22.28295834159338,Monday,7.0,41.0,82.0,1.41,A Tiempo,Madrugada,False
2025-11-19 15:52:51.022536,Ruta 2 - Norte,104,4.0,11,40,2025-11-19 15:45:00,2025-11-19 15:45:24.523268826,20.41412259603903,Wednesday,-7.0,34.0,85.0,0.41,A Tiempo,Tarde,False
2025-11-19 18:32:51.022536,Ruta 4 - Este,104,8.0,4,60,2025-11-19 18:30:00,2025-11-19 18:31:03.259104882,27.794432976173745,Wednesday,4.0,38.0,63.33,1.05,A Tiempo,Tarde,True
2025-11-20 00:37:51.022536,Ruta 5 - Oeste,104,6.0,6,60,2025-11-20 00:30:00,2025-11-20 00:32:05.311521408,28.49467372978977,Thursday,0.0,38.0,63.33,2.09,Retraso Leve,Madrugada,False
2025-11-20 16:52:51.022536,Ruta 2 - Norte,104,2.0,6,60,2025-11-20 16:45:00,2025-11-20 16:45:22.331333136,27.386118045480544,Thursday,-4.0,34.0,56.67,0.37,A Tiempo,Tarde,False
2025-11-21 04:12:51.022536,Ruta 3 - Sur,104,3.0,3,60,2025-11-21 04:00:00,2025-11-21 04:02:11.096025486,22.258295294363016,Friday,0.0,34.0,56.67,2.18,Retraso Leve,Madrugada,False
2025-11-21 06:37:51.022536,Ruta 1 - Centro,104,3.0,8,60,2025-11-21 06:30:00,2025-11-21 06:31:49.101168102,19.52586457340596,Friday,-5.0,29.0,48.33,1.82,A Tiempo,Madrugada,False
2025-11-21 16:12:51.022536,Ruta 2 - Norte,104,7.0,9,50,2025-11-21 16:00:00,2025-11-21 16:05:14.772321036,23.63020187531689,Friday,-2.0,27.0,54.0,5.25,Retraso Grave,Tarde,False
2025-11-21 20:02:51.022536,Ruta 3 - Sur,104,12.0,5,40,2025-11-21 20:00:00,2025-11-21 20:03:48.400077606,21.002788657150127,Friday,7.0,34.0,85.0,3.81,Retraso Leve,Noche,False
2025-11-22 05:27:51.022536,Ruta 4 - Este,104,6.0,5,40,2025-11-22 05:15:00,2025-11-22 05:16:38.375099412,23.11300370537186,Saturday,1.0,35.0,87.5,1.64,A Tiempo,Madrugada,False
2025-11-22 06:02:51.022536,Ruta 5 - Oeste,104,7.0,2,40,2025-11-22 06:00:00,2025-11-22 06:01:48.488930124,18.226553085139862,Saturday,5.0,40.0,100.0,1.81,A Tiempo,Madrugada,False
2025-11-22 12:22:51.022536,Ruta 1 - Centro,104,8.0,4,40,2025-11-22 12:15:00,2025-11-22 12:15:40.726098090,23.866526581059208,Saturday,4.0,44.0,100.0,0.68,A Tiempo,Mañana,False
2025-11-23 02:42:51.022536,Ruta 3 - Sur,104,5.0,2,60,2025-11-23 02:30:00,2025-11-23 02:33:29.826112518,30.73146422958259,Sunday,3.0,47.0,78.33,3.5,Retraso Leve,Madrugada,False
2025-11-23 07:12:51.022536,Ruta 3 - Sur,104,7.0,4,40,2025-11-23 07:00:00,2025-11-23 07:03:05.243163444,30.03832031905334,Sunday,3.0,50.0,100.0,3.09,Retraso Leve,Mañana,True
2025-11-23 14:42:51.022536,Ruta 5 - Oeste,104,7.0,6,50,2025-11-23 14:30:00,2025-11-23 14:30:10.415185956,21.33516747470841,Sunday,1.0,51.0,100.0,0.17,A Tiempo,Tarde,False
2025-11-23 17:12:51.022536,Ruta 1 - Centro,104,15.0,4,60,2025-11-23 17:00:00,2025-11-23 17:00:33.190399974,28.670137604009152,Sunday,11.0,62.0,100.0,0.55,A Tiempo,Tarde,True
2025-11-23 17:37:51.022536,Ruta 3 - Sur,104,7.0,5,40,2025-11-23 17:30:00,2025-11-23 17:30:55.086448560,14.496116785808027,Sunday,2.0,64.0,100.0,0.92,A Tiempo,Tarde,True
2025-11-23 23:57:51.022536,Ruta 3 - Sur,104,7.0,4,50,2025-11-23 23:45:00,2025-11-23 23:51:31.358032488,26.412553361636736,Sunday,3.0,67.0,100.0,6.52,Retraso Grave,Noche,False
2025-11-24 08:42:51.022536,Ruta 4 - Este,104,8.0,10,50,2025-11-24 08:30:00,2025-11-24 08:30:07.092456714,29.214357582132862,Monday,-2.0,65.0,100.0,0.12,A Tiempo,Mañana,True
2025-11-24 10:17:51.022536,Ruta 3 - Sur,104,6.0,8,60,2025-11-24 10:15:00,2025-11-24 10:22:36.366647472,34.13845559386391,Monday,-2.0,63.0,100.0,7.61,Retraso Grave,Mañana,False
2025-11-24 11:07:51.022536,Ruta 1 - Centro,104,13.0,5,60,2025-11-24 11:00:00,2025-11-24 11:04:28.891637112,33.44202218630551,Monday,8.0,71.0,100.0,4.48,Retraso Leve,Mañana,False
2025-11-25 14:07:51.022536,Ruta 4 - Este,104,8.0,8,40,2025-11-25 14:00:00,2025-11-25 14:02:29.945605170,23.26900806458196,Tuesday,0.0,71.0,100.0,2.5,Retraso Leve,Tarde,False
2025-11-26 09:57:51.022536,Ruta 4 - Este,104,5.0,10,60,2025-11-26 09:45:00,2025-11-26 09:48:54.431668272,23.24162139080569,Wednesday,-5.0,66.0,100.0,3.91,Retraso Leve,Mañana,True
2025-11-26 16:22:51.022536,Ruta 2 - Norte,104,11.0,9,50,2025-11-26 16:15:00,2025-11-26 16:21:34.773324102,30.49756378552255,Wednesday,2.0,68.0,100.0,6.58,Retraso Grave,Tarde,False
2025-11-09 21:07:51.022536,Ruta 4 - Este,105,11.0,4,60,2025-11-09 21:00:00,2025-11-09 21:01:43.992859194,28.15350428368388,Sunday,7.0,7.0,11.67,1.73,A Tiempo,Noche,False
2025-11-10 04:52:51.022536,Ruta 6 - Express,105,9.0,11,40,2025-11-10 04:45:00,2025-11-10 04:47:47.860405368,25.31758451110041,Monday,-2.0,5.0,12.5,2.8,Retraso Leve,Madrugada,False
2025-11-11 07:52:51.022536,Ruta 5 - Oeste,105,6.0,8,50,2025-11-11 07:45:00,2025-11-11 07:46:13.292917722,17.036508483312677,Tuesday,-2.0,3.0,6.0,1.22,A Tiempo,Mañana,True
2025-11-11 10:32:51.022536,Ruta 2 - Norte,105,12.0,10,60,2025-11-11 10:30:00,2025-11-11 10:34:21.792630612,23.390331540738423,Tuesday,2.0,5.0,8.33,4.36,Retraso Leve,Mañana,False
2025-11-11 20:22:51.022536,Ruta 5 - Oeste,105,3.0,3,40,2025-11-11 20:15:00,2025-11-11 20:17:25.645676646,25.13491132325903,Tuesday,0.0,5.0,12.5,2.43,Retraso Leve,Noche,False
2025-11-11 21:52:51.022536,Ruta 2 - Norte,105,3.0,6,60,2025-11-11 21:45:00,2025-11-11 21:45:21.071073450,23.11361262605076,Tuesday,-3.0,2.0,3.33,0.35,A Tiempo,Noche,False
2025-11-12 13:47:51.022536,Ruta 6 - Express,105,6.0,8,50,2025-11-12 13:45:00,2025-11-12 13:46:44.192687514,28.274257511831685,Wednesday,-2.0,0.0,0.0,1.74,A Tiempo,Tarde,False
2025-11-12 14:47:51.022536,Ruta 3 - Sur,105,7.0,5,40,2025-11-12 14:45:00,2025-11-12 14:45:01.562962932,26.84217360580004,Wednesday,2.0,2.0,5.0,0.03,A Tiempo,Tarde,False
2025-11-12 15:52:51.022536,Ruta 5 - Oeste,105,8.0,6,50,2025-11-12 15:45:00,2025-11-12 15:45:03.359483580,21.846505468884928,Wednesday,2.0,4.0,8.0,0.06,A Tiempo,Tarde,False
2025-11-12 22:37:51.022536,Ruta 3 - Sur,105,7.0,6,60,2025-11-12 22:30:00,2025-11-12 22:34:46.296693018,19.759587931578192,Wednesday,1.0,5.0,8.33,4.77,Retraso Leve,Noche,False
2025-11-12 23:02:51.022536,Ruta 5 - Oeste,105,9.0,4,60,2025-11-12 23:00:00,2025-11-12 23:10:40.698033108,35.95579709516464,Wednesday,5.0,10.0,16.67,10.68,Retraso Grave,Noche,False
2025-11-12 23:47:51.022536,Ruta 2 - Norte,105,10.0,4,40,2025-11-12 23:45:00,2025-11-12 23:48:55.452252342,19.56913916492932,Wednesday,6.0,16.0,40.0,3.92,Retraso Leve,Noche,False
2025-11-13 06:22:51.022536,Ruta 3 - Sur,105,7.0,7,40,2025-11-13 06:15:00,2025-11-13 06:17:42.728495184,32.79516333183429,Thursday,0.0,16.0,40.0,2.71,Retraso Leve,Madrugada,False
2025-11-14 17:02:51.022536,Ruta 4 - Este,105,7.0,6,60,2025-11-14 17:00:00,2025-11-14 17:03:43.854635370,26.657521017206975,Friday,1.0,17.0,28.33,3.73,Retraso Leve,Tarde,True
2025-11-15 05:02:51.022536,Ruta 1 - Centro,105,11.0,4,50,2025-11-15 05:00:00,2025-11-15 05:01:14.895872442,21.212795223124356,Saturday,7.0,24.0,48.0,1.25,A Tiempo,Madrugada,False
2025-11-15 09:07:51.022536,Ruta 3 - Sur,105,8.0,4,40,2025-11-15 09:00:00,2025-11-15 09:01:10.653229644,30.09900433373304,Saturday,4.0,28.0,70.0,1.18,A Tiempo,Mañana,True
2025-11-15 12:22:51.022536,Ruta 3 - Sur,105,9.0,4,50,2025-11-15 12:15:00,2025-11-15 12:17:01.935195306,25.98239693798537,Saturday,5.0,33.0,66.0,2.03,Retraso Leve,Mañana,False
2025-11-15 16:32:51.022536,Ruta 3 - Sur,105,6.0,9,50,2025-11-15 16:30:00,2025-11-15 16:31:10.314185664,21.19560594228565,Saturday,-3.0,30.0,60.0,1.17,A Tiempo,Tarde,False
2025-11-15 19:07:51.022536,Ruta 1 - Centro,105,10.0,5,50,2025-11-15 19:00:00,2025-11-15 19:00:59.633951922,29.21926892422218,Saturday,5.0,35.0,70.0,0.99,A Tiempo,Noche,True
2025-11-16 01:17:51.022536,Ruta 1 - Centro,105,6.0,7,40,2025-11-16 01:15:00,2025-11-16 01:15:28.969785744,20.976131267410985,Sunday,-1.0,34.0,85.0,0.48,A Tiempo,Madrugada,False
2025-11-16 03:47:51.022536,Ruta 1 - Centro,105,14.0,5,50,2025-11-16 03:45:00,2025-11-16 03:46:35.458420278,31.1616231704015,Sunday,9.0,43.0,86.0,1.59,A Tiempo,Madrugada,False
2025-11-16 05:32:51.022536,Ruta 6 - Express,105,9.0,10,50,2025-11-16 05:30:00,2025-11-16 05:31:43.807969590,21.690869410681657,Sunday,-1.0,42.0,84.0,1.73,A Tiempo,Madrugada,False
2025-11-16 05:47:51.022536,Ruta 4 - Este,105,8.0,9,60,2025-11-16 05:45:00,2025-11-16 05:47:27.964098522,24.6601660806132,Sunday,-1.0,41.0,68.33,2.47,Retraso Leve,Madrugada,False
2025-11-16 09:27:51.022536,Ruta 1 - Centro,105,10.0,3,40,2025-11-16 09:15:00,2025-11-16 09:15:08.584918458,24.920437913772247,Sunday,7.0,48.0,100.0,0.14,A Tiempo,Mañana,True
2025-11-16 20:22:51.022536,Ruta 2 - Norte,105,13.0,7,50,2025-11-16 20:15:00,2025-11-16 20:18:37.048861056,31.149871502359314,Sunday,6.0,54.0,100.0,3.62,Retraso Leve,Noche,False
2025-11-16 20:42:51.022536,Ruta 5 - Oeste,105,7.0,6,50,2025-11-16 20:30:00,2025-11-16 20:33:25.879515624,22.985270016060102,Sunday,1.0,55.0,100.0,3.43,Retraso Leve,Noche,False
2025-11-17 08:22:51.022536,Ruta 1 - Centro,105,7.0,8,40,2025-11-17 08:15:00,2025-11-17 08:24:59.100991908,10.359593687756004,Monday,-1.0,54.0,100.0,9.99,Retraso Grave,Mañana,True
2025-11-18 00:32:51.022536,Ruta 6 - Express,105,12.0,3,40,2025-11-18 00:30:00,2025-11-18 00:31:09.052365822,22.32272161617833,Tuesday,9.0,63.0,100.0,1.15,A Tiempo,Madrugada,False
2025-11-18 05:02:51.022536,Ruta 1 - Centro,105,10.0,8,60,2025-11-18 05:00:00,2025-11-18 05:00:05.326044456,30.210463713455574,Tuesday,2.0,65.0,100.0,0.09,A Tiempo,Madrugada,False
2025-11-18 17:22:51.022536,Ruta 5 - Oeste,105,3.0,4,50,2025-11-18 17:15:00,2025-11-18 17:22:25.469139606,16.089090664644985,Tuesday,-1.0,64.0,100.0,7.42,Retraso Grave,Tarde,True
2025-11-18 22:37:51.022536,Ruta 5 - Oeste,105,8.0,8,50,2025-11-18 22:30:00,2025-11-18 22:30:19.706066526,21.402075392389808,Tuesday,0.0,64.0,100.0,0.33,A Tiempo,Noche,False
2025-11-18 23:47:51.022536,Ruta 2 - Norte,105,8.0,6,60,2025-11-18 23:45:00,2025-11-18 23:50:04.761270282,22.030410996249223,Tuesday,2.0,66.0,100.0,5.08,Retraso Grave,Noche,False
2025-11-19 04:52:51.022536,Ruta 4 - Este,105,13.0,4,40,2025-11-19 04:45:00,2025-11-19 04:47:27.486691314,24.161925094863307,Wednesday,9.0,75.0,100.0,2.46,Retraso Leve,Madrugada,False
2025-11-19 08:27:51.022536,Ruta 6 - Express,105,11.0,4,40,2025-11-19 08:15:00,2025-11-19 08:16:34.281473472,23.402116285811854,Wednesday,7.0,82.0,100.0,1.57,A Tiempo,Mañana,True
2025-11-20 15:37:51.022536,Ruta 2 - Norte,105,7.0,5,40,2025-11-20 15:30:00,2025-11-20 15:30:07.729557384,24.539543952188527,Thursday,2.0,84.0,100.0,0.13,A Tiempo,Tarde,False
2025-11-21 10:27:51.022536,Ruta 4 - Este,105,3.0,3,60,2025-11-21 10:15:00,2025-11-21 10:17:32.071702170,31.711476336881454,Friday,0.0,84.0,100.0,2.53,Retraso Leve,Mañana,False
2025-11-21 13:02:51.022536,Ruta 4 - Este,105,8.0,6,50,2025-11-21 13:00:00,2025-11-21 13:01:07.980642996,37.34855562643132,Friday,2.0,86.0,100.0,1.13,A Tiempo,Tarde,False
2025-11-22 14:02:51.022536,Ruta 3 - Sur,105,7.0,8,50,2025-11-22 14:00:00,2025-11-22 14:00:04.132280622,29.706092498312955,Saturday,-1.0,85.0,100.0,0.07,A Tiempo,Tarde,False
2025-11-23 04:27:51.022536,Ruta 5 - Oeste,105,6.0,6,40,2025-11-23 04:15:00,2025-11-23 04:16:43.344768264,22.108260034572933,Sunday,0.0,85.0,100.0,1.72,A Tiempo,Madrugada,False
2025-11-23 19:17:51.022536,Ruta 2 - Norte,105,10.0,9,40,2025-11-23 19:15:00,2025-11-23 19:15:04.806887832,26.205663717949854,Sunday,1.0,86.0,100.0,0.08,A Tiempo,Noche,True
2025-11-23 20:47:51.022536,Ruta 4 - Este,105,7.0,6,60,2025-11-23 20:45:00,2025-11-23 20:47:26.042289540,14.544385325887646,Sunday,1.0,87.0,100.0,2.43,Retraso Leve,Noche,False
2025-11-24 21:12:51.022536,Ruta 1 - Centro,105,7.0,9,40,2025-11-24 21:00:00,2025-11-24 21:03:15.076776846,28.554189553838384,Monday,-2.0,85.0,100.0,3.25,Retraso Leve,Noche,False
2025-11-25 08:52:51.022536,Ruta 1 - Centro,105,14.0,5,50,2025-11-25 08:45:00,2025-11-25 08:46:00.157088400,27.653280488985427,Tuesday,9.0,94.0,100.0,1.0,A Tiempo,Mañana,True
2025-11-25 10:52:51.022536,Ruta 1 - Centro,105,3.0,6,50,2025-11-25 10:45:00,2025-11-25 10:47:12.503300898,23.4075854523633,Tuesday,-3.0,91.0,100.0,2.21,Retraso Leve,Mañana,False
2025-11-25 20:12:51.022536,Ruta 1 - Centro,105,6.0,7,50,2025-11-25 20:00:00,2025-11-25 20:04:37.842231378,22.104770029801134,Tuesday,-1.0,90.0,100.0,4.63,Retraso Leve,Noche,False
2025-11-25 21:27:51.022536,Ruta 6 - Express,105,4.0,8,60,2025-11-25 21:15:00,2025-11-25 21:15:40.244134188,26.542267757015807,Tuesday,-4.0,86.0,100.0,0.67,A Tiempo,Noche,False
2025-11-26 02:47:51.022536,Ruta 2 - Norte,105,6.0,5,50,2025-11-26 02:45:00,2025-11-26 02:47:44.848674240,29.12113971176128,Wednesday,1.0,87.0,100.0,2.75,Retraso Leve,Madrugada,False
2025-11-26 14:37:51.022536,Ruta 4 - Este,105,6.0,6,50,2025-11-26 14:30:00,2025-11-26 14:33:51.183901500,20.2447024925795,Wednesday,0.0,87.0,100.0,3.85,Retraso Leve,Tarde,False
2025-11-26 22:32:51.022536,Ruta 4 - Este,105,7.0,3,60,2025-11-26 22:30:00,2025-11-26 22:30:38.161600902,24.6485560620809,Wednesday,4.0,91.0,100.0,0.64,A Tiempo,Noche,False
2025-11-10 02:17:51.022536,Ruta 3 - Sur,106,15.0,4,60,2025-11-10 02:15:00,2025-11-10 02:16:09.333428826,15.69960335795484,Monday,11.0,11.0,18.33,1.16,A Tiempo,Madrugada,False
2025-11-10 19:17:51.022536,Ruta 6 - Express,106,6.0,14,50,2025-11-10 19:15:00,2025-11-10 19:16:41.063967036,17.50385660307197,Monday,-8.0,3.0,6.0,1.68,A Tiempo,Noche,True
2025-11-12 16:42:51.022536,Ruta 6 - Express,106,8.0,5,50,2025-11-12 16:30:00,2025-11-12 16:32:06.354474102,20.11514204654803,Wednesday,3.0,6.0,12.0,2.11,Retraso Leve,Tarde,False
2025-11-13 05:02:51.022536,Ruta 6 - Express,106,5.0,10,60,2025-11-13 05:00:00,2025-11-13 05:00:24.386454450,29.52784054912476,Thursday,-5.0,1.0,1.67,0.41,A Tiempo,Madrugada,False
2025-11-13 07:42:51.022536,Ruta 3 - Sur,106,8.0,6,50,2025-11-13 07:30:00,2025-11-13 07:31:23.596332408,30.24530301660507,Thursday,2.0,3.0,6.0,1.39,A Tiempo,Mañana,True
2025-11-13 15:52:51.022536,Ruta 2 - Norte,106,7.0,6,40,2025-11-13 15:45:00,2025-11-13 15:47:57.686002254,31.460182306333277,Thursday,1.0,4.0,10.0,2.96,Retraso Leve,Tarde,False
2025-11-14 17:52:51.022536,Ruta 2 - Norte,106,7.0,4,40,2025-11-14 17:45:00,2025-11-14 17:45:29.811855822,25.9516432474982,Friday,3.0,7.0,17.5,0.5,A Tiempo,Tarde,True
2025-11-14 19:47:51.022536,Ruta 3 - Sur,106,9.0,4,40,2025-11-14 19:45:00,2025-11-14 19:46:16.093196153,34.01480485130233,Friday,5.0,12.0,30.0,1.27,A Tiempo,Noche,True
2025-11-14 22:52:51.022536,Ruta 3 - Sur,106,10.0,1,40,2025-11-14 22:45:00,2025-11-14 22:45:47.124399246,26.77288546590912,Friday,9.0,21.0,52.5,0.79,A Tiempo,Noche,False
2025-11-14 23:32:51.022536,Ruta 5 - Oeste,106,11.0,10,50,2025-11-14 23:30:00,2025-11-14 23:31:47.121734508,17.090292262314158,Friday,1.0,22.0,44.0,1.79,A Tiempo,Noche,False
2025-11-15 07:32:51.022536,Ruta 4 - Este,106,10.0,8,60,2025-11-15 07:30:00,2025-11-15 07:35:50.660800308,30.02625431801994,Saturday,2.0,24.0,40.0,5.84,Retraso Grave,Mañana,True
2025-11-16 03:22:51.022536,Ruta 2 - Norte,106,12.0,4,50,2025-11-16 03:15:00,2025-11-16 03:15:04.311205080,20.03406886118952,Sunday,8.0,32.0,64.0,0.07,A Tiempo,Madrugada,False
2025-11-16 18:27:51.022536,Ruta 2 - Norte,106,10.0,11,60,2025-11-16 18:15:00,2025-11-16 18:15:04.608092424,25.65412581818866,Sunday,-1.0,31.0,51.67,0.08,A Tiempo,Tarde,True
2025-11-16 19:52:51.022536,Ruta 4 - Este,106,6.0,1,60,2025-11-16 19:45:00,2025-11-16 19:47:43.377962910,24.02251306219693,Sunday,5.0,36.0,60.0,2.72,Retraso Leve,Noche,True
2025-11-17 00:02:51.022536,Ruta 1 - Centro,106,8.0,6,50,2025-11-17 00:00:00,2025-11-17 00:00:54.641030172,28.84506107477954,Monday,2.0,38.0,76.0,0.91,A Tiempo,Madrugada,False
2025-11-17 14:22:51.022536,Ruta 2 - Norte,106,8.0,4,50,2025-11-17 14:15:00,2025-11-17 14:23:45.407277300,27.34187794474401,Monday,4.0,42.0,84.0,8.76,Retraso Grave,Tarde,False
2025-11-17 22:07:51.022536,Ruta 2 - Norte,106,7.0,5,50,2025-11-17 22:00:00,2025-11-17 22:02:03.513897084,27.57010447274535,Monday,2.0,44.0,88.0,2.06,Retraso Leve,Noche,False
2025-11-18 01:07:51.022536,Ruta 6 - Express,106,13.0,9,50,2025-11-18 01:00:00,2025-11-18 01:00:50.086444608,33.02806068870079,Tuesday,4.0,48.0,96.0,0.83,A Tiempo,Madrugada,False
2025-11-18 04:32:51.022536,Ruta 4 - Este,106,6.0,3,50,2025-11-18 04:30:00,2025-11-18 04:31:01.209746046,23.72905042201128,Tuesday,3.0,51.0,100.0,1.02,A Tiempo,Madrugada,False
2025-11-18 15:47:51.022536,Ruta 6 - Express,106,11.0,5,40,2025-11-18 15:45:00,2025-11-18 15:45:22.106565708,20.38906963096622,Tuesday,6.0,57.0,100.0,0.37,A Tiempo,Tarde,False
2025-11-19 00:12:51.022536,Ruta 1 - Centro,106,7.0,7,50,2025-11-19 00:00:00,2025-11-19 00:01:55.640904042,27.721908862667338,Wednesday,0.0,57.0,100.0,1.93,A Tiempo,Madrugada,False
2025-11-19 07:27:51.022536,Ruta 1 - Centro,106,4.0,9,60,2025-11-19 07:15:00,2025-11-19 07:19:45.960271368,19.809494097318638,Wednesday,-5.0,52.0,86.67,4.77,Retraso Leve,Mañana,True
2025-11-19 17:27:51.022536,Ruta 6 - Express,106,9.0,4,50,2025-11-19 17:15:00,2025-11-19 17:27:32.806165170,31.9587209218704,Wednesday,5.0,57.0,100.0,12.55,Retraso Grave,Tarde,True
2025-11-19 19:17:51.022536,Ruta 2 - Norte,106,11.0,7,60,2025-11-19 19:15:00,2025-11-19 19:16:41.276149992,23.20112013233461,Wednesday,4.0,61.0,100.0,1.69,A Tiempo,Noche,True
2025-11-20 11:07:51.022536,Ruta 1 - Centro,106,13.0,9,40,2025-11-20 11:00:00,2025-11-20 11:00:42.352493340,37.13120211120913,Thursday,4.0,65.0,100.0,0.71,A Tiempo,Mañana,False
2025-11-20 19:42:51.022536,Ruta 6 - Express,106,9.0,4,40,2025-11-20 19:30:00,2025-11-20 19:35:35.996955960,24.96884685284247,Thursday,5.0,70.0,100.0,5.6,Retraso Grave,Noche,True
2025-11-21 06:17:51.022536,Ruta 3 - Sur,106,6.0,2,40,2025-11-21 06:15:00,2025-11-21 06:16:10.315289352,27.93337958269992,Friday,4.0,74.0,100.0,1.17,A Tiempo,Madrugada,False
2025-11-21 09:47:51.022536,Ruta 5 - Oeste,106,10.0,10,60,2025-11-21 09:45:00,2025-11-21 09:48:54.013447878,22.57959372332309,Friday,0.0,74.0,100.0,3.9,Retraso Leve,Mañana,True
2025-11-21 23:12:51.022536,Ruta 1 - Centro,106,13.0,3,40,2025-11-21 23:00:00,2025-11-21 23:00:47.766844380,26.03250774408937,Friday,10.0,84.0,100.0,0.8,A Tiempo,Noche,False
2025-11-22 12:32:51.022536,Ruta 2 - Norte,106,14.0,6,40,2025-11-22 12:30:00,2025-11-22 12:30:27.760950792,17.7861260349682,Saturday,8.0,92.0,100.0,0.46,A Tiempo,Mañana,False
2025-11-22 19:37:51.022536,Ruta 3 - Sur,106,9.0,3,40,2025-11-22 19:30:00,2025-11-22 19:31:03.040526112,19.680074522096923,Saturday,6.0,98.0,100.0,1.05,A Tiempo,Noche,True
2025-11-23 02:22:51.022536,Ruta 2 - Norte,106,5.0,2,50,2025-11-23 02:15:00,2025-11-23 02:17:08.303212374,20.8849516456717,Sunday,3.0,101.0,100.0,2.14,Retraso Leve,Madrugada,False
2025-11-23 16:47:51.022536,Ruta 4 - Este,106,4.0,6,60,2025-11-23 16:45:00,2025-11-23 16:45:02.892193152,24.51009673563823,Sunday,-2.0,99.0,100.0,0.05,A Tiempo,Tarde,False
2025-11-24 14:57:51.022536,Ruta 4 - Este,106,5.0,12,60,2025-11-24 14:45:00,2025-11-24 14:45:51.358014558,28.84895884824861,Monday,-7.0,92.0,100.0,0.86,A Tiempo,Tarde,False
2025-11-24 20:02:51.022536,Ruta 4 - Este,106,7.0,5,50,2025-11-24 20:00:00,2025-11-24 20:02:39.902146608,29.05879104625249,Monday,2.0,94.0,100.0,2.67,Retraso Leve,Noche,False
2025-11-25 10:02:51.022536,Ruta 3 - Sur,106,8.0,10,50,2025-11-25 10:00:00,2025-11-25 10:00:48.836445360,29.96883978056013,Tuesday,-2.0,92.0,100.0,0.81,A Tiempo,Mañana,False
2025-11-25 15:07:51.022536,Ruta 2 - Norte,106,1.0,7,50,2025-11-25 15:00:00,2025-11-25 15:00:58.741784328,28.065704872870384,Tuesday,-6.0,86.0,100.0,0.98,A Tiempo,Tarde,False
2025-11-25 16:02:51.022536,Ruta 5 - Oeste,106,7.0,5,40,2025-11-25 16:00:00,2025-11-25 16:00:28.033069794,8.008707098992264,Tuesday,2.0,88.0,100.0,0.47,A Tiempo,Tarde,False
2025-11-25 16:52:51.022536,Ruta 3 - Sur,106,7.0,4,60,2025-11-25 16:45:00,2025-11-25 16:45:12.617119830,28.637770320394143,Tuesday,3.0,91.0,100.0,0.21,A Tiempo,Tarde,False
2025-11-26 05:57:51.022536,Ruta 6 - Express,106,8.0,6,60,2025-11-26 05:45:00,2025-11-26 05:45:29.082872334,26.30647857723063,Wednesday,2.0,93.0,100.0,0.48,A Tiempo,Madrugada,False
2025-11-26 06:47:51.022536,Ruta 3 - Sur,106,8.0,2,50,2025-11-26 06:45:00,2025-11-26 06:46:45.102145062,20.323177019607947,Wednesday,6.0,99.0,100.0,1.75,A Tiempo,Madrugada,False
2025-11-26 18:52:51.022536,Ruta 5 - Oeste,106,10.0,3,40,2025-11-26 18:45:00,2025-11-26 18:45:12.143959590,24.85944981307849,Wednesday,7.0,106.0,100.0,0.2,A Tiempo,Tarde,True
2025-11-27 00:17:51.022536,Ruta 6 - Express,106,8.0,5,40,2025-11-27 00:15:00,2025-11-27 00:15:36.667747086,19.22429033448768,Thursday,3.0,109.0,100.0,0.61,A Tiempo,Madrugada,False
2025-11-09 19:32:51.022536,Ruta 2 - Norte,107,7.0,7,60,2025-11-09 19:30:00,2025-11-09 19:33:01.375009044,18.714838079840497,Sunday,0.0,0.0,0.0,3.02,Retraso Leve,Noche,True
2025-11-09 22:57:51.022536,Ruta 6 - Express,107,6.0,5,50,2025-11-09 22:45:00,2025-11-09 22:45:07.434572484,23.068790022767686,Sunday,1.0,1.0,2.0,0.12,A Tiempo,Noche,False
2025-11-10 03:37:51.022536,Ruta 5 - Oeste,107,9.0,6,60,2025-11-10 03:30:00,2025-11-10 03:30:24.597864246,30.69411871218351,Monday,3.0,4.0,6.67,0.41,A Tiempo,Madrugada,False
2025-11-10 05:37:51.022536,Ruta 4 - Este,107,7.0,5,60,2025-11-10 05:30:00,2025-11-10 05:30:24.434934576,22.248653109425604,Monday,2.0,6.0,10.0,0.41,A Tiempo,Madrugada,False
2025-11-10 18:22:51.022536,Ruta 3 - Sur,107,8.0,3,50,2025-11-10 18:15:00,2025-11-10 18:16:31.632610536,23.17715546763456,Monday,5.0,11.0,22.0,1.53,A Tiempo,Tarde,True
2025-11-10 20:47:51.022536,Ruta 1 - Centro,107,5.0,3,40,2025-11-10 20:45:00,2025-11-10 20:45:05.560385460,22.10091088269766,Monday,2.0,13.0,32.5,0.09,A Tiempo,Noche,False
2025-11-10 23:52:51.022536,Ruta 2 - Norte,107,5.0,11,40,2025-11-10 23:45:00,2025-11-10 23:47:43.811375394,22.177737961161423,Monday,-6.0,7.0,17.5,2.73,Retraso Leve,Noche,False
2025-11-11 14:07:51.022536,Ruta 2 - Norte,107,12.0,5,40,2025-11-11 14:00:00,2025-11-11 14:03:22.122976806,26.04474059902727,Tuesday,7.0,14.0,35.0,3.37,Retraso Leve,Tarde,False
2025-11-11 18:42:51.022536,Ruta 2 - Norte,107,8.0,6,40,2025-11-11 18:30:00,2025-11-11 18:32:55.310365206,25.60984394705289,Tuesday,2.0,16.0,40.0,2.92,Retraso Leve,Tarde,True
2025-11-12 12:47:51.022536,Ruta 4 - Este,107,4.0,2,40,2025-11-12 12:45:00,2025-11-12 12:45:30.095720832,19.94203918464107,Wednesday,2.0,18.0,45.0,0.5,A Tiempo,Mañana,False
2025-11-12 20:27:51.022536,Ruta 1 - Centro,107,8.0,12,40,2025-11-12 20:15:00,2025-11-12 20:15:10.483313406,28.0982878708378,Wednesday,-4.0,14.0,35.0,0.17,A Tiempo,Noche,False
2025-11-12 21:07:51.022536,Ruta 1 - Centro,107,7.0,7,60,2025-11-12 21:00:00,2025-11-12 21:08:34.661622828,24.274855160988334,Wednesday,0.0,14.0,23.33,8.58,Retraso Grave,Noche,False
2025-11-13 08:42:51.022536,Ruta 1 - Centro,107,9.0,5,40,2025-11-13 08:30:00,2025-11-13 08:30:35.968798152,23.499635345923465,Thursday,4.0,18.0,45.0,0.6,A Tiempo,Mañana,True
2025-11-14 12:02:51.022536,Ruta 3 - Sur,107,9.0,5,60,2025-11-14 12:00:00,2025-11-14 12:01:00.038234016,34.0737540715861,Friday,4.0,22.0,36.67,1.0,A Tiempo,Mañana,False
2025-11-15 01:22:51.022536,Ruta 5 - Oeste,107,9.0,7,40,2025-11-15 01:15:00,2025-11-15 01:15:11.610918072,27.468611691237385,Saturday,2.0,24.0,60.0,0.19,A Tiempo,Madrugada,False
2025-11-15 12:57:51.022536,Ruta 2 - Norte,107,12.0,11,60,2025-11-15 12:45:00,2025-11-15 12:46:54.465335574,25.698210452558698,Saturday,1.0,25.0,41.67,1.91,A Tiempo,Mañana,False
2025-11-15 13:02:51.022536,Ruta 4 - Este,107,6.0,8,50,2025-11-15 13:00:00,2025-11-15 13:01:09.062295042,30.15094302425973,Saturday,-2.0,23.0,46.0,1.15,A Tiempo,Tarde,False
2025-11-15 13:42:51.022536,Ruta 4 - Este,107,7.0,5,40,2025-11-15 13:30:00,2025-11-15 13:32:04.303549650,27.661957516881547,Saturday,2.0,25.0,62.5,2.07,Retraso Leve,Tarde,False
2025-11-15 19:02:51.022536,Ruta 3 - Sur,107,7.0,5,40,2025-11-15 19:00:00,2025-11-15 19:01:00.762779214,20.74438627861088,Saturday,2.0,27.0,67.5,1.01,A Tiempo,Noche,True
2025-11-16 12:47:51.022536,Ruta 6 - Express,107,7.0,10,40,2025-11-16 12:45:00,2025-11-16 12:53:19.950474084,32.99667199207498,Sunday,-3.0,24.0,60.0,8.33,Retraso Grave,Mañana,False
2025-11-17 03:47:51.022536,Ruta 3 - Sur,107,9.0,8,50,2025-11-17 03:45:00,2025-11-17 03:47:10.697389212,26.52079696068454,Monday,1.0,25.0,50.0,2.18,Retraso Leve,Madrugada,False
2025-11-17 06:07:51.022536,Ruta 3 - Sur,107,10.0,3,40,2025-11-17 06:00:00,2025-11-17 06:01:36.197529750,30.144495913533287,Monday,7.0,32.0,80.0,1.6,A Tiempo,Madrugada,False
2025-11-19 04:57:51.022536,Ruta 1 - Centro,107,8.0,1,50,2025-11-19 04:45:00,2025-11-19 04:55:00.045450624,20.62702606203464,Wednesday,7.0,39.0,78.0,10.0,Retraso Grave,Madrugada,False
2025-11-19 05:37:51.022536,Ruta 6 - Express,107,3.0,4,50,2025-11-19 05:30:00,2025-11-19 05:39:06.104447928,26.53651914123988,Wednesday,-1.0,38.0,76.0,9.1,Retraso Grave,Madrugada,False
2025-11-19 06:12:51.022536,Ruta 6 - Express,107,7.0,8,40,2025-11-19 06:00:00,2025-11-19 06:02:22.283042760,27.129427415691733,Wednesday,-1.0,37.0,92.5,2.37,Retraso Leve,Madrugada,False
2025-11-19 15:37:51.022536,Ruta 6 - Express,107,5.0,7,40,2025-11-19 15:30:00,2025-11-19 15:30:44.417357520,24.997218235517664,Wednesday,-2.0,35.0,87.5,0.74,A Tiempo,Tarde,False
2025-11-20 12:42:51.022536,Ruta 6 - Express,107,5.0,6,40,2025-11-20 12:30:00,2025-11-20 12:31:02.307882042,25.550357696854125,Thursday,-1.0,34.0,85.0,1.04,A Tiempo,Mañana,False
2025-11-22 08:07:51.022536,Ruta 1 - Centro,107,3.0,6,60,2025-11-22 08:00:00,2025-11-22 08:01:50.986876110,27.6972211306864,Saturday,-3.0,31.0,51.67,1.85,A Tiempo,Mañana,True
2025-11-22 08:57:51.022536,Ruta 2 - Norte,107,12.0,6,40,2025-11-22 08:45:00,2025-11-22 08:47:41.750314128,12.930725937172994,Saturday,6.0,37.0,92.5,2.7,Retraso Leve,Mañana,True
2025-11-23 06:57:51.022536,Ruta 6 - Express,107,9.0,11,60,2025-11-23 06:45:00,2025-11-23 06:45:40.937603250,23.47027230968495,Sunday,-2.0,35.0,58.33,0.68,A Tiempo,Madrugada,False
2025-11-23 14:07:51.022536,Ruta 2 - Norte,107,8.0,7,40,2025-11-23 14:00:00,2025-11-23 14:01:09.902691438,33.043972446161845,Sunday,1.0,36.0,90.0,1.17,A Tiempo,Tarde,False
2025-11-25 04:32:51.022536,Ruta 3 - Sur,107,11.0,11,50,2025-11-25 04:30:00,2025-11-25 04:32:38.026780644,23.456083824537583,Tuesday,0.0,36.0,72.0,2.63,Retraso Leve,Madrugada,False
2025-11-25 13:37:51.022536,Ruta 3 - Sur,107,9.0,4,60,2025-11-25 13:30:00,2025-11-25 13:30:52.169937828,28.45397626827651,Tuesday,5.0,41.0,68.33,0.87,A Tiempo,Tarde,False
2025-11-25 22:17:51.022536,Ruta 4 - Este,107,13.0,6,60,2025-11-25 22:15:00,2025-11-25 22:15:51.843676476,25.543409606676256,Tuesday,7.0,48.0,80.0,0.86,A Tiempo,Noche,False
2025-11-26 00:12:51.022536,Ruta 2 - Norte,107,4.0,7,50,2025-11-26 00:00:00,2025-11-26 00:01:44.560892574,23.539077393124405,Wednesday,-3.0,45.0,90.0,1.74,A Tiempo,Madrugada,False
2025-11-26 00:42:51.022536,Ruta 4 - Este,107,3.0,7,50,2025-11-26 00:30:00,2025-11-26 00:31:05.371084944,32.95482131092163,Wednesday,-4.0,41.0,82.0,1.09,A Tiempo,Madrugada,False
2025-11-26 03:17:51.022536,Ruta 2 - Norte,107,7.0,5,60,2025-11-26 03:15:00,2025-11-26 03:16:15.489956286,36.27659867159751,Wednesday,2.0,43.0,71.67,1.26,A Tiempo,Madrugada,False
2025-11-26 11:12:51.022536,Ruta 2 - Norte,107,14.0,3,50,2025-11-26 11:00:00,2025-11-26 11:02:16.071863238,24.733743257617714,Wednesday,11.0,54.0,100.0,2.27,Retraso Leve,Mañana,False
2025-11-26 11:57:51.022536,Ruta 5 - Oeste,107,11.0,8,50,2025-11-26 11:45:00,2025-11-26 11:45:13.880519778,23.683668462449408,Wednesday,3.0,57.0,100.0,0.23,A Tiempo,Mañana,False
2025-11-26 12:42:51.022536,Ruta 5 - Oeste,107,9.0,6,60,2025-11-26 12:30:00,2025-11-26 12:31:13.516347318,20.229183279415864,Wednesday,3.0,60.0,100.0,1.23,A Tiempo,Mañana,False
2025-11-26 15:22:51.022536,Ruta 6 - Express,107,5.0,9,40,2025-11-26 15:15:00,2025-11-26 15:18:14.764343364,23.91377019224795,Wednesday,-4.0,56.0,100.0,3.25,Retraso Leve,Tarde,False
2025-11-26 17:17:51.022536,Ruta 3 - Sur,107,13.0,3,50,2025-11-26 17:15:00,2025-11-26 17:18:29.514086460,9.417097862851524,Wednesday,10.0,66.0,100.0,3.49,Retraso Leve,Tarde,True
2025-11-09 18:47:51.022536,Ruta 3 - Sur,108,8.0,8,60,2025-11-09 18:45:00,2025-11-09 18:45:29.061100344,20.641670608544533,Sunday,0.0,0.0,0.0,0.48,A Tiempo,Tarde,True
2025-11-09 20:57:51.022536,Ruta 6 - Express,108,9.0,8,60,2025-11-09 20:45:00,2025-11-09 20:47:33.333165444,23.33855846965042,Sunday,1.0,1.0,1.67,2.56,Retraso Leve,Noche,False
2025-11-11 03:57:51.022536,Ruta 4 - Este,108,8.0,6,60,2025-11-11 03:45:00,2025-11-11 03:45:53.653472328,28.983414344729063,Tuesday,2.0,3.0,5.0,0.89,A Tiempo,Madrugada,False
2025-11-11 05:22:51.022536,Ruta 3 - Sur,108,3.0,4,40,2025-11-11 05:15:00,2025-11-11 05:19:47.173129890,17.359306302741807,Tuesday,-1.0,2.0,5.0,4.79,Retraso Leve,Madrugada,False
2025-11-11 17:27:51.022536,Ruta 5 - Oeste,108,2.0,7,60,2025-11-11 17:15:00,2025-11-11 17:15:33.817200174,19.71772369334387,Tuesday,-5.0,0.0,0.0,0.56,A Tiempo,Tarde,True
2025-11-11 18:07:51.022536,Ruta 3 - Sur,108,9.0,6,40,2025-11-11 18:00:00,2025-11-11 18:00:19.439816370,22.364317280628743,Tuesday,3.0,0.0,0.0,0.32,A Tiempo,Tarde,True
2025-11-12 01:12:51.022536,Ruta 5 - Oeste,108,5.0,2,40,2025-11-12 01:00:00,2025-11-12 01:00:03.867364080,27.310210901449604,Wednesday,3.0,3.0,7.5,0.06,A Tiempo,Madrugada,False
2025-11-13 01:52:51.022536,Ruta 1 - Centro,108,6.0,4,40,2025-11-13 01:45:00,2025-11-13 01:45:05.948043882,28.784859795773063,Thursday,2.0,5.0,12.5,0.1,A Tiempo,Madrugada,False
2025-11-13 14:12:51.022536,Ruta 2 - Norte,108,6.0,12,40,2025-11-13 14:00:00,2025-11-13 14:01:02.964388566,17.46717448126882,Thursday,-6.0,0.0,0.0,1.05,A Tiempo,Tarde,False
2025-11-13 15:42:51.022536,Ruta 6 - Express,108,7.0,7,40,2025-11-13 15:30:00,2025-11-13 15:30:53.884449762,31.18786382012612,Thursday,0.0,0.0,0.0,0.9,A Tiempo,Tarde,False
2025-11-14 15:17:51.022536,Ruta 1 - Centro,108,8.0,6,40,2025-11-14 15:15:00,2025-11-14 15:15:07.265682324,26.64822288099713,Friday,2.0,1.0,2.5,0.12,A Tiempo,Tarde,False
2025-11-15 06:27:51.022536,Ruta 5 - Oeste,108,6.0,6,40,2025-11-15 06:15:00,2025-11-15 06:15:15.671110134,20.97281316126979,Saturday,0.0,1.0,2.5,0.26,A Tiempo,Madrugada,False
2025-11-15 10:22:51.022536,Ruta 4 - Este,108,7.0,5,60,2025-11-15 10:15:00,2025-11-15 10:17:27.958356486,26.77896398329905,Saturday,2.0,3.0,5.0,2.47,Retraso Leve,Mañana,False
2025-11-15 14:07:51.022536,Ruta 2 - Norte,108,11.0,3,50,2025-11-15 14:00:00,2025-11-15 14:00:06.480270630,29.565206704129736,Saturday,8.0,11.0,22.0,0.11,A Tiempo,Tarde,False
2025-11-15 18:12:51.022536,Ruta 2 - Norte,108,16.0,6,40,2025-11-15 18:00:00,2025-11-15 18:01:31.548490998,28.724467444294667,Saturday,10.0,21.0,52.5,1.53,A Tiempo,Tarde,True
2025-11-16 03:57:51.022536,Ruta 5 - Oeste,108,12.0,4,50,2025-11-16 03:45:00,2025-11-16 03:46:36.904487598,20.693671136603623,Sunday,8.0,29.0,58.0,1.62,A Tiempo,Madrugada,False
2025-11-16 10:57:51.022536,Ruta 4 - Este,108,9.0,4,50,2025-11-16 10:45:00,2025-11-16 10:45:42.869295078,21.03089671430833,Sunday,5.0,34.0,68.0,0.71,A Tiempo,Mañana,False
2025-11-16 11:02:51.022536,Ruta 1 - Centro,108,12.0,8,40,2025-11-16 11:00:00,2025-11-16 11:00:29.798258598,31.74633311844749,Sunday,4.0,38.0,95.0,0.5,A Tiempo,Mañana,False
2025-11-16 13:02:51.022536,Ruta 2 - Norte,108,12.0,7,60,2025-11-16 13:00:00,2025-11-16 13:00:28.501445100,27.151323863610266,Sunday,5.0,43.0,71.67,0.48,A Tiempo,Tarde,False
2025-11-16 23:17:51.022536,Ruta 2 - Norte,108,8.0,5,60,2025-11-16 23:15:00,2025-11-16 23:15:42.154784232,24.10258443160935,Sunday,3.0,46.0,76.67,0.7,A Tiempo,Noche,False
2025-11-17 09:37:51.022536,Ruta 6 - Express,108,11.0,4,60,2025-11-17 09:30:00,2025-11-17 09:32:01.587501354,20.544038440630164,Monday,7.0,53.0,88.33,2.03,Retraso Leve,Mañana,True
2025-11-17 15:22:51.022536,Ruta 3 - Sur,108,5.0,6,40,2025-11-17 15:15:00,2025-11-17 15:18:12.796909350,20.914555350101608,Monday,-1.0,52.0,100.0,3.21,Retraso Leve,Tarde,False
2025-11-18 09:57:51.022536,Ruta 5 - Oeste,108,7.0,8,60,2025-11-18 09:45:00,2025-11-18 09:48:45.522493860,20.568878812501872,Tuesday,-1.0,51.0,85.0,3.76,Retraso Leve,Mañana,True
2025-11-18 12:37:51.022536,Ruta 1 - Centro,108,6.0,3,60,2025-11-18 12:30:00,2025-11-18 12:31:48.777943638,30.821932702607388,Tuesday,3.0,54.0,90.0,1.81,A Tiempo,Mañana,False
2025-11-19 01:07:51.022536,Ruta 2 - Norte,108,8.0,3,60,2025-11-19 01:00:00,2025-11-19 01:00:43.367732568,21.419515739650304,Wednesday,5.0,59.0,98.33,0.72,A Tiempo,Madrugada,False
2025-11-19 07:32:51.022536,Ruta 2 - Norte,108,9.0,6,40,2025-11-19 07:30:00,2025-11-19 07:35:37.251364452,21.276450861412343,Wednesday,3.0,62.0,100.0,5.62,Retraso Grave,Mañana,True
2025-11-19 22:12:51.022536,Ruta 1 - Centro,108,8.0,3,60,2025-11-19 22:00:00,2025-11-19 22:02:58.031332440,26.567561365354862,Wednesday,5.0,67.0,100.0,2.97,Retraso Leve,Noche,False
2025-11-20 02:07:51.022536,Ruta 6 - Express,108,10.0,8,60,2025-11-20 02:00:00,2025-11-20 02:05:57.124274556,25.42136638844978,Thursday,2.0,69.0,100.0,5.95,Retraso Grave,Madrugada,False
2025-11-20 13:22:51.022536,Ruta 3 - Sur,108,10.0,6,40,2025-11-20 13:15:00,2025-11-20 13:17:17.060363927,23.663589748097632,Thursday,4.0,73.0,100.0,2.28,Retraso Leve,Tarde,False
2025-11-21 00:17:51.022536,Ruta 3 - Sur,108,13.0,6,50,2025-11-21 00:15:00,2025-11-21 00:15:08.326965564,24.355250811411,Friday,7.0,80.0,100.0,0.14,A Tiempo,Madrugada,False
2025-11-21 03:42:51.022536,Ruta 5 - Oeste,108,11.0,7,40,2025-11-21 03:30:00,2025-11-21 03:31:04.922889810,27.323590431353576,Friday,4.0,84.0,100.0,1.08,A Tiempo,Madrugada,False
2025-11-21 10:52:51.022536,Ruta 5 - Oeste,108,7.0,9,40,2025-11-21 10:45:00,2025-11-21 10:46:21.769910796,24.19861356528966,Friday,-2.0,82.0,100.0,1.36,A Tiempo,Mañana,False
2025-11-22 00:37:51.022536,Ruta 3 - Sur,108,6.0,7,40,2025-11-22 00:30:00,2025-11-22 00:32:04.905152664,35.94922794050841,Saturday,-1.0,81.0,100.0,2.08,Retraso Leve,Madrugada,False
2025-11-22 04:12:51.022536,Ruta 2 - Norte,108,10.0,6,40,2025-11-22 04:00:00,2025-11-22 04:00:36.346374684,25.65748697403639,Saturday,4.0,85.0,100.0,0.61,A Tiempo,Madrugada,False
2025-11-22 09:22:51.022536,Ruta 3 - Sur,108,8.0,1,40,2025-11-22 09:15:00,2025-11-22 09:16:49.811875128,27.044853585446077,Saturday,7.0,92.0,100.0,1.83,A Tiempo,Mañana,True
2025-11-23 03:22:51.022536,Ruta 4 - Este,108,10.0,4,40,2025-11-23 03:15:00,2025-11-23 03:15:33.359980746,24.96884685284247,Sunday,6.0,98.0,100.0,0.56,A Tiempo,Madrugada,False
2025-11-23 03:52:51.022536,Ruta 2 - Norte,108,10.0,1,60,2025-11-23 03:45:00,2025-11-23 03:45:08.836252290,27.06659485646041,Sunday,9.0,107.0,100.0,0.15,A Tiempo,Madrugada,False
2025-11-23 07:32:51.022536,Ruta 2 - Norte,108,14.0,8,60,2025-11-23 07:30:00,2025-11-23 07:31:28.171833120,28.48258154192161,Sunday,6.0,113.0,100.0,1.47,A Tiempo,Mañana,True
2025-11-23 08:27:51.022536,Ruta 2 - Norte,108,9.0,6,60,2025-11-23 08:15:00,2025-11-23 08:15:51.196944192,27.077766707371097,Sunday,3.0,116.0,100.0,0.85,A Tiempo,Mañana,True
2025-11-23 09:37:51.022536,Ruta 1 - Centro,108,5.0,4,40,2025-11-23 09:30:00,2025-11-23 09:31:42.961204212,23.43742797779869,Sunday,1.0,117.0,100.0,1.72,A Tiempo,Mañana,True
2025-11-23 22:12:51.022536,Ruta 1 - Centro,108,5.0,5,40,2025-11-23 22:00:00,2025-11-23 22:03:16.005221532,27.258560447029264,Sunday,0.0,117.0,100.0,3.27,Retraso Leve,Noche,False
2025-11-24 04:42:51.022536,Ruta 3 - Sur,108,13.0,6,40,2025-11-24 04:30:00,2025-11-24 04:32:46.286861994,22.98415145414376,Monday,7.0,124.0,100.0,2.77,Retraso Leve,Madrugada,False
2025-11-24 06:37:51.022536,Ruta 3 - Sur,108,5.0,9,40,2025-11-24 06:30:00,2025-11-24 06:30:31.792725959,32.022329851397025,Monday,-4.0,120.0,100.0,0.53,A Tiempo,Madrugada,False
2025-11-24 13:27:51.022536,Ruta 5 - Oeste,108,10.0,6,60,2025-11-24 13:15:00,2025-11-24 13:16:09.915312696,33.73509402253663,Monday,4.0,124.0,100.0,1.17,A Tiempo,Tarde,False
2025-11-24 21:42:51.022536,Ruta 5 - Oeste,108,7.0,2,60,2025-11-24 21:30:00,2025-11-24 21:33:02.115047592,33.26200025013435,Monday,5.0,129.0,100.0,3.04,Retraso Leve,Noche,False
2025-11-25 01:07:51.022536,Ruta 2 - Norte,108,11.0,7,60,2025-11-25 01:00:00,2025-11-25 01:02:48.258108276,17.127657094743327,Tuesday,4.0,133.0,100.0,2.8,Retraso Leve,Madrugada,False
2025-11-25 05:17:51.022536,Ruta 5 - Oeste,108,10.0,5,50,2025-11-25 05:15:00,2025-11-25 05:27:27.577723638,27.77879307108352,Tuesday,5.0,138.0,100.0,12.46,Retraso Grave,Madrugada,False
2025-11-25 07:57:51.022536,Ruta 6 - Express,108,9.0,6,50,2025-11-25 07:45:00,2025-11-25 07:51:34.222923204,30.14152492537931,Tuesday,3.0,141.0,100.0,6.57,Retraso Grave,Mañana,True
2025-11-25 17:27:51.022536,Ruta 1 - Centro,108,10.0,7,50,2025-11-25 17:15:00,2025-11-25 17:22:37.176774984,26.20003299862409,Tuesday,3.0,144.0,100.0,7.62,Retraso Grave,Tarde,True
2025-11-25 22:37:51.022536,Ruta 4 - Este,108,10.0,8,40,2025-11-25 22:30:00,2025-11-25 22:30:00.258280242,26.696578898416927,Tuesday,2.0,146.0,100.0,0.0,A Tiempo,Noche,False
2025-11-26 01:57:51.022536,Ruta 4 - Este,108,10.0,4,50,2025-11-26 01:45:00,2025-11-26 01:45:14.327615436,24.676907998650297,Wednesday,6.0,152.0,100.0,0.24,A Tiempo,Madrugada,False
2025-11-26 16:32:51.022536,Ruta 3 - Sur,108,8.0,9,40,2025-11-26 16:30:00,2025-11-26 16:30:03.965087982,15.285213190970072,Wednesday,-1.0,151.0,100.0,0.07,A Tiempo,Tarde,False
2025-11-09 23:42:51.022536,Ruta 4 - Este,109,7.0,7,60,2025-11-09 23:30:00,2025-11-09 23:31:51.058088898,20.769027325304545,Sunday,0.0,0.0,0.0,1.85,A Tiempo,Noche,False
2025-11-10 09:42:51.022536,Ruta 1 - Centro,109,8.0,6,60,2025-11-10 09:30:00,2025-11-10 09:31:57.805205298,23.74584616195733,Monday,2.0,2.0,3.33,1.96,A Tiempo,Mañana,True
2025-11-10 22:42:51.022536,Ruta 1 - Centro,109,11.0,3,50,2025-11-10 22:30:00,2025-11-10 22:31:36.412795794,20.05153952361381,Monday,8.0,10.0,20.0,1.61,A Tiempo,Noche,False
2025-11-11 00:17:51.022536,Ruta 3 - Sur,109,7.0,3,40,2025-11-11 00:15:00,2025-11-11 00:15:09.431415954,28.20320123796069,Tuesday,4.0,14.0,35.0,0.16,A Tiempo,Madrugada,False
2025-11-11 02:32:51.022536,Ruta 6 - Express,109,8.0,6,60,2025-11-11 02:30:00,2025-11-11 02:32:07.707122052,35.37305295295864,Tuesday,2.0,16.0,26.67,2.13,Retraso Leve,Madrugada,False
2025-11-11 10:52:51.022536,Ruta 4 - Este,109,8.0,4,60,2025-11-11 10:45:00,2025-11-11 10:45:39.484792950,29.551158910053008,Tuesday,4.0,20.0,33.33,0.66,A Tiempo,Mañana,False
2025-11-12 02:27:51.022536,Ruta 5 - Oeste,109,3.0,9,50,2025-11-12 02:15:00,2025-11-12 02:16:07.251352788,21.995550560924475,Wednesday,-6.0,14.0,28.0,1.12,A Tiempo,Madrugada,False
2025-11-12 07:42:51.022536,Ruta 2 - Norte,109,10.0,5,60,2025-11-12 07:30:00,2025-11-12 07:31:14.571200628,25.56717478465749,Wednesday,5.0,19.0,31.67,1.24,A Tiempo,Mañana,True
2025-11-13 04:22:51.022536,Ruta 2 - Norte,109,11.0,5,40,2025-11-13 04:15:00,2025-11-13 04:16:56.205941154,32.03384654084159,Thursday,6.0,25.0,62.5,1.94,A Tiempo,Madrugada,False
2025-11-13 17:12:51.022536,Ruta 5 - Oeste,109,12.0,8,60,2025-11-13 17:00:00,2025-11-13 17:03:32.661252660,26.76150583105829,Thursday,4.0,29.0,48.33,3.54,Retraso Leve,Tarde,True
2025-11-13 22:07:51.022536,Ruta 5 - Oeste,109,5.0,2,60,2025-11-13 22:00:00,2025-11-13 22:01:33.763574585,24.54120647210853,Thursday,3.0,32.0,53.33,1.56,A Tiempo,Noche,False
2025-11-14 00:22:51.022536,Ruta 6 - Express,109,5.0,6,50,2025-11-14 00:15:00,2025-11-14 00:15:49.085984058,18.98328344631849,Friday,-1.0,31.0,62.0,0.82,A Tiempo,Madrugada,False
2025-11-14 02:27:51.022536,Ruta 1 - Centro,109,9.0,14,50,2025-11-14 02:15:00,2025-11-14 02:17:10.830345414,30.664365725764394,Friday,-5.0,26.0,52.0,2.18,Retraso Leve,Madrugada,False
2025-11-14 23:22:51.022536,Ruta 1 - Centro,109,10.0,3,40,2025-11-14 23:15:00,2025-11-14 23:16:51.934194336,26.681883536066795,Friday,7.0,33.0,82.5,1.87,A Tiempo,Noche,False
2025-11-15 11:57:51.022536,Ruta 6 - Express,109,6.0,8,50,2025-11-15 11:45:00,2025-11-15 11:48:03.879820865,33.8993992882262,Saturday,-2.0,31.0,62.0,3.06,Retraso Leve,Mañana,False
2025-11-15 15:12:51.022536,Ruta 3 - Sur,109,12.0,1,40,2025-11-15 15:00:00,2025-11-15 15:07:39.011984988,26.322900633949324,Saturday,11.0,42.0,100.0,7.65,Retraso Grave,Tarde,False
2025-11-16 10:02:51.022536,Ruta 4 - Este,109,9.0,3,60,2025-11-16 10:00:00,2025-11-16 10:00:22.925917212,22.47050525903542,Sunday,6.0,48.0,80.0,0.38,A Tiempo,Mañana,False
2025-11-16 20:02:51.022536,Ruta 2 - Norte,109,10.0,5,50,2025-11-16 20:00:00,2025-11-16 20:01:48.035255910,27.001924023792952,Sunday,5.0,53.0,100.0,1.8,A Tiempo,Noche,False
2025-11-17 23:22:51.022536,Ruta 6 - Express,109,5.0,6,60,2025-11-17 23:15:00,2025-11-17 23:22:19.869308406,17.2713840188054,Monday,-1.0,52.0,86.67,7.33,Retraso Grave,Noche,False
2025-11-18 05:07:51.022536,Ruta 2 - Norte,109,9.0,6,50,2025-11-18 05:00:00,2025-11-18 05:01:33.582668958,26.56800039145601,Tuesday,3.0,55.0,100.0,1.56,A Tiempo,Madrugada,False
2025-11-18 16:47:51.022536,Ruta 3 - Sur,109,3.0,5,40,2025-11-18 16:45:00,2025-11-18 16:47:57.012116346,29.261887095579755,Tuesday,-2.0,53.0,100.0,2.95,Retraso Leve,Tarde,False
2025-11-19 02:32:51.022536,Ruta 5 - Oeste,109,12.0,4,60,2025-11-19 02:30:00,2025-11-19 02:30:03.104442462,31.59301537725212,Wednesday,8.0,61.0,100.0,0.05,A Tiempo,Madrugada,False
2025-11-19 02:57:51.022536,Ruta 3 - Sur,109,6.0,2,60,2025-11-19 02:45:00,2025-11-19 02:45:42.809562054,25.895858593355268,Wednesday,4.0,65.0,100.0,0.71,A Tiempo,Madrugada,False
2025-11-19 05:57:51.022536,Ruta 1 - Centro,109,11.0,7,40,2025-11-19 05:45:00,2025-11-19 05:46:08.308856598,25.826300335578846,Wednesday,4.0,69.0,100.0,1.14,A Tiempo,Madrugada,False
2025-11-19 08:57:51.022536,Ruta 1 - Centro,109,9.0,8,50,2025-11-19 08:45:00,2025-11-19 08:48:08.639449608,28.106468751350995,Wednesday,1.0,70.0,100.0,3.14,Retraso Leve,Mañana,True
2025-11-19 13:12:51.022536,Ruta 1 - Centro,109,7.0,5,50,2025-11-19 13:00:00,2025-11-19 13:00:01.602887616,24.739152272668655,Wednesday,2.0,72.0,100.0,0.03,A Tiempo,Tarde,False
2025-11-20 01:02:51.022536,Ruta 3 - Sur,109,6.0,7,60,2025-11-20 01:00:00,2025-11-20 01:01:14.889412944,19.7065783180403,Thursday,-1.0,71.0,100.0,1.25,A Tiempo,Madrugada,False
2025-11-20 11:42:51.022536,Ruta 4 - Este,109,5.0,9,60,2025-11-20 11:30:00,2025-11-20 11:31:23.248215108,25.81305009036268,Thursday,-4.0,67.0,100.0,1.39,A Tiempo,Mañana,False
2025-11-20 12:12:51.022536,Ruta 3 - Sur,109,10.0,7,60,2025-11-20 12:00:00,2025-11-20 12:01:50.419449714,30.218375186344904,Thursday,3.0,70.0,100.0,1.84,A Tiempo,Mañana,False
2025-11-20 12:17:51.022536,Ruta 1 - Centro,109,9.0,9,40,2025-11-20 12:15:00,2025-11-20 12:16:18.358461738,18.845708342814444,Thursday,0.0,70.0,100.0,1.31,A Tiempo,Mañana,False
2025-11-20 15:27:51.022536,Ruta 3 - Sur,109,9.0,3,50,2025-11-20 15:15:00,2025-11-20 15:16:57.796354728,28.567731591019054,Thursday,6.0,76.0,100.0,1.96,A Tiempo,Tarde,False
2025-11-21 01:32:51.022536,Ruta 3 - Sur,109,5.0,6,50,2025-11-21 01:30:00,2025-11-21 01:31:23.510662728,21.64514474177208,Friday,-1.0,75.0,100.0,1.39,A Tiempo,Madrugada,False
2025-11-21 10:07:51.022536,Ruta 5 - Oeste,109,7.0,4,50,2025-11-21 10:00:00,2025-11-21 10:01:32.067011346,19.85003591029233,Friday,3.0,78.0,100.0,1.53,A Tiempo,Mañana,False
2025-11-21 16:37:51.022536,Ruta 1 - Centro,109,6.0,5,60,2025-11-21 16:30:00,2025-11-21 16:30:55.713480138,18.41267151645761,Friday,1.0,79.0,100.0,0.93,A Tiempo,Tarde,False
2025-11-21 20:37:51.022536,Ruta 4 - Este,109,10.0,4,40,2025-11-21 20:30:00,2025-11-21 20:30:00.768922434,28.218062319017346,Friday,6.0,85.0,100.0,0.01,A Tiempo,Noche,False
2025-11-22 04:42:51.022536,Ruta 3 - Sur,109,6.0,5,50,2025-11-22 04:30:00,2025-11-22 04:30:12.929512560,34.41992904295131,Saturday,1.0,86.0,100.0,0.22,A Tiempo,Madrugada,False
2025-11-22 09:42:51.022536,Ruta 6 - Express,109,12.0,5,40,2025-11-22 09:30:00,2025-11-22 09:38:35.015127156,18.38925656975988,Saturday,7.0,93.0,100.0,8.58,Retraso Grave,Mañana,True
2025-11-22 18:37:51.022536,Ruta 4 - Este,109,3.0,8,40,2025-11-22 18:30:00,2025-11-22 18:32:21.279166872,25.788325481386455,Saturday,-5.0,88.0,100.0,2.35,Retraso Leve,Tarde,True
2025-11-23 22:02:51.022536,Ruta 6 - Express,109,9.0,5,60,2025-11-23 22:00:00,2025-11-23 22:06:54.694806018,21.21884268746036,Sunday,4.0,92.0,100.0,6.91,Retraso Grave,Noche,False
2025-11-25 06:32:51.022536,Ruta 3 - Sur,109,7.0,2,50,2025-11-25 06:30:00,2025-11-25 06:30:34.694268774,18.10782503131245,Tuesday,5.0,97.0,100.0,0.58,A Tiempo,Madrugada,False
2025-11-25 19:17:51.022536,Ruta 6 - Express,109,8.0,9,50,2025-11-25 19:15:00,2025-11-25 19:17:13.354933830,13.99921051524818,Tuesday,-1.0,96.0,100.0,2.22,Retraso Leve,Noche,True
2025-11-26 02:42:51.022536,Ruta 3 - Sur,109,7.0,2,60,2025-11-26 02:30:00,2025-11-26 02:34:34.329396186,27.765574448540217,Wednesday,5.0,101.0,100.0,4.57,Retraso Leve,Madrugada,False
2025-11-26 03:22:51.022536,Ruta 1 - Centro,109,12.0,7,40,2025-11-26 03:15:00,2025-11-26 03:16:57.974727510,17.254163484876653,Wednesday,5.0,106.0,100.0,1.97,A Tiempo,Madrugada,False
2025-11-26 03:47:51.022536,Ruta 2 - Norte,109,9.0,6,60,2025-11-26 03:45:00,2025-11-26 03:49:45.496383912,25.45349060104144,Wednesday,3.0,109.0,100.0,4.76,Retraso Leve,Madrugada,False
2025-11-26 15:52:51.022536,Ruta 6 - Express,109,11.0,9,40,2025-11-26 15:45:00,2025-11-26 15:47:46.652091858,30.17763596924549,Wednesday,2.0,111.0,100.0,2.78,Retraso Leve,Tarde,False
2025-11-26 19:47:51.022536,Ruta 1 - Centro,109,5.0,11,40,2025-11-26 19:45:00,2025-11-26 19:45:25.119328146,19.16702293486015,Wednesday,-6.0,105.0,100.0,0.42,A Tiempo,Noche,True
2025-11-26 20:57:51.022536,Ruta 1 - Centro,109,10.0,7,50,2025-11-26 20:45:00,2025-11-26 20:45:52.564668936,23.90293189013204,Wednesday,3.0,108.0,100.0,0.88,A Tiempo,Noche,False
2025-11-26 23:22:51.022536,Ruta 5 - Oeste,109,6.0,6,60,2025-11-26 23:15:00,2025-11-26 23:15:50.983895610,29.27810343157155,Wednesday,0.0,108.0,100.0,0.85,A Tiempo,Noche,False
2025-11-09 22:42:51.022536,Ruta 6 - Express,110,5.0,4,60,2025-11-09 22:30:00,2025-11-09 22:30:20.548610088,20.38312804406893,Sunday,1.0,1.0,1.67,0.34,A Tiempo,Noche,False
2025-11-09 23:52:51.022536,Ruta 1 - Centro,110,8.0,5,40,2025-11-09 23:45:00,2025-11-09 23:47:23.058403806,23.63777946308563,Sunday,3.0,4.0,10.0,2.38,Retraso Leve,Noche,False
2025-11-10 11:12:51.022536,Ruta 1 - Centro,110,12.0,9,40,2025-11-10 11:00:00,2025-11-10 11:00:57.680721978,26.44214500450792,Monday,3.0,7.0,17.5,0.96,A Tiempo,Mañana,False
2025-11-10 12:52:51.022536,Ruta 2 - Norte,110,9.0,7,40,2025-11-10 12:45:00,2025-11-10 12:45:05.538166050,25.421104383919538,Monday,2.0,9.0,22.5,0.09,A Tiempo,Mañana,False
2025-11-10 21:57:51.022536,Ruta 1 - Centro,110,11.0,12,50,2025-11-10 21:45:00,2025-11-10 21:50:13.632245124,25.07947276078273,Monday,-1.0,8.0,16.0,5.23,Retraso Grave,Noche,False
2025-11-10 23:42:51.022536,Ruta 3 - Sur,110,10.0,8,50,2025-11-10 23:30:00,2025-11-10 23:30:15.923557956,19.822537483692138,Monday,2.0,10.0,20.0,0.27,A Tiempo,Noche,False
2025-11-11 01:57:51.022536,Ruta 4 - Este,110,6.0,8,50,2025-11-11 01:45:00,2025-11-11 01:48:01.093699074,29.18891995509579,Tuesday,-2.0,8.0,16.0,3.02,Retraso Leve,Madrugada,False
2025-11-11 19:22:51.022536,Ruta 5 - Oeste,110,10.0,9,50,2025-11-11 19:15:00,2025-11-11 19:15:07.061433006,27.45551852387417,Tuesday,1.0,9.0,18.0,0.12,A Tiempo,Noche,True
2025-11-11 21:07:51.022536,Ruta 1 - Centro,110,8.0,4,40,2025-11-11 21:00:00,2025-11-11 21:00:03.496110828,27.691050348283817,Tuesday,4.0,13.0,32.5,0.06,A Tiempo,Noche,False
2025-11-12 09:32:51.022536,Ruta 1 - Centro,110,10.0,10,60,2025-11-12 09:30:00,2025-11-12 09:31:57.412843620,24.079866997435595,Wednesday,0.0,13.0,21.67,1.96,A Tiempo,Mañana,True
2025-11-13 00:02:51.022536,Ruta 6 - Express,110,4.0,5,40,2025-11-13 00:00:00,2025-11-13 00:02:17.205764514,24.503567723220936,Thursday,-1.0,12.0,30.0,2.29,Retraso Leve,Madrugada,False
2025-11-13 01:37:51.022536,Ruta 4 - Este,110,3.0,3,40,2025-11-13 01:30:00,2025-11-13 01:34:02.471592354,27.202315950863092,Thursday,0.0,12.0,30.0,4.04,Retraso Leve,Madrugada,False
2025-11-13 04:37:51.022536,Ruta 3 - Sur,110,11.0,5,60,2025-11-13 04:30:00,2025-11-13 04:30:18.534729546,29.645262363047628,Thursday,6.0,18.0,30.0,0.31,A Tiempo,Madrugada,False
2025-11-13 18:22:51.022536,Ruta 2 - Norte,110,12.0,5,40,2025-11-13 18:15:00,2025-11-13 18:19:04.250706600,22.474346095928816,Thursday,7.0,25.0,62.5,4.07,Retraso Leve,Tarde,True
2025-11-14 16:12:51.022536,Ruta 1 - Centro,110,8.0,11,50,2025-11-14 16:00:00,2025-11-14 16:00:24.567364272,35.275750277604686,Friday,-3.0,22.0,44.0,0.41,A Tiempo,Tarde,False
2025-11-14 16:32:51.022536,Ruta 3 - Sur,110,10.0,7,50,2025-11-14 16:30:00,2025-11-14 16:37:36.122508240,24.602463049302877,Friday,3.0,25.0,50.0,7.6,Retraso Grave,Tarde,False
2025-11-14 17:57:51.022536,Ruta 4 - Este,110,9.0,1,60,2025-11-14 17:45:00,2025-11-14 17:47:26.798190132,30.83691276673488,Friday,8.0,33.0,55.0,2.45,Retraso Leve,Tarde,True
2025-11-14 19:52:51.022536,Ruta 2 - Norte,110,9.0,6,40,2025-11-14 19:45:00,2025-11-14 19:46:01.129225656,19.134481405927467,Friday,3.0,36.0,90.0,1.02,A Tiempo,Noche,True
2025-11-15 08:17:51.022536,Ruta 4 - Este,110,8.0,5,40,2025-11-15 08:15:00,2025-11-15 08:15:30.967100940,23.944601244869787,Saturday,3.0,39.0,97.5,0.52,A Tiempo,Mañana,True
2025-11-16 13:12:51.022536,Ruta 1 - Centro,110,7.0,8,60,2025-11-16 13:00:00,2025-11-16 13:00:35.796670152,27.75436232353893,Sunday,-1.0,38.0,63.33,0.6,A Tiempo,Tarde,False
2025-11-19 00:27:51.022536,Ruta 1 - Centro,110,4.0,7,60,2025-11-19 00:15:00,2025-11-19 00:15:08.371836942,33.8792909265124,Wednesday,-3.0,35.0,58.33,0.14,A Tiempo,Madrugada,False
2025-11-19 01:57:51.022536,Ruta 4 - Este,110,11.0,4,60,2025-11-19 01:45:00,2025-11-19 01:45:21.435533994,20.334071823569225,Wednesday,7.0,42.0,70.0,0.36,A Tiempo,Madrugada,False
2025-11-19 05:07:51.022536,Ruta 1 - Centro,110,13.0,3,60,2025-11-19 05:00:00,2025-11-19 05:02:17.802422718,18.535021905434387,Wednesday,10.0,52.0,86.67,2.3,Retraso Leve,Madrugada,False
2025-11-19 05:42:51.022536,Ruta 4 - Este,110,8.0,5,50,2025-11-19 05:30:00,2025-11-19 05:31:13.748927052,18.641493670180225,Wednesday,3.0,55.0,100.0,1.23,A Tiempo,Madrugada,False
2025-11-19 13:32:51.022536,Ruta 1 - Centro,110,8.0,7,60,2025-11-19 13:30:00,2025-11-19 13:32:38.964786090,33.91132555683156,Wednesday,1.0,56.0,93.33,2.65,Retraso Leve,Tarde,False
2025-11-19 20:12:51.022536,Ruta 5 - Oeste,110,9.0,7,50,2025-11-19 20:00:00,2025-11-19 20:00:26.902058502,20.90902082938181,Wednesday,2.0,58.0,100.0,0.45,A Tiempo,Noche,False
2025-11-21 16:22:51.022536,Ruta 1 - Centro,110,9.0,5,40,2025-11-21 16:15:00,2025-11-21 16:18:03.092771064,18.39885660625976,Friday,4.0,62.0,100.0,3.05,Retraso Leve,Tarde,False
2025-11-21 18:32:51.022536,Ruta 2 - Norte,110,4.0,2,40,2025-11-21 18:30:00,2025-11-21 18:30:30.759746940,25.88496993316865,Friday,2.0,64.0,100.0,0.51,A Tiempo,Tarde,True
2025-11-22 01:27:51.022536,Ruta 2 - Norte,110,8.0,7,40,2025-11-22 01:15:00,2025-11-22 01:18:05.041905450,25.48600297402054,Saturday,1.0,65.0,100.0,3.08,Retraso Leve,Madrugada,False
2025-11-22 07:57:51.022536,Ruta 1 - Centro,110,6.0,7,50,2025-11-22 07:45:00,2025-11-22 07:46:53.465192082,30.451103661155123,Saturday,-1.0,64.0,100.0,1.89,A Tiempo,Mañana,True
2025-11-22 17:52:51.022536,Ruta 6 - Express,110,9.0,2,40,2025-11-22 17:45:00,2025-11-22 17:45:48.741716040,22.54777869319117,Saturday,7.0,71.0,100.0,0.81,A Tiempo,Tarde,True
2025-11-23 12:57:51.022536,Ruta 1 - Centro,110,9.0,7,40,2025-11-23 12:45:00,2025-11-23 12:47:34.313276346,33.54852008059636,Sunday,2.0,73.0,100.0,2.57,Retraso Leve,Mañana,False
2025-11-24 00:07:51.022536,Ruta 1 - Centro,110,2.0,3,40,2025-11-24 00:00:00,2025-11-24 00:04:15.765697445,27.61288386283508,Monday,-1.0,72.0,100.0,4.26,Retraso Leve,Madrugada,False
2025-11-24 01:57:51.022536,Ruta 4 - Este,110,9.0,8,40,2025-11-24 01:45:00,2025-11-24 01:45:28.978716228,20.476034952786748,Monday,1.0,73.0,100.0,0.48,A Tiempo,Madrugada,False
2025-11-24 06:47:51.022536,Ruta 6 - Express,110,9.0,5,40,2025-11-24 06:45:00,2025-11-24 06:48:50.797915938,17.641452969855997,Monday,4.0,77.0,100.0,3.85,Retraso Leve,Madrugada,False
2025-11-24 08:02:51.022536,Ruta 1 - Centro,110,8.0,4,60,2025-11-24 08:00:00,2025-11-24 08:02:53.450371980,32.592435267124046,Monday,4.0,81.0,100.0,2.89,Retraso Leve,Mañana,True
2025-11-24 19:27:51.022536,Ruta 5 - Oeste,110,6.0,6,50,2025-11-24 19:15:00,2025-11-24 19:15:29.787070272,22.62375810278396,Monday,0.0,81.0,100.0,0.5,A Tiempo,Noche,True
2025-11-25 02:12:51.022536,Ruta 6 - Express,110,8.0,5,40,2025-11-25 02:00:00,2025-11-25 02:00:39.153113706,19.11694739038782,Tuesday,3.0,84.0,100.0,0.65,A Tiempo,Madrugada,False
2025-11-25 04:42:51.022536,Ruta 1 - Centro,110,6.0,8,50,2025-11-25 04:30:00,2025-11-25 04:33:05.364302142,22.20845213510745,Tuesday,-2.0,82.0,100.0,3.09,Retraso Leve,Madrugada,False
2025-11-25 05:27:51.022536,Ruta 1 - Centro,110,8.0,6,40,2025-11-25 05:15:00,2025-11-25 05:15:18.999183684,23.79599305733693,Tuesday,2.0,84.0,100.0,0.32,A Tiempo,Madrugada,False
2025-11-25 12:42:51.022536,Ruta 5 - Oeste,110,10.0,7,40,2025-11-25 12:30:00,2025-11-25 12:31:59.119567056,21.3336405335883,Tuesday,3.0,87.0,100.0,1.99,A Tiempo,Mañana,False
2025-11-25 16:37:51.022536,Ruta 4 - Este,110,6.0,8,60,2025-11-25 16:30:00,2025-11-25 16:32:12.156905070,25.188625874664613,Tuesday,-2.0,85.0,100.0,2.2,Retraso Leve,Tarde,False
2025-11-26 00:02:51.022536,Ruta 3 - Sur,110,5.0,2,40,2025-11-26 00:00:00,2025-11-26 00:04:35.347798770,16.589146326906196,Wednesday,3.0,88.0,100.0,4.59,Retraso Leve,Madrugada,False
2025-11-26 03:37:51.022536,Ruta 6 - Express,110,9.0,4,40,2025-11-26 03:30:00,2025-11-26 03:31:28.546182474,28.57533778766477,Wednesday,5.0,93.0,100.0,1.48,A Tiempo,Madrugada,False
2025-11-26 04:12:51.022536,Ruta 5 - Oeste,110,7.0,8,60,2025-11-26 04:00:00,2025-11-26 04:00:00.969127541,27.20623648808017,Wednesday,-1.0,92.0,100.0,0.02,A Tiempo,Madrugada,False
2025-11-26 21:02:51.022536,Ruta 3 - Sur,110,11.0,10,50,2025-11-26 21:00:00,2025-11-26 21:01:08.700383646,20.027466843651624,Wednesday,1.0,93.0,100.0,1.15,A Tiempo,Noche,False
2025-11-10 00:27:51.022536,Ruta 4 - Este,111,7.0,6,50,2025-11-10 00:15:00,2025-11-10 00:15:48.373013892,22.286131242354998,Monday,1.0,1.0,2.0,0.81,A Tiempo,Madrugada,False
2025-11-10 06:17:51.022536,Ruta 2 - Norte,111,8.0,6,60,2025-11-10 06:15:00,2025-11-10 06:16:35.077888260,16.388996034454802,Monday,2.0,3.0,5.0,1.58,A Tiempo,Madrugada,False
2025-11-10 12:02:51.022536,Ruta 4 - Este,111,10.0,8,60,2025-11-10 12:00:00,2025-11-10 12:00:12.521717394,21.86188872523682,Monday,2.0,5.0,8.33,0.21,A Tiempo,Mañana,False
2025-11-10 16:17:51.022536,Ruta 4 - Este,111,11.0,4,60,2025-11-10 16:15:00,2025-11-10 16:16:10.900081884,20.68811603332345,Monday,7.0,12.0,20.0,1.18,A Tiempo,Tarde,False
2025-11-10 21:17:51.022536,Ruta 6 - Express,111,8.0,7,60,2025-11-10 21:15:00,2025-11-10 21:17:11.335527786,24.70492351727457,Monday,1.0,13.0,21.67,2.19,Retraso Leve,Noche,False
2025-11-11 18:22:51.022536,Ruta 4 - Este,111,6.0,7,40,2025-11-11 18:15:00,2025-11-11 18:16:00.745042710,25.11044677249344,Tuesday,-1.0,12.0,30.0,1.01,A Tiempo,Tarde,True
2025-11-11 19:02:51.022536,Ruta 4 - Este,111,10.0,4,40,2025-11-11 19:00:00,2025-11-11 19:01:22.440316854,18.41021412852035,Tuesday,6.0,18.0,45.0,1.37,A Tiempo,Noche,True
2025-11-12 04:12:51.022536,Ruta 1 - Centro,111,4.0,5,40,2025-11-12 04:00:00,2025-11-12 04:01:42.420365688,28.357349206765484,Wednesday,-1.0,17.0,42.5,1.71,A Tiempo,Madrugada,False
2025-11-13 08:02:51.022536,Ruta 2 - Norte,111,10.0,8,40,2025-11-13 08:00:00,2025-11-13 08:00:12.578754792,19.417784348759525,Thursday,2.0,19.0,47.5,0.21,A Tiempo,Mañana,True
2025-11-13 18:52:51.022536,Ruta 4 - Este,111,7.0,7,40,2025-11-13 18:45:00,2025-11-13 18:47:24.256751058,28.17201141780904,Thursday,0.0,19.0,47.5,2.4,Retraso Leve,Tarde,True
2025-11-13 20:47:51.022536,Ruta 6 - Express,111,10.0,5,40,2025-11-13 20:45:00,2025-11-13 20:48:05.029675272,25.690686501626686,Thursday,5.0,24.0,60.0,3.08,Retraso Leve,Noche,False
2025-11-13 23:52:51.022536,Ruta 1 - Centro,111,4.0,8,50,2025-11-13 23:45:00,2025-11-13 23:45:20.011258110,25.984133843561096,Thursday,-4.0,20.0,40.0,0.33,A Tiempo,Noche,False
2025-11-14 02:02:51.022536,Ruta 6 - Express,111,10.0,10,50,2025-11-14 02:00:00,2025-11-14 02:02:02.188322250,22.5265228358615,Friday,0.0,20.0,40.0,2.04,Retraso Leve,Madrugada,False
2025-11-14 05:42:51.022536,Ruta 2 - Norte,111,15.0,9,40,2025-11-14 05:30:00,2025-11-14 05:30:00.941989230,17.135012134867004,Friday,6.0,26.0,65.0,0.02,A Tiempo,Madrugada,False
2025-11-14 15:47:51.022536,Ruta 6 - Express,111,10.0,8,60,2025-11-14 15:45:00,2025-11-14 15:48:55.765104144,22.88815641326293,Friday,2.0,28.0,46.67,3.93,Retraso Leve,Tarde,False
2025-11-14 18:17:51.022536,Ruta 4 - Este,111,12.0,3,60,2025-11-14 18:15:00,2025-11-14 18:21:35.268470514,21.190628380860737,Friday,9.0,37.0,61.67,6.59,Retraso Grave,Tarde,True
2025-11-14 18:27:51.022536,Ruta 1 - Centro,111,10.0,6,60,2025-11-14 18:15:00,2025-11-14 18:16:02.844935592,19.21666182445248,Friday,4.0,41.0,68.33,1.05,A Tiempo,Tarde,True
2025-11-15 04:02:51.022536,Ruta 5 - Oeste,111,6.0,12,40,2025-11-15 04:00:00,2025-11-15 04:04:52.624960104,18.998067447238554,Saturday,-6.0,35.0,87.5,4.88,Retraso Leve,Madrugada,False
2025-11-15 06:07:51.022536,Ruta 6 - Express,111,9.0,7,60,2025-11-15 06:00:00,2025-11-15 06:00:00.865528038,21.372543499544825,Saturday,2.0,37.0,61.67,0.01,A Tiempo,Madrugada,False
2025-11-15 12:27:51.022536,Ruta 3 - Sur,111,3.0,8,40,2025-11-15 12:15:00,2025-11-15 12:17:29.723226234,30.82101115775922,Saturday,-5.0,32.0,80.0,2.5,Retraso Leve,Mañana,False
2025-11-15 15:42:51.022536,Ruta 5 - Oeste,111,8.0,5,60,2025-11-15 15:30:00,2025-11-15 15:31:26.201834484,34.13654909031601,Saturday,3.0,35.0,58.33,1.44,A Tiempo,Tarde,False
2025-11-16 13:42:51.022536,Ruta 6 - Express,111,7.0,6,60,2025-11-16 13:30:00,2025-11-16 13:31:25.459583844,20.2231396123556,Sunday,1.0,36.0,60.0,1.42,A Tiempo,Tarde,False
2025-11-17 23:37:51.022536,Ruta 3 - Sur,111,6.0,2,50,2025-11-17 23:30:00,2025-11-17 23:32:18.324888408,17.179033540537873,Monday,4.0,40.0,80.0,2.31,Retraso Leve,Noche,False
2025-11-18 19:27:51.022536,Ruta 3 - Sur,111,7.0,8,40,2025-11-18 19:15:00,2025-11-18 19:16:16.051779588,21.392144685404123,Tuesday,-1.0,39.0,97.5,1.27,A Tiempo,Noche,True
2025-11-18 21:52:51.022536,Ruta 5 - Oeste,111,10.0,7,60,2025-11-18 21:45:00,2025-11-18 21:45:32.008718603,23.360068463013786,Tuesday,3.0,42.0,70.0,0.53,A Tiempo,Noche,False
2025-11-18 23:07:51.022536,Ruta 4 - Este,111,9.0,10,50,2025-11-18 23:00:00,2025-11-18 23:02:23.109264240,31.134146865630026,Tuesday,-1.0,41.0,82.0,2.39,Retraso Leve,Noche,False
2025-11-19 02:37:51.022536,Ruta 1 - Centro,111,8.0,6,50,2025-11-19 02:30:00,2025-11-19 02:33:14.692070370,26.887068303913026,Wednesday,2.0,43.0,86.0,3.24,Retraso Leve,Madrugada,False
2025-11-19 03:32:51.022536,Ruta 6 - Express,111,7.0,7,40,2025-11-19 03:30:00,2025-11-19 03:30:43.703016318,29.966246899815623,Wednesday,0.0,43.0,100.0,0.73,A Tiempo,Madrugada,False
2025-11-19 04:32:51.022536,Ruta 6 - Express,111,6.0,5,60,2025-11-19 04:30:00,2025-11-19 04:30:25.487544174,30.64767969974353,Wednesday,1.0,44.0,73.33,0.42,A Tiempo,Madrugada,False
2025-11-19 05:22:51.022536,Ruta 3 - Sur,111,7.0,2,50,2025-11-19 05:15:00,2025-11-19 05:16:22.902510024,27.37493495318637,Wednesday,5.0,49.0,98.0,1.38,A Tiempo,Madrugada,False
2025-11-19 15:17:51.022536,Ruta 2 - Norte,111,9.0,2,50,2025-11-19 15:15:00,2025-11-19 15:15:02.043011844,27.142736345622467,Wednesday,7.0,56.0,100.0,0.03,A Tiempo,Tarde,False
2025-11-19 21:52:51.022536,Ruta 1 - Centro,111,8.0,5,60,2025-11-19 21:45:00,2025-11-19 21:48:13.863399384,17.91995296174848,Wednesday,3.0,59.0,98.33,3.23,Retraso Leve,Noche,False
2025-11-19 22:17:51.022536,Ruta 1 - Centro,111,9.0,4,60,2025-11-19 22:15:00,2025-11-19 22:16:22.778303130,24.70927874129845,Wednesday,5.0,64.0,100.0,1.38,A Tiempo,Noche,False
2025-11-20 01:07:51.022536,Ruta 6 - Express,111,7.0,4,40,2025-11-20 01:00:00,2025-11-20 01:01:52.353686862,23.173081828005927,Thursday,3.0,67.0,100.0,1.87,A Tiempo,Madrugada,False
2025-11-20 23:17:51.022536,Ruta 4 - Este,111,9.0,3,50,2025-11-20 23:15:00,2025-11-20 23:15:18.510439104,15.218409081509702,Thursday,6.0,73.0,100.0,0.31,A Tiempo,Noche,False
2025-11-21 06:32:51.022536,Ruta 3 - Sur,111,9.0,6,60,2025-11-21 06:30:00,2025-11-21 06:30:08.065712796,27.94588196836395,Friday,3.0,76.0,100.0,0.13,A Tiempo,Madrugada,False
2025-11-21 06:52:51.022536,Ruta 5 - Oeste,111,9.0,4,50,2025-11-21 06:45:00,2025-11-21 06:46:48.837438264,31.26272925962409,Friday,5.0,81.0,100.0,1.81,A Tiempo,Madrugada,False
2025-11-21 14:37:51.022536,Ruta 4 - Este,111,10.0,6,40,2025-11-21 14:30:00,2025-11-21 14:32:57.271199178,26.840549136442423,Friday,4.0,85.0,100.0,2.95,Retraso Leve,Tarde,False
2025-11-21 15:22:51.022536,Ruta 1 - Centro,111,8.0,7,50,2025-11-21 15:15:00,2025-11-21 15:16:04.572822060,26.76502538860488,Friday,1.0,86.0,100.0,1.08,A Tiempo,Tarde,False
2025-11-21 18:07:51.022536,Ruta 2 - Norte,111,9.0,11,60,2025-11-21 18:00:00,2025-11-21 18:01:00.611079036,14.113437983007069,Friday,-2.0,84.0,100.0,1.01,A Tiempo,Tarde,True
2025-11-23 02:12:51.022536,Ruta 5 - Oeste,111,5.0,5,50,2025-11-23 02:00:00,2025-11-23 02:06:02.486501100,29.164469145060384,Sunday,0.0,84.0,100.0,6.04,Retraso Grave,Madrugada,False
2025-11-23 02:32:51.022536,Ruta 5 - Oeste,111,11.0,2,60,2025-11-23 02:30:00,2025-11-23 02:30:27.462517026,24.57793588632562,Sunday,9.0,93.0,100.0,0.46,A Tiempo,Madrugada,False
2025-11-23 17:02:51.022536,Ruta 6 - Express,111,9.0,8,50,2025-11-23 17:00:00,2025-11-23 17:04:10.540131120,17.551149955752308,Sunday,1.0,94.0,100.0,4.18,Retraso Leve,Tarde,True
2025-11-23 21:02:51.022536,Ruta 4 - Este,111,9.0,8,40,2025-11-23 21:00:00,2025-11-23 21:00:23.300489562,35.46737774756577,Sunday,1.0,95.0,100.0,0.39,A Tiempo,Noche,False
2025-11-24 00:57:51.022536,Ruta 2 - Norte,111,7.0,5,50,2025-11-24 00:45:00,2025-11-24 00:46:01.002602076,17.791189532660297,Monday,2.0,97.0,100.0,1.02,A Tiempo,Madrugada,False
2025-11-24 10:32:51.022536,Ruta 2 - Norte,111,9.0,4,60,2025-11-24 10:30:00,2025-11-24 10:30:03.853494492,28.08345180157094,Monday,5.0,102.0,100.0,0.06,A Tiempo,Mañana,False
2025-11-24 20:27:51.022536,Ruta 6 - Express,111,11.0,3,60,2025-11-24 20:15:00,2025-11-24 20:15:17.127839268,21.727708500976384,Monday,8.0,110.0,100.0,0.29,A Tiempo,Noche,False
2025-11-25 02:47:51.022536,Ruta 2 - Norte,111,6.0,8,60,2025-11-25 02:45:00,2025-11-25 02:45:08.429126022,28.7961278478234,Tuesday,-2.0,108.0,100.0,0.14,A Tiempo,Madrugada,False
2025-11-25 09:12:51.022536,Ruta 5 - Oeste,111,7.0,4,50,2025-11-25 09:00:00,2025-11-25 09:00:57.977882742,23.420596510685183,Tuesday,3.0,111.0,100.0,0.97,A Tiempo,Mañana,True
2025-11-25 09:22:51.022536,Ruta 5 - Oeste,111,7.0,3,40,2025-11-25 09:15:00,2025-11-25 09:15:19.401935526,27.896499336828327,Tuesday,4.0,115.0,100.0,0.32,A Tiempo,Mañana,True
2025-11-26 03:42:51.022536,Ruta 2 - Norte,111,4.0,6,50,2025-11-26 03:30:00,2025-11-26 03:33:25.972756842,25.4504663044241,Wednesday,-2.0,113.0,100.0,3.43,Retraso Leve,Madrugada,False
2025-11-26 05:12:51.022536,Ruta 1 - Centro,111,10.0,6,40,2025-11-26 05:00:00,2025-11-26 05:01:08.205371064,32.13522093117871,Wednesday,4.0,117.0,100.0,1.14,A Tiempo,Madrugada,False
2025-11-26 06:42:51.022536,Ruta 3 - Sur,111,5.0,3,60,2025-11-26 06:30:00,2025-11-26 06:30:00.719574312,19.290041599703148,Wednesday,2.0,119.0,100.0,0.01,A Tiempo,Madrugada,False
2025-11-26 08:57:51.022536,Ruta 6 - Express,111,8.0,6,50,2025-11-26 08:45:00,2025-11-26 08:46:03.596615190,19.785729330658143,Wednesday,2.0,121.0,100.0,1.06,A Tiempo,Mañana,True
2025-11-26 14:07:51.022536,Ruta 6 - Express,111,8.0,6,40,2025-11-26 14:00:00,2025-11-26 14:00:00.156805578,26.429584738707028,Wednesday,2.0,123.0,100.0,0.0,A Tiempo,Tarde,False
2025-11-26 23:17:51.022536,Ruta 1 - Centro,111,6.0,11,60,2025-11-26 23:15:00,2025-11-26 23:16:28.210887222,22.52949340118706,Wednesday,-5.0,118.0,100.0,1.47,A Tiempo,Noche,False
2025-11-09 22:37:51.022536,Ruta 6 - Express,112,9.0,3,40,2025-11-09 22:30:00,2025-11-09 22:30:50.674092066,31.925289425974984,Sunday,6.0,6.0,15.0,0.84,A Tiempo,Noche,False
2025-11-10 02:02:51.022536,Ruta 3 - Sur,112,6.0,6,60,2025-11-10 02:00:00,2025-11-10 02:02:26.158247814,20.70427410435017,Monday,0.0,6.0,10.0,2.44,Retraso Leve,Madrugada,False
2025-11-10 07:27:51.022536,Ruta 6 - Express,112,9.0,6,50,2025-11-10 07:15:00,2025-11-10 07:15:13.475416416,31.07121849012739,Monday,3.0,9.0,18.0,0.22,A Tiempo,Mañana,True
2025-11-10 17:07:51.022536,Ruta 2 - Norte,112,4.0,7,40,2025-11-10 17:00:00,2025-11-10 17:01:05.254826832,25.66518147141693,Monday,-3.0,6.0,15.0,1.09,A Tiempo,Tarde,True
2025-11-11 00:42:51.022536,Ruta 3 - Sur,112,8.0,3,50,2025-11-11 00:30:00,2025-11-11 00:30:00.395336988,26.540276095204785,Tuesday,5.0,11.0,22.0,0.01,A Tiempo,Madrugada,False
2025-11-11 04:07:51.022536,Ruta 5 - Oeste,112,10.0,4,40,2025-11-11 04:00:00,2025-11-11 04:00:59.390375268,37.08573476757999,Tuesday,6.0,17.0,42.5,0.99,A Tiempo,Madrugada,False
2025-11-11 05:07:51.022536,Ruta 6 - Express,112,7.0,6,50,2025-11-11 05:00:00,2025-11-11 05:00:04.555177770,31.75310166915164,Tuesday,1.0,18.0,36.0,0.08,A Tiempo,Madrugada,False
2025-11-11 07:42:51.022536,Ruta 2 - Norte,112,7.0,7,60,2025-11-11 07:30:00,2025-11-11 07:35:06.471660648,25.646333458300926,Tuesday,0.0,18.0,30.0,5.11,Retraso Grave,Mañana,True
2025-11-11 12:22:51.022536,Ruta 1 - Centro,112,4.0,7,60,2025-11-11 12:15:00,2025-11-11 12:18:44.016182046,23.18957529823352,Tuesday,-3.0,15.0,25.0,3.73,Retraso Leve,Mañana,False
2025-11-11 14:27:51.022536,Ruta 2 - Norte,112,5.0,7,40,2025-11-11 14:15:00,2025-11-11 14:16:00.752279052,26.15778687731657,Tuesday,-2.0,13.0,32.5,1.01,A Tiempo,Tarde,False
2025-11-11 15:17:51.022536,Ruta 1 - Centro,112,4.0,2,40,2025-11-11 15:15:00,2025-11-11 15:16:15.561718554,23.598874071274544,Tuesday,2.0,15.0,37.5,1.26,A Tiempo,Tarde,False
2025-11-11 15:42:51.022536,Ruta 3 - Sur,112,16.0,5,50,2025-11-11 15:30:00,2025-11-11 15:31:51.396706122,28.540727907135807,Tuesday,11.0,26.0,52.0,1.86,A Tiempo,Tarde,False
2025-11-11 23:02:51.022536,Ruta 4 - Este,112,8.0,5,60,2025-11-11 23:00:00,2025-11-11 23:00:14.657560806,34.56774715596823,Tuesday,3.0,29.0,48.33,0.24,A Tiempo,Noche,False
2025-11-12 13:17:51.022536,Ruta 6 - Express,112,7.0,5,40,2025-11-12 13:15:00,2025-11-12 13:16:52.338267840,36.19706938058833,Wednesday,2.0,31.0,77.5,1.87,A Tiempo,Tarde,False
2025-11-12 14:27:51.022536,Ruta 2 - Norte,112,10.0,8,40,2025-11-12 14:15:00,2025-11-12 14:19:18.692032332,25.72254579724716,Wednesday,2.0,33.0,82.5,4.31,Retraso Leve,Tarde,False
2025-11-12 16:37:51.022536,Ruta 2 - Norte,112,4.0,7,60,2025-11-12 16:30:00,2025-11-12 16:30:57.152314080,30.11800684423286,Wednesday,-3.0,30.0,50.0,0.95,A Tiempo,Tarde,False
2025-11-12 18:42:51.022536,Ruta 5 - Oeste,112,9.0,3,40,2025-11-12 18:30:00,2025-11-12 18:32:33.439648332,26.333844529961684,Wednesday,6.0,36.0,90.0,2.56,Retraso Leve,Tarde,True
2025-11-13 08:07:51.022536,Ruta 5 - Oeste,112,13.0,7,50,2025-11-13 08:00:00,2025-11-13 08:00:13.344374550,29.11824513786086,Thursday,6.0,42.0,84.0,0.22,A Tiempo,Mañana,True
2025-11-13 12:52:51.022536,Ruta 5 - Oeste,112,5.0,4,60,2025-11-13 12:45:00,2025-11-13 12:46:41.541571938,14.978951726105938,Thursday,1.0,43.0,71.67,1.69,A Tiempo,Mañana,False
2025-11-14 08:27:51.022536,Ruta 5 - Oeste,112,6.0,3,60,2025-11-14 08:15:00,2025-11-14 08:15:28.667320032,25.686978891539848,Friday,3.0,46.0,76.67,0.48,A Tiempo,Mañana,True
2025-11-14 13:37:51.022536,Ruta 5 - Oeste,112,9.0,6,40,2025-11-14 13:30:00,2025-11-14 13:31:14.219000214,22.56260632355505,Friday,3.0,49.0,100.0,1.24,A Tiempo,Tarde,False
2025-11-14 13:42:51.022536,Ruta 1 - Centro,112,7.0,2,50,2025-11-14 13:30:00,2025-11-14 13:35:59.744692398,30.566248096964863,Friday,5.0,54.0,100.0,6.0,Retraso Grave,Tarde,False
2025-11-14 19:07:51.022536,Ruta 2 - Norte,112,3.0,9,40,2025-11-14 19:00:00,2025-11-14 19:04:40.070728818,26.37444967011613,Friday,-6.0,48.0,100.0,4.67,Retraso Leve,Noche,True
2025-11-15 17:02:51.022536,Ruta 3 - Sur,112,13.0,4,50,2025-11-15 17:00:00,2025-11-15 17:00:04.443472380,30.17364033349054,Saturday,9.0,57.0,100.0,0.07,A Tiempo,Tarde,True
2025-11-15 19:37:51.022536,Ruta 3 - Sur,112,4.0,7,60,2025-11-15 19:30:00,2025-11-15 19:35:00.913925898,25.366822601262736,Saturday,-3.0,54.0,90.0,5.02,Retraso Grave,Noche,True
2025-11-16 12:17:51.022536,Ruta 4 - Este,112,12.0,9,50,2025-11-16 12:15:00,2025-11-16 12:19:09.903461646,24.88047502940019,Sunday,3.0,57.0,100.0,4.17,Retraso Leve,Mañana,False
2025-11-16 13:27:51.022536,Ruta 6 - Express,112,5.0,5,60,2025-11-16 13:15:00,2025-11-16 13:17:16.555535976,25.081184504739475,Sunday,0.0,57.0,95.0,2.28,Retraso Leve,Tarde,False
2025-11-16 13:37:51.022536,Ruta 2 - Norte,112,5.0,5,50,2025-11-16 13:30:00,2025-11-16 13:33:08.933817246,33.72866368130669,Sunday,0.0,57.0,100.0,3.15,Retraso Leve,Tarde,False
2025-11-16 16:02:51.022536,Ruta 3 - Sur,112,6.0,9,60,2025-11-16 16:00:00,2025-11-16 16:01:00.838929210,26.337895518685183,Sunday,-3.0,54.0,90.0,1.01,A Tiempo,Tarde,False
2025-11-17 04:47:51.022536,Ruta 6 - Express,112,4.0,9,60,2025-11-17 04:45:00,2025-11-17 04:45:56.598841794,23.702390027363005,Monday,-5.0,49.0,81.67,0.94,A Tiempo,Madrugada,False
2025-11-17 12:37:51.022536,Ruta 6 - Express,112,9.0,3,50,2025-11-17 12:30:00,2025-11-17 12:31:28.027502436,20.08610131020224,Monday,6.0,55.0,100.0,1.47,A Tiempo,Mañana,False
2025-11-18 07:42:51.022536,Ruta 5 - Oeste,112,13.0,2,50,2025-11-18 07:30:00,2025-11-18 07:30:33.663853655,36.63351129361436,Tuesday,11.0,66.0,100.0,0.56,A Tiempo,Mañana,True
2025-11-18 19:47:51.022536,Ruta 5 - Oeste,112,13.0,5,50,2025-11-18 19:45:00,2025-11-18 19:45:12.663406908,23.12773273995508,Tuesday,8.0,74.0,100.0,0.21,A Tiempo,Noche,True
2025-11-19 03:47:51.022536,Ruta 4 - Este,112,6.0,9,60,2025-11-19 03:45:00,2025-11-19 03:47:05.002253238,19.206579579110773,Wednesday,-3.0,71.0,100.0,2.08,Retraso Leve,Madrugada,False
2025-11-19 14:07:51.022536,Ruta 2 - Norte,112,6.0,2,40,2025-11-19 14:00:00,2025-11-19 14:01:41.574789900,11.164009846665426,Wednesday,4.0,75.0,100.0,1.69,A Tiempo,Tarde,False
2025-11-19 16:12:51.022536,Ruta 3 - Sur,112,11.0,7,60,2025-11-19 16:00:00,2025-11-19 16:00:26.789547330,33.4847402564936,Wednesday,4.0,79.0,100.0,0.45,A Tiempo,Tarde,False
2025-11-19 18:27:51.022536,Ruta 1 - Centro,112,6.0,4,40,2025-11-19 18:15:00,2025-11-19 18:15:06.307677564,22.39025255436609,Wednesday,2.0,81.0,100.0,0.11,A Tiempo,Tarde,True
2025-11-20 14:47:51.022536,Ruta 4 - Este,112,7.0,5,50,2025-11-20 14:45:00,2025-11-20 14:47:38.052292338,22.282515950651984,Thursday,2.0,83.0,100.0,2.63,Retraso Leve,Tarde,False
2025-11-21 09:52:51.022536,Ruta 6 - Express,112,10.0,4,50,2025-11-21 09:45:00,2025-11-21 09:45:12.929946990,28.812635233969605,Friday,6.0,89.0,100.0,0.22,A Tiempo,Mañana,True
2025-11-21 12:52:51.022536,Ruta 3 - Sur,112,3.0,3,50,2025-11-21 12:45:00,2025-11-21 12:45:20.104746846,26.6754052438804,Friday,0.0,89.0,100.0,0.34,A Tiempo,Mañana,False
2025-11-21 15:02:51.022536,Ruta 1 - Centro,112,9.0,7,40,2025-11-21 15:00:00,2025-11-21 15:00:25.545551004,29.790962936974346,Friday,2.0,91.0,100.0,0.43,A Tiempo,Tarde,False
2025-11-21 15:27:51.022536,Ruta 2 - Norte,112,9.0,8,60,2025-11-21 15:15:00,2025-11-21 15:16:19.706640456,30.70239594542173,Friday,1.0,92.0,100.0,1.33,A Tiempo,Tarde,False
2025-11-21 21:52:51.022536,Ruta 6 - Express,112,9.0,7,50,2025-11-21 21:45:00,2025-11-21 21:46:13.849857984,21.56308442326302,Friday,2.0,94.0,100.0,1.23,A Tiempo,Noche,False
2025-11-22 06:52:51.022536,Ruta 3 - Sur,112,11.0,3,40,2025-11-22 06:45:00,2025-11-22 06:46:48.504549354,20.794249742892102,Saturday,8.0,102.0,100.0,1.81,A Tiempo,Madrugada,False
2025-11-22 18:32:51.022536,Ruta 4 - Este,112,6.0,5,60,2025-11-22 18:30:00,2025-11-22 18:30:42.970173870,32.62333642015317,Saturday,1.0,103.0,100.0,0.72,A Tiempo,Tarde,True
2025-11-23 09:12:51.022536,Ruta 4 - Este,112,6.0,5,60,2025-11-23 09:00:00,2025-11-23 09:03:25.062914370,26.249442275803645,Sunday,1.0,104.0,100.0,3.42,Retraso Leve,Mañana,True
2025-11-23 11:42:51.022536,Ruta 3 - Sur,112,11.0,5,50,2025-11-23 11:30:00,2025-11-23 11:30:13.866090156,24.49614384947147,Sunday,6.0,110.0,100.0,0.23,A Tiempo,Mañana,False
2025-11-23 17:52:51.022536,Ruta 1 - Centro,112,9.0,6,50,2025-11-23 17:45:00,2025-11-23 17:46:46.598802564,35.01174661751919,Sunday,3.0,113.0,100.0,1.78,A Tiempo,Tarde,True
2025-11-23 21:52:51.022536,Ruta 2 - Norte,112,8.0,8,40,2025-11-23 21:45:00,2025-11-23 21:45:40.092543282,27.83375953715164,Sunday,0.0,113.0,100.0,0.67,A Tiempo,Noche,False
2025-11-23 22:37:51.022536,Ruta 6 - Express,112,5.0,4,50,2025-11-23 22:30:00,2025-11-23 22:33:38.211897552,31.52553765393964,Sunday,1.0,114.0,100.0,3.64,Retraso Leve,Noche,False
2025-11-24 10:22:51.022536,Ruta 3 - Sur,112,10.0,4,60,2025-11-24 10:15:00,2025-11-24 10:18:56.039274516,25.998014902382096,Monday,6.0,120.0,100.0,3.93,Retraso Leve,Mañana,False
2025-11-25 07:27:51.022536,Ruta 2 - Norte,112,7.0,8,60,2025-11-25 07:15:00,2025-11-25 07:16:07.523033753,36.225342610384,Tuesday,-1.0,119.0,100.0,1.13,A Tiempo,Mañana,True
2025-11-26 02:52:51.022536,Ruta 3 - Sur,112,8.0,7,50,2025-11-26 02:45:00,2025-11-26 02:46:42.118655280,29.630017283160942,Wednesday,1.0,120.0,100.0,1.7,A Tiempo,Madrugada,False
2025-11-26 07:57:51.022536,Ruta 2 - Norte,112,6.0,2,40,2025-11-26 07:45:00,2025-11-26 07:50:30.804549510,30.103604790123427,Wednesday,4.0,124.0,100.0,5.51,Retraso Grave,Mañana,True
2025-11-26 10:02:51.022536,Ruta 5 - Oeste,112,9.0,6,60,2025-11-26 10:00:00,2025-11-26 10:00:54.883899174,26.636258573074837,Wednesday,3.0,127.0,100.0,0.91,A Tiempo,Mañana,False
2025-11-10 12:37:51.022536,Ruta 3 - Sur,113,4.0,3,50,2025-11-10 12:30:00,2025-11-10 12:30:32.926559064,16.866637419872333,Monday,1.0,1.0,2.0,0.55,A Tiempo,Mañana,False
2025-11-10 15:37:51.022536,Ruta 3 - Sur,113,12.0,7,40,2025-11-10 15:30:00,2025-11-10 15:31:23.214472026,16.74328340211966,Monday,5.0,6.0,15.0,1.39,A Tiempo,Tarde,False
2025-11-11 08:17:51.022536,Ruta 4 - Este,113,11.0,9,60,2025-11-11 08:15:00,2025-11-11 08:16:44.476697922,25.59314094174889,Tuesday,2.0,8.0,13.33,1.74,A Tiempo,Mañana,True
2025-11-12 01:42:51.022536,Ruta 1 - Centro,113,6.0,8,60,2025-11-12 01:30:00,2025-11-12 01:31:09.398762646,26.131393210545955,Wednesday,-2.0,6.0,10.0,1.16,A Tiempo,Madrugada,False
2025-11-12 13:57:51.022536,Ruta 3 - Sur,113,5.0,4,50,2025-11-12 13:45:00,2025-11-12 13:47:21.282436092,14.286602987651154,Wednesday,1.0,7.0,14.0,2.35,Retraso Leve,Tarde,False
2025-11-12 16:27:51.022536,Ruta 4 - Este,113,6.0,5,40,2025-11-12 16:15:00,2025-11-12 16:17:11.067610110,27.676476728495874,Wednesday,1.0,8.0,20.0,2.18,Retraso Leve,Tarde,False
2025-11-12 18:57:51.022536,Ruta 4 - Este,113,5.0,5,60,2025-11-12 18:45:00,2025-11-12 18:45:30.922018968,19.67840541546622,Wednesday,0.0,8.0,13.33,0.52,A Tiempo,Tarde,True
2025-11-13 02:12:51.022536,Ruta 2 - Norte,113,4.0,6,60,2025-11-13 02:00:00,2025-11-13 02:01:07.777945392,26.383851309758217,Thursday,-2.0,6.0,10.0,1.13,A Tiempo,Madrugada,False
2025-11-13 09:42:51.022536,Ruta 4 - Este,113,5.0,8,40,2025-11-13 09:30:00,2025-11-13 09:30:38.544561162,22.8593664477642,Thursday,-3.0,3.0,7.5,0.64,A Tiempo,Mañana,True
2025-11-14 02:47:51.022536,Ruta 3 - Sur,113,3.0,5,50,2025-11-14 02:45:00,2025-11-14 02:46:52.958356062,25.782488334512887,Friday,-2.0,1.0,2.0,1.88,A Tiempo,Madrugada,False
2025-11-14 06:02:51.022536,Ruta 3 - Sur,113,6.0,7,50,2025-11-14 06:00:00,2025-11-14 06:00:14.613704214,29.95473326450897,Friday,-1.0,0.0,0.0,0.24,A Tiempo,Madrugada,False
2025-11-14 21:07:51.022536,Ruta 4 - Este,113,5.0,8,50,2025-11-14 21:00:00,2025-11-14 21:00:11.004154632,25.026384309845582,Friday,-3.0,0.0,0.0,0.18,A Tiempo,Noche,False
2025-11-15 09:47:51.022536,Ruta 6 - Express,113,5.0,3,60,2025-11-15 09:45:00,2025-11-15 09:52:43.774825992,21.129620182000004,Saturday,2.0,0.0,0.0,7.73,Retraso Grave,Mañana,True
2025-11-15 21:12:51.022536,Ruta 1 - Centro,113,8.0,4,50,2025-11-15 21:00:00,2025-11-15 21:00:06.003548748,19.809369739541992,Saturday,4.0,3.0,6.0,0.1,A Tiempo,Noche,False
2025-11-16 06:02:51.022536,Ruta 1 - Centro,113,8.0,6,60,2025-11-16 06:00:00,2025-11-16 06:00:17.860016694,26.57569216130432,Sunday,2.0,5.0,8.33,0.3,A Tiempo,Madrugada,False
2025-11-16 18:07:51.022536,Ruta 5 - Oeste,113,8.0,9,60,2025-11-16 18:00:00,2025-11-16 18:00:15.580590072,17.591957856769838,Sunday,-1.0,4.0,6.67,0.26,A Tiempo,Tarde,True
2025-11-17 02:17:51.022536,Ruta 5 - Oeste,113,8.0,13,40,2025-11-17 02:15:00,2025-11-17 02:16:39.050892804,29.81104764968878,Monday,-5.0,0.0,0.0,1.65,A Tiempo,Madrugada,False
2025-11-17 06:02:51.022536,Ruta 2 - Norte,113,9.0,10,40,2025-11-17 06:00:00,2025-11-17 06:05:19.262592234,29.162003748447773,Monday,-1.0,0.0,0.0,5.32,Retraso Grave,Madrugada,False
2025-11-17 18:47:51.022536,Ruta 1 - Centro,113,7.0,3,60,2025-11-17 18:45:00,2025-11-17 18:45:26.129757702,26.308471465208797,Monday,4.0,2.0,3.33,0.44,A Tiempo,Tarde,True
2025-11-18 04:47:51.022536,Ruta 5 - Oeste,113,10.0,9,40,2025-11-18 04:45:00,2025-11-18 04:45:46.567232232,23.72139428654134,Tuesday,1.0,3.0,7.5,0.78,A Tiempo,Madrugada,False
2025-11-18 11:57:51.022536,Ruta 3 - Sur,113,7.0,8,40,2025-11-18 11:45:00,2025-11-18 11:45:59.863307910,25.60365148731217,Tuesday,-1.0,2.0,5.0,1.0,A Tiempo,Mañana,False
2025-11-18 19:12:51.022536,Ruta 6 - Express,113,10.0,4,40,2025-11-18 19:00:00,2025-11-18 19:01:13.671098706,22.404611449708653,Tuesday,6.0,8.0,20.0,1.23,A Tiempo,Noche,True
2025-11-19 02:22:51.022536,Ruta 1 - Centro,113,8.0,12,40,2025-11-19 02:15:00,2025-11-19 02:16:48.646809798,26.752086941316627,Wednesday,-4.0,4.0,10.0,1.81,A Tiempo,Madrugada,False
2025-11-19 02:27:51.022536,Ruta 5 - Oeste,113,12.0,10,60,2025-11-19 02:15:00,2025-11-19 02:18:48.363326154,21.38446120434069,Wednesday,2.0,6.0,10.0,3.81,Retraso Leve,Madrugada,False
2025-11-19 06:32:51.022536,Ruta 4 - Este,113,10.0,5,50,2025-11-19 06:30:00,2025-11-19 06:31:25.067092170,24.274203094948305,Wednesday,5.0,11.0,22.0,1.42,A Tiempo,Madrugada,False
2025-11-20 22:47:51.022536,Ruta 3 - Sur,113,6.0,5,40,2025-11-20 22:45:00,2025-11-20 22:45:51.557378478,25.83037489937963,Thursday,1.0,12.0,30.0,0.86,A Tiempo,Noche,False
2025-11-21 04:17:51.022536,Ruta 3 - Sur,113,10.0,5,50,2025-11-21 04:15:00,2025-11-21 04:15:10.181642088,31.716575489967152,Friday,5.0,17.0,34.0,0.17,A Tiempo,Madrugada,False
2025-11-22 11:02:51.022536,Ruta 2 - Norte,113,9.0,4,60,2025-11-22 11:00:00,2025-11-22 11:00:52.014264168,32.35915910765354,Saturday,5.0,22.0,36.67,0.87,A Tiempo,Mañana,False
2025-11-23 01:02:51.022536,Ruta 3 - Sur,113,12.0,4,40,2025-11-23 01:00:00,2025-11-23 01:01:13.220514582,24.27395498982036,Sunday,8.0,30.0,75.0,1.22,A Tiempo,Madrugada,False
2025-11-23 02:27:51.022536,Ruta 5 - Oeste,113,6.0,4,40,2025-11-23 02:15:00,2025-11-23 02:15:22.090115934,26.379809625649443,Sunday,2.0,32.0,80.0,0.37,A Tiempo,Madrugada,False
2025-11-23 05:27:51.022536,Ruta 1 - Centro,113,4.0,6,60,2025-11-23 05:15:00,2025-11-23 05:16:25.899465996,22.78566323497558,Sunday,-2.0,30.0,50.0,1.43,A Tiempo,Madrugada,False
2025-11-23 21:12:51.022536,Ruta 4 - Este,113,7.0,5,50,2025-11-23 21:00:00,2025-11-23 21:00:07.353217584,26.08475341835384,Sunday,2.0,32.0,64.0,0.12,A Tiempo,Noche,False
2025-11-24 15:57:51.022536,Ruta 4 - Este,113,9.0,5,60,2025-11-24 15:45:00,2025-11-24 15:45:13.443843084,22.45788331157764,Monday,4.0,36.0,60.0,0.22,A Tiempo,Tarde,False
2025-11-24 16:52:51.022536,Ruta 2 - Norte,113,5.0,6,40,2025-11-24 16:45:00,2025-11-24 16:45:43.450986084,16.20805091268195,Monday,-1.0,35.0,87.5,0.72,A Tiempo,Tarde,False
2025-11-24 23:07:51.022536,Ruta 1 - Centro,113,12.0,6,50,2025-11-24 23:00:00,2025-11-24 23:06:42.899962218,18.897515956839165,Monday,6.0,41.0,82.0,6.71,Retraso Grave,Noche,False
2025-11-25 00:02:51.022536,Ruta 3 - Sur,113,8.0,6,50,2025-11-25 00:00:00,2025-11-25 00:00:17.492862324,22.823445079953885,Tuesday,2.0,43.0,86.0,0.29,A Tiempo,Madrugada,False
2025-11-25 05:02:51.022536,Ruta 6 - Express,113,9.0,7,60,2025-11-25 05:00:00,2025-11-25 05:02:25.496243730,18.023850110401906,Tuesday,2.0,45.0,75.0,2.42,Retraso Leve,Madrugada,False
2025-11-25 10:17:51.022536,Ruta 1 - Centro,113,7.0,6,50,2025-11-25 10:15:00,2025-11-25 10:19:19.589611512,20.648441650368632,Tuesday,1.0,46.0,92.0,4.33,Retraso Leve,Mañana,False
2025-11-26 09:22:51.022536,Ruta 6 - Express,113,4.0,9,50,2025-11-26 09:15:00,2025-11-26 09:17:48.068867988,25.29825769480677,Wednesday,-5.0,41.0,82.0,2.8,Retraso Leve,Mañana,True
2025-11-10 07:17:51.022536,Ruta 1 - Centro,114,9.0,4,60,2025-11-10 07:15:00,2025-11-10 07:17:03.367066554,21.56072681802604,Monday,5.0,5.0,8.33,2.06,Retraso Leve,Mañana,True
2025-11-10 14:57:51.022536,Ruta 6 - Express,114,6.0,9,40,2025-11-10 14:45:00,2025-11-10 14:46:48.955708608,23.08224940617752,Monday,-3.0,2.0,5.0,1.82,A Tiempo,Tarde,False
2025-11-10 22:57:51.022536,Ruta 1 - Centro,114,14.0,4,60,2025-11-10 22:45:00,2025-11-10 22:45:05.095481358,23.24580340445523,Monday,10.0,12.0,20.0,0.08,A Tiempo,Noche,False
2025-11-11 04:42:51.022536,Ruta 4 - Este,114,9.0,6,60,2025-11-11 04:30:00,2025-11-11 04:31:11.542226394,22.819500584864954,Tuesday,3.0,15.0,25.0,1.19,A Tiempo,Madrugada,False
2025-11-11 04:47:51.022536,Ruta 5 - Oeste,114,12.0,3,60,2025-11-11 04:45:00,2025-11-11 04:45:28.748740014,22.052657606181143,Tuesday,9.0,24.0,40.0,0.48,A Tiempo,Madrugada,False
2025-11-11 13:17:51.022536,Ruta 3 - Sur,114,6.0,2,50,2025-11-11 13:15:00,2025-11-11 13:16:57.611565534,18.0934573311491,Tuesday,4.0,28.0,56.0,1.96,A Tiempo,Tarde,False
2025-11-11 16:27:51.022536,Ruta 1 - Centro,114,5.0,6,50,2025-11-11 16:15:00,2025-11-11 16:19:40.580563800,27.38685940562715,Tuesday,-1.0,27.0,54.0,4.68,Retraso Leve,Tarde,False
2025-11-11 18:17:51.022536,Ruta 1 - Centro,114,5.0,4,40,2025-11-11 18:15:00,2025-11-11 18:18:58.943854614,24.52768493738108,Tuesday,1.0,28.0,70.0,3.98,Retraso Leve,Tarde,True
2025-11-12 03:12:51.022536,Ruta 3 - Sur,114,7.0,5,50,2025-11-12 03:00:00,2025-11-12 03:00:11.702427612,28.156445062060666,Wednesday,2.0,30.0,60.0,0.2,A Tiempo,Madrugada,False
2025-11-12 05:52:51.022536,Ruta 3 - Sur,114,10.0,5,50,2025-11-12 05:45:00,2025-11-12 05:45:46.829806752,24.88309395562697,Wednesday,5.0,35.0,70.0,0.78,A Tiempo,Madrugada,False
2025-11-12 14:12:51.022536,Ruta 4 - Este,114,7.0,4,60,2025-11-12 14:00:00,2025-11-12 14:01:35.385321138,20.657858218881326,Wednesday,3.0,38.0,63.33,1.59,A Tiempo,Tarde,False
2025-11-12 16:52:51.022536,Ruta 2 - Norte,114,6.0,3,40,2025-11-12 16:45:00,2025-11-12 16:47:38.338402068,24.275529621024297,Wednesday,3.0,41.0,100.0,2.64,Retraso Leve,Tarde,False
2025-11-12 20:37:51.022536,Ruta 1 - Centro,114,13.0,3,40,2025-11-12 20:30:00,2025-11-12 20:30:36.001569108,20.761354756307544,Wednesday,10.0,51.0,100.0,0.6,A Tiempo,Noche,False
2025-11-12 23:17:51.022536,Ruta 6 - Express,114,4.0,12,50,2025-11-12 23:15:00,2025-11-12 23:15:29.865585558,25.24267242935517,Wednesday,-8.0,43.0,86.0,0.5,A Tiempo,Noche,False
2025-11-13 10:17:51.022536,Ruta 2 - Norte,114,5.0,9,60,2025-11-13 10:15:00,2025-11-13 10:16:13.108462710,31.73610114912278,Thursday,-4.0,39.0,65.0,1.22,A Tiempo,Mañana,False
2025-11-14 01:57:51.022536,Ruta 4 - Este,114,10.0,4,50,2025-11-14 01:45:00,2025-11-14 01:48:56.474035002,24.704937021581028,Friday,6.0,45.0,90.0,3.94,Retraso Leve,Madrugada,False
2025-11-14 06:27:51.022536,Ruta 5 - Oeste,114,9.0,1,50,2025-11-14 06:15:00,2025-11-14 06:18:10.553857182,27.3192043415378,Friday,8.0,53.0,100.0,3.18,Retraso Leve,Madrugada,False
2025-11-15 06:57:51.022536,Ruta 4 - Este,114,7.0,8,40,2025-11-15 06:45:00,2025-11-15 06:45:46.008420984,24.48891682825318,Saturday,-1.0,52.0,100.0,0.77,A Tiempo,Madrugada,False
2025-11-15 11:32:51.022536,Ruta 5 - Oeste,114,12.0,3,60,2025-11-15 11:30:00,2025-11-15 11:31:14.377092102,31.328505515703764,Saturday,9.0,61.0,100.0,1.24,A Tiempo,Mañana,False
2025-11-15 14:32:51.022536,Ruta 4 - Este,114,8.0,5,60,2025-11-15 14:30:00,2025-11-15 14:32:31.528431509,23.368758957323347,Saturday,3.0,64.0,100.0,2.53,Retraso Leve,Tarde,False
2025-11-16 10:37:51.022536,Ruta 2 - Norte,114,8.0,4,60,2025-11-16 10:30:00,2025-11-16 10:32:05.942507334,24.96884685284247,Sunday,4.0,68.0,100.0,2.1,Retraso Leve,Mañana,False
2025-11-16 11:27:51.022536,Ruta 6 - Express,114,14.0,4,50,2025-11-16 11:15:00,2025-11-16 11:15:40.061582370,23.42333955049519,Sunday,10.0,78.0,100.0,0.67,A Tiempo,Mañana,False
2025-11-16 17:42:51.022536,Ruta 1 - Centro,114,6.0,6,40,2025-11-16 17:30:00,2025-11-16 17:33:28.754675388,21.5709925216765,Sunday,0.0,78.0,100.0,3.48,Retraso Leve,Tarde,True
2025-11-17 03:32:51.022536,Ruta 5 - Oeste,114,8.0,4,50,2025-11-17 03:30:00,2025-11-17 03:30:27.384055446,33.86242671668558,Monday,4.0,82.0,100.0,0.46,A Tiempo,Madrugada,False
2025-11-18 06:47:51.022536,Ruta 5 - Oeste,114,6.0,4,40,2025-11-18 06:45:00,2025-11-18 06:52:57.460176012,28.9911772377702,Tuesday,2.0,84.0,100.0,7.96,Retraso Grave,Madrugada,False
2025-11-18 07:47:51.022536,Ruta 6 - Express,114,5.0,8,50,2025-11-18 07:45:00,2025-11-18 07:45:52.565042058,21.719176015964862,Tuesday,-3.0,81.0,100.0,0.88,A Tiempo,Mañana,True
2025-11-18 12:57:51.022536,Ruta 4 - Este,114,8.0,9,50,2025-11-18 12:45:00,2025-11-18 12:45:07.477698342,29.097416559797747,Tuesday,-1.0,80.0,100.0,0.12,A Tiempo,Mañana,False
2025-11-19 00:32:51.022536,Ruta 1 - Centro,114,8.0,3,50,2025-11-19 00:30:00,2025-11-19 00:31:59.559908538,30.485453032989227,Wednesday,5.0,85.0,100.0,1.99,A Tiempo,Madrugada,False
2025-11-19 01:12:51.022536,Ruta 4 - Este,114,6.0,7,60,2025-11-19 01:00:00,2025-11-19 01:06:48.046165446,28.38891686460208,Wednesday,-1.0,84.0,100.0,6.8,Retraso Grave,Madrugada,False
2025-11-19 18:22:51.022536,Ruta 4 - Este,114,7.0,14,50,2025-11-19 18:15:00,2025-11-19 18:15:06.481097634,26.918000080223266,Wednesday,-7.0,77.0,100.0,0.11,A Tiempo,Tarde,True
2025-11-19 19:12:51.022536,Ruta 6 - Express,114,10.0,6,60,2025-11-19 19:00:00,2025-11-19 19:01:23.216691828,25.105818525523507,Wednesday,4.0,81.0,100.0,1.39,A Tiempo,Noche,True
2025-11-19 19:42:51.022536,Ruta 4 - Este,114,8.0,6,40,2025-11-19 19:30:00,2025-11-19 19:30:23.694245292,23.666415346018876,Wednesday,2.0,83.0,100.0,0.39,A Tiempo,Noche,True
2025-11-20 00:22:51.022536,Ruta 6 - Express,114,7.0,4,50,2025-11-20 00:15:00,2025-11-20 00:17:32.581315584,18.2635866056912,Thursday,3.0,86.0,100.0,2.54,Retraso Leve,Madrugada,False
2025-11-20 00:32:51.022536,Ruta 3 - Sur,114,7.0,5,50,2025-11-20 00:30:00,2025-11-20 00:30:58.926144372,29.850066082217825,Thursday,2.0,88.0,100.0,0.98,A Tiempo,Madrugada,False
2025-11-20 07:17:51.022536,Ruta 2 - Norte,114,11.0,6,50,2025-11-20 07:15:00,2025-11-20 07:15:00.925755546,21.613247898948856,Thursday,5.0,93.0,100.0,0.02,A Tiempo,Mañana,True
2025-11-21 00:22:51.022536,Ruta 1 - Centro,114,6.0,4,40,2025-11-21 00:15:00,2025-11-21 00:15:24.216161130,25.76112391508195,Friday,2.0,95.0,100.0,0.4,A Tiempo,Madrugada,False
2025-11-21 08:27:51.022536,Ruta 1 - Centro,114,5.0,3,40,2025-11-21 08:15:00,2025-11-21 08:15:00.677117670,26.58719012960189,Friday,2.0,97.0,100.0,0.01,A Tiempo,Mañana,True
2025-11-22 00:07:51.022536,Ruta 3 - Sur,114,7.0,7,40,2025-11-22 00:00:00,2025-11-22 00:01:16.256710986,20.083566305904988,Saturday,0.0,97.0,100.0,1.27,A Tiempo,Madrugada,False
2025-11-22 06:07:51.022536,Ruta 1 - Centro,114,5.0,1,50,2025-11-22 06:00:00,2025-11-22 06:05:14.997210846,30.75495780071436,Saturday,4.0,101.0,100.0,5.25,Retraso Grave,Madrugada,False
2025-11-22 09:27:51.022536,Ruta 2 - Norte,114,10.0,8,40,2025-11-22 09:15:00,2025-11-22 09:15:25.049361306,28.64695800494696,Saturday,2.0,103.0,100.0,0.42,A Tiempo,Mañana,True
2025-11-22 17:42:51.022536,Ruta 4 - Este,114,16.0,4,50,2025-11-22 17:30:00,2025-11-22 17:33:45.075387402,28.15231525107182,Saturday,12.0,115.0,100.0,3.75,Retraso Leve,Tarde,True
2025-11-23 04:22:51.022536,Ruta 5 - Oeste,114,7.0,2,50,2025-11-23 04:15:00,2025-11-23 04:16:53.395074702,26.653701278945903,Sunday,5.0,120.0,100.0,1.89,A Tiempo,Madrugada,False
2025-11-24 02:22:51.022536,Ruta 2 - Norte,114,4.0,8,40,2025-11-24 02:15:00,2025-11-24 02:17:16.164056477,28.74230426652282,Monday,-4.0,116.0,100.0,2.27,Retraso Leve,Madrugada,False
2025-11-24 13:57:51.022536,Ruta 4 - Este,114,16.0,11,60,2025-11-24 13:45:00,2025-11-24 13:45:04.089333149,24.698227056085734,Monday,5.0,121.0,100.0,0.07,A Tiempo,Tarde,False
2025-11-25 02:52:51.022536,Ruta 3 - Sur,114,6.0,7,50,2025-11-25 02:45:00,2025-11-25 02:45:46.019096484,16.99844347787455,Tuesday,-1.0,120.0,100.0,0.77,A Tiempo,Madrugada,False
2025-11-25 03:37:51.022536,Ruta 1 - Centro,114,9.0,7,40,2025-11-25 03:30:00,2025-11-25 03:30:09.166900320,20.418158495742464,Tuesday,2.0,122.0,100.0,0.15,A Tiempo,Madrugada,False
2025-11-25 06:42:51.022536,Ruta 1 - Centro,114,9.0,6,50,2025-11-25 06:30:00,2025-11-25 06:30:06.609722868,27.049781943851933,Tuesday,3.0,125.0,100.0,0.11,A Tiempo,Madrugada,False
2025-11-25 09:37:51.022536,Ruta 5 - Oeste,114,8.0,3,50,2025-11-25 09:30:00,2025-11-25 09:32:04.965531702,26.112852057577506,Tuesday,5.0,130.0,100.0,2.08,Retraso Leve,Mañana,True
2025-11-26 08:27:51.022536,Ruta 3 - Sur,114,9.0,5,40,2025-11-26 08:15:00,2025-11-26 08:15:02.541510372,22.73189371242501,Wednesday,4.0,134.0,100.0,0.04,A Tiempo,Mañana,True
2025-11-09 21:27:51.022536,Ruta 6 - Express,115,10.0,3,40,2025-11-09 21:15:00,2025-11-09 21:15:54.819887340,31.14183900293792,Sunday,7.0,7.0,17.5,0.91,A Tiempo,Noche,False
2025-11-09 22:52:51.022536,Ruta 1 - Centro,115,6.0,7,40,2025-11-09 22:45:00,2025-11-09 22:47:49.096584918,29.307918265476417,Sunday,-1.0,6.0,15.0,2.82,Retraso Leve,Noche,False
2025-11-10 07:22:51.022536,Ruta 3 - Sur,115,9.0,11,50,2025-11-10 07:15:00,2025-11-10 07:19:23.337519528,29.60672185828055,Monday,-2.0,4.0,8.0,4.39,Retraso Leve,Mañana,True
2025-11-10 19:02:51.022536,Ruta 6 - Express,115,2.0,3,40,2025-11-10 19:00:00,2025-11-10 19:03:51.083356866,17.351198951281596,Monday,-1.0,3.0,7.5,3.85,Retraso Leve,Noche,True
2025-11-11 07:02:51.022536,Ruta 5 - Oeste,115,7.0,3,60,2025-11-11 07:00:00,2025-11-11 07:02:13.197418788,22.610911774638065,Tuesday,4.0,7.0,11.67,2.22,Retraso Leve,Mañana,True
2025-11-11 14:52:51.022536,Ruta 5 - Oeste,115,6.0,4,50,2025-11-11 14:45:00,2025-11-11 14:48:45.027060516,28.668723108462583,Tuesday,2.0,9.0,18.0,3.75,Retraso Leve,Tarde,False
2025-11-12 01:17:51.022536,Ruta 4 - Este,115,11.0,9,50,2025-11-12 01:15:00,2025-11-12 01:20:38.449309434,23.13616909862625,Wednesday,2.0,11.0,22.0,5.64,Retraso Grave,Madrugada,False
2025-11-12 19:37:51.022536,Ruta 1 - Centro,115,8.0,11,50,2025-11-12 19:30:00,2025-11-12 19:33:24.471173334,39.84913392095706,Wednesday,-3.0,8.0,16.0,3.41,Retraso Leve,Noche,True
2025-11-13 05:52:51.022536,Ruta 4 - Este,115,4.0,7,40,2025-11-13 05:45:00,2025-11-13 05:46:14.715212100,24.591256854019463,Thursday,-3.0,5.0,12.5,1.25,A Tiempo,Madrugada,False
2025-11-13 06:17:51.022536,Ruta 4 - Este,115,6.0,1,40,2025-11-13 06:15:00,2025-11-13 06:16:42.008018712,20.289780854785256,Thursday,5.0,10.0,25.0,1.7,A Tiempo,Madrugada,False
2025-11-13 09:37:51.022536,Ruta 6 - Express,115,13.0,8,60,2025-11-13 09:30:00,2025-11-13 09:32:17.097684594,20.55708998486221,Thursday,5.0,15.0,25.0,2.28,Retraso Leve,Mañana,True
2025-11-13 12:02:51.022536,Ruta 2 - Norte,115,12.0,7,50,2025-11-13 12:00:00,2025-11-13 12:01:13.506495354,25.037543204169253,Thursday,5.0,20.0,40.0,1.23,A Tiempo,Mañana,False
2025-11-13 17:47:51.022536,Ruta 2 - Norte,115,12.0,3,60,2025-11-13 17:45:00,2025-11-13 17:47:08.747060706,24.96884685284247,Thursday,9.0,29.0,48.33,2.15,Retraso Leve,Tarde,True
2025-11-13 17:52:51.022536,Ruta 3 - Sur,115,8.0,3,60,2025-11-13 17:45:00,2025-11-13 17:48:25.202722836,22.307069741597665,Thursday,5.0,34.0,56.67,3.42,Retraso Leve,Tarde,True
2025-11-13 21:17:51.022536,Ruta 5 - Oeste,115,7.0,5,50,2025-11-13 21:15:00,2025-11-13 21:15:05.035079352,27.85351433058139,Thursday,2.0,36.0,72.0,0.08,A Tiempo,Noche,False
2025-11-14 04:57:51.022536,Ruta 3 - Sur,115,7.0,7,50,2025-11-14 04:45:00,2025-11-14 04:48:42.654641850,20.57032900624987,Friday,0.0,36.0,72.0,3.71,Retraso Leve,Madrugada,False
2025-11-14 05:47:51.022536,Ruta 5 - Oeste,115,7.0,6,60,2025-11-14 05:45:00,2025-11-14 05:46:50.530408392,24.96884685284247,Friday,1.0,37.0,61.67,1.84,A Tiempo,Madrugada,False
2025-11-14 10:52:51.022536,Ruta 3 - Sur,115,3.0,6,40,2025-11-14 10:45:00,2025-11-14 10:47:00.990963852,27.524475760121007,Friday,-3.0,34.0,85.0,2.02,Retraso Leve,Mañana,False
2025-11-15 02:22:51.022536,Ruta 5 - Oeste,115,9.0,12,40,2025-11-15 02:15:00,2025-11-15 02:15:07.264934742,26.961204569435665,Saturday,-3.0,31.0,77.5,0.12,A Tiempo,Madrugada,False
2025-11-15 09:37:51.022536,Ruta 2 - Norte,115,8.0,9,60,2025-11-15 09:30:00,2025-11-15 09:34:50.645973582,23.97332960316705,Saturday,-1.0,30.0,50.0,4.84,Retraso Leve,Mañana,True
2025-11-15 13:52:51.022536,Ruta 3 - Sur,115,14.0,6,40,2025-11-15 13:45:00,2025-11-15 13:45:32.272701666,17.222492097969834,Saturday,8.0,38.0,95.0,0.54,A Tiempo,Tarde,False
2025-11-16 00:07:51.022536,Ruta 3 - Sur,115,10.0,7,60,2025-11-16 00:00:00,2025-11-16 00:01:00.870763608,28.789626424412344,Sunday,3.0,41.0,68.33,1.01,A Tiempo,Madrugada,False
2025-11-16 07:42:51.022536,Ruta 4 - Este,115,6.0,6,60,2025-11-16 07:30:00,2025-11-16 07:31:53.876090496,21.42542889527372,Sunday,0.0,41.0,68.33,1.9,A Tiempo,Mañana,True
2025-11-16 08:17:51.022536,Ruta 1 - Centro,115,8.0,2,50,2025-11-16 08:15:00,2025-11-16 08:19:05.803744254,20.034411241772943,Sunday,6.0,47.0,94.0,4.1,Retraso Leve,Mañana,True
2025-11-16 11:22:51.022536,Ruta 3 - Sur,115,7.0,2,50,2025-11-16 11:15:00,2025-11-16 11:18:13.046603340,33.51420723774401,Sunday,5.0,52.0,100.0,3.22,Retraso Leve,Mañana,False
2025-11-16 17:27:51.022536,Ruta 4 - Este,115,8.0,0,50,2025-11-16 17:15:00,2025-11-16 17:16:17.997224568,26.714421096546506,Sunday,8.0,60.0,100.0,1.3,A Tiempo,Tarde,True
2025-11-16 18:52:51.022536,Ruta 3 - Sur,115,15.0,8,50,2025-11-16 18:45:00,2025-11-16 18:48:38.824300806,24.96884685284247,Sunday,7.0,67.0,100.0,3.65,Retraso Leve,Tarde,True
2025-11-17 07:22:51.022536,Ruta 3 - Sur,115,6.0,6,50,2025-11-17 07:15:00,2025-11-17 07:15:50.059767402,30.018910410214108,Monday,0.0,67.0,100.0,0.83,A Tiempo,Mañana,True
2025-11-17 08:57:51.022536,Ruta 1 - Centro,115,2.0,3,40,2025-11-17 08:45:00,2025-11-17 08:49:49.932231294,26.0857944233017,Monday,-1.0,66.0,100.0,4.83,Retraso Leve,Mañana,True
2025-11-17 20:52:51.022536,Ruta 3 - Sur,115,7.0,4,60,2025-11-17 20:45:00,2025-11-17 20:47:58.391523360,23.57876425165444,Monday,3.0,69.0,100.0,2.97,Retraso Leve,Noche,False
2025-11-17 22:57:51.022536,Ruta 1 - Centro,115,8.0,9,60,2025-11-17 22:45:00,2025-11-17 22:46:25.823723532,15.811783660790674,Monday,-1.0,68.0,100.0,1.43,A Tiempo,Noche,False
2025-11-18 16:07:51.022536,Ruta 3 - Sur,115,4.0,2,60,2025-11-18 16:00:00,2025-11-18 16:00:18.557951502,31.475366633350447,Tuesday,2.0,70.0,100.0,0.31,A Tiempo,Tarde,False
2025-11-18 16:57:51.022536,Ruta 5 - Oeste,115,8.0,7,40,2025-11-18 16:45:00,2025-11-18 16:45:49.919192874,28.574436703080256,Tuesday,1.0,71.0,100.0,0.83,A Tiempo,Tarde,False
2025-11-18 17:27:51.022536,Ruta 1 - Centro,115,4.0,6,50,2025-11-18 17:15:00,2025-11-18 17:15:46.187156616,29.50438171920801,Tuesday,-2.0,69.0,100.0,0.77,A Tiempo,Tarde,True
2025-11-18 22:17:51.022536,Ruta 4 - Este,115,7.0,2,60,2025-11-18 22:15:00,2025-11-18 22:15:35.237054238,30.3848745419285,Tuesday,5.0,74.0,100.0,0.59,A Tiempo,Noche,False
2025-11-19 17:52:51.022536,Ruta 6 - Express,115,9.0,5,50,2025-11-19 17:45:00,2025-11-19 17:45:10.557410826,25.3684386748411,Wednesday,4.0,78.0,100.0,0.18,A Tiempo,Tarde,True
2025-11-19 21:07:51.022536,Ruta 1 - Centro,115,6.0,6,50,2025-11-19 21:00:00,2025-11-19 21:00:46.721840700,28.741560002595428,Wednesday,0.0,78.0,100.0,0.78,A Tiempo,Noche,False
2025-11-20 09:32:51.022536,Ruta 2 - Norte,115,9.0,1,50,2025-11-20 09:30:00,2025-11-20 09:30:28.635030984,15.374358690311723,Thursday,8.0,86.0,100.0,0.48,A Tiempo,Mañana,True
2025-11-21 21:17:51.022536,Ruta 2 - Norte,115,7.0,2,40,2025-11-21 21:15:00,2025-11-21 21:18:30.396114678,26.39273413825217,Friday,5.0,91.0,100.0,3.51,Retraso Leve,Noche,False
2025-11-22 06:12:51.022536,Ruta 1 - Centro,115,8.0,8,60,2025-11-22 06:00:00,2025-11-22 06:00:06.007437900,20.400786965745112,Saturday,0.0,91.0,100.0,0.1,A Tiempo,Madrugada,False
2025-11-22 06:22:51.022536,Ruta 3 - Sur,115,8.0,2,40,2025-11-22 06:15:00,2025-11-22 06:17:41.483297364,15.402933024773551,Saturday,6.0,97.0,100.0,2.69,Retraso Leve,Madrugada,False
2025-11-22 17:12:51.022536,Ruta 5 - Oeste,115,13.0,7,40,2025-11-22 17:00:00,2025-11-22 17:02:21.438984498,30.15738271871519,Saturday,6.0,103.0,100.0,2.36,Retraso Leve,Tarde,True
2025-11-22 17:37:51.022536,Ruta 1 - Centro,115,7.0,5,60,2025-11-22 17:30:00,2025-11-22 17:32:10.556915496,24.52287614402881,Saturday,2.0,105.0,100.0,2.18,Retraso Leve,Tarde,True
2025-11-23 02:02:51.022536,Ruta 6 - Express,115,5.0,9,60,2025-11-23 02:00:00,2025-11-23 02:00:49.300965288,13.544536860235464,Sunday,-4.0,101.0,100.0,0.82,A Tiempo,Madrugada,False
2025-11-23 16:37:51.022536,Ruta 6 - Express,115,10.0,9,50,2025-11-23 16:30:00,2025-11-23 16:31:03.321963834,30.62703395795318,Sunday,1.0,102.0,100.0,1.06,A Tiempo,Tarde,False
2025-11-23 18:32:51.022536,Ruta 6 - Express,115,8.0,7,60,2025-11-23 18:30:00,2025-11-23 18:30:17.583887604,30.857587666017547,Sunday,1.0,103.0,100.0,0.29,A Tiempo,Tarde,True
2025-11-24 12:37:51.022536,Ruta 3 - Sur,115,4.0,5,60,2025-11-24 12:30:00,2025-11-24 12:31:20.596489908,17.713781383573533,Monday,-1.0,102.0,100.0,1.34,A Tiempo,Mañana,False
2025-11-24 15:27:51.022536,Ruta 3 - Sur,115,3.0,4,50,2025-11-24 15:15:00,2025-11-24 15:16:07.697224164,32.80499469019127,Monday,-1.0,101.0,100.0,1.13,A Tiempo,Tarde,False
2025-11-24 19:37:51.022536,Ruta 6 - Express,115,5.0,6,60,2025-11-24 19:30:00,2025-11-24 19:30:14.150067204,25.12718262273193,Monday,-1.0,100.0,100.0,0.24,A Tiempo,Noche,True
2025-11-24 20:07:51.022536,Ruta 5 - Oeste,115,7.0,7,40,2025-11-24 20:00:00,2025-11-24 20:02:30.318786738,28.98305749686069,Monday,0.0,100.0,100.0,2.51,Retraso Leve,Noche,False
2025-11-24 20:17:51.022536,Ruta 1 - Centro,115,9.0,5,60,2025-11-24 20:15:00,2025-11-24 20:17:51.790509936,23.39322616934716,Monday,4.0,104.0,100.0,2.86,Retraso Leve,Noche,False
2025-11-26 12:22:51.022536,Ruta 2 - Norte,115,4.0,6,40,2025-11-26 12:15:00,2025-11-26 12:15:22.228484466,29.302346452386217,Wednesday,-2.0,102.0,100.0,0.37,A Tiempo,Mañana,False
2025-11-26 15:17:51.022536,Ruta 2 - Norte,115,15.0,5,50,2025-11-26 15:15:00,2025-11-26 15:16:18.380706630,28.58043247941673,Wednesday,10.0,112.0,100.0,1.31,A Tiempo,Tarde,False
2025-11-26 22:37:51.022536,Ruta 3 - Sur,115,8.0,5,50,2025-11-26 22:30:00,2025-11-26 22:35:56.042702784,20.85597119548289,Wednesday,3.0,115.0,100.0,5.93,Retraso Grave,Noche,False
2025-11-09 21:22:51.022536,Ruta 2 - Norte,116,5.0,11,50,2025-11-09 21:15:00,2025-11-09 21:15:40.086598710,31.7605044537447,Sunday,-6.0,0.0,0.0,0.67,A Tiempo,Noche,False
2025-11-10 21:27:51.022536,Ruta 6 - Express,116,5.0,9,40,2025-11-10 21:15:00,2025-11-10 21:15:09.769391286,25.79215160985149,Monday,-4.0,0.0,0.0,0.16,A Tiempo,Noche,False
2025-11-11 03:12:51.022536,Ruta 2 - Norte,116,5.0,8,50,2025-11-11 03:00:00,2025-11-11 03:01:38.838648282,26.99158899759951,Tuesday,-3.0,0.0,0.0,1.65,A Tiempo,Madrugada,False
2025-11-11 04:37:51.022536,Ruta 3 - Sur,116,8.0,7,60,2025-11-11 04:30:00,2025-11-11 04:30:15.855104916,24.231331478825336,Tuesday,1.0,0.0,0.0,0.26,A Tiempo,Madrugada,False
2025-11-11 13:27:51.022536,Ruta 3 - Sur,116,6.0,7,50,2025-11-11 13:15:00,2025-11-11 13:15:39.212163330,23.815880534120456,Tuesday,-1.0,0.0,0.0,0.65,A Tiempo,Tarde,False
2025-11-11 15:07:51.022536,Ruta 5 - Oeste,116,10.0,9,60,2025-11-11 15:00:00,2025-11-11 15:07:32.075894652,28.41490750976328,Tuesday,1.0,0.0,0.0,7.53,Retraso Grave,Tarde,False
2025-11-11 19:37:51.022536,Ruta 1 - Centro,116,7.0,8,60,2025-11-11 19:30:00,2025-11-11 19:32:27.033416298,23.472155605807348,Tuesday,-1.0,0.0,0.0,2.45,Retraso Leve,Noche,True
2025-11-11 21:47:51.022536,Ruta 3 - Sur,116,11.0,8,40,2025-11-11 21:45:00,2025-11-11 21:45:59.956355034,22.214588438447723,Tuesday,3.0,0.0,0.0,1.0,A Tiempo,Noche,False
2025-11-12 13:02:51.022536,Ruta 4 - Este,116,12.0,6,40,2025-11-12 13:00:00,2025-11-12 13:01:18.408998130,28.698937740281764,Wednesday,6.0,0.0,0.0,1.31,A Tiempo,Tarde,False
2025-11-12 13:07:51.022536,Ruta 5 - Oeste,116,7.0,9,50,2025-11-12 13:00:00,2025-11-12 13:00:21.388788432,26.416883440765453,Wednesday,-2.0,0.0,0.0,0.36,A Tiempo,Tarde,False
2025-11-12 13:22:51.022536,Ruta 3 - Sur,116,3.0,6,50,2025-11-12 13:15:00,2025-11-12 13:16:56.558526630,29.76042429579625,Wednesday,-3.0,0.0,0.0,1.94,A Tiempo,Tarde,False
2025-11-12 16:22:51.022536,Ruta 4 - Este,116,6.0,4,40,2025-11-12 16:15:00,2025-11-12 16:15:46.833092196,17.72905210858856,Wednesday,2.0,0.0,0.0,0.78,A Tiempo,Tarde,False
2025-11-12 18:07:51.022536,Ruta 3 - Sur,116,5.0,6,60,2025-11-12 18:00:00,2025-11-12 18:00:32.996741903,20.12933384047049,Wednesday,-1.0,0.0,0.0,0.55,A Tiempo,Tarde,True
2025-11-13 00:12:51.022536,Ruta 6 - Express,116,8.0,5,40,2025-11-13 00:00:00,2025-11-13 00:01:16.932327672,25.918686334703303,Thursday,3.0,0.0,0.0,1.28,A Tiempo,Madrugada,False
2025-11-13 08:17:51.022536,Ruta 4 - Este,116,5.0,4,40,2025-11-13 08:15:00,2025-11-13 08:18:56.125675158,26.54337166307239,Thursday,1.0,0.0,0.0,3.94,Retraso Leve,Mañana,True
2025-11-13 17:37:51.022536,Ruta 4 - Este,116,4.0,2,40,2025-11-13 17:30:00,2025-11-13 17:33:29.991414234,22.160139073468084,Thursday,2.0,0.0,0.0,3.5,Retraso Leve,Tarde,True
2025-11-14 06:37:51.022536,Ruta 3 - Sur,116,7.0,9,60,2025-11-14 06:30:00,2025-11-14 06:30:19.841251650,21.63587609678681,Friday,-2.0,0.0,0.0,0.33,A Tiempo,Madrugada,False
2025-11-14 07:47:51.022536,Ruta 2 - Norte,116,16.0,6,40,2025-11-14 07:45:00,2025-11-14 07:56:03.407186808,22.14818631276635,Friday,10.0,6.0,15.0,11.06,Retraso Grave,Mañana,True
2025-11-14 21:32:51.022536,Ruta 1 - Centro,116,4.0,8,60,2025-11-14 21:30:00,2025-11-14 21:30:06.612837192,21.2076205946723,Friday,-4.0,2.0,3.33,0.11,A Tiempo,Noche,False
2025-11-15 00:22:51.022536,Ruta 2 - Norte,116,6.0,9,50,2025-11-15 00:15:00,2025-11-15 00:16:26.582434560,20.55754752806096,Saturday,-3.0,0.0,0.0,1.44,A Tiempo,Madrugada,False
2025-11-15 02:57:51.022536,Ruta 2 - Norte,116,11.0,7,60,2025-11-15 02:45:00,2025-11-15 02:47:05.152855620,24.52481591683129,Saturday,4.0,3.0,5.0,2.09,Retraso Leve,Madrugada,False
2025-11-16 04:57:51.022536,Ruta 3 - Sur,116,8.0,7,60,2025-11-16 04:45:00,2025-11-16 04:45:47.473766046,21.601303375045838,Sunday,1.0,4.0,6.67,0.79,A Tiempo,Madrugada,False
2025-11-16 19:32:51.022536,Ruta 5 - Oeste,116,11.0,9,60,2025-11-16 19:30:00,2025-11-16 19:30:13.508307858,27.752796145392,Sunday,2.0,6.0,10.0,0.23,A Tiempo,Noche,True
2025-11-17 02:42:51.022536,Ruta 5 - Oeste,116,8.0,7,50,2025-11-17 02:30:00,2025-11-17 02:32:49.194715836,16.074296201768423,Monday,1.0,7.0,14.0,2.82,Retraso Leve,Madrugada,False
2025-11-17 07:37:51.022536,Ruta 5 - Oeste,116,5.0,0,40,2025-11-17 07:30:00,2025-11-17 07:31:01.146199812,21.345140977790933,Monday,5.0,12.0,30.0,1.02,A Tiempo,Mañana,True
2025-11-17 18:37:51.022536,Ruta 6 - Express,116,10.0,8,40,2025-11-17 18:30:00,2025-11-17 18:34:07.933383216,25.93183634095369,Monday,2.0,14.0,35.0,4.13,Retraso Leve,Tarde,True
2025-11-17 21:52:51.022536,Ruta 1 - Centro,116,9.0,6,40,2025-11-17 21:45:00,2025-11-17 21:45:59.669930100,29.91480281396921,Monday,3.0,17.0,42.5,0.99,A Tiempo,Noche,False
2025-11-18 09:22:51.022536,Ruta 2 - Norte,116,2.0,4,50,2025-11-18 09:15:00,2025-11-18 09:15:25.385410734,18.163903247995076,Tuesday,-2.0,15.0,30.0,0.42,A Tiempo,Mañana,True
2025-11-18 10:12:51.022536,Ruta 4 - Este,116,6.0,1,40,2025-11-18 10:00:00,2025-11-18 10:01:25.741460184,26.133402717491087,Tuesday,5.0,20.0,50.0,1.43,A Tiempo,Mañana,False
2025-11-18 11:17:51.022536,Ruta 4 - Este,116,9.0,9,60,2025-11-18 11:15:00,2025-11-18 11:16:04.224968682,22.61573760350566,Tuesday,0.0,20.0,33.33,1.07,A Tiempo,Mañana,False
2025-11-18 11:47:51.022536,Ruta 3 - Sur,116,9.0,12,50,2025-11-18 11:45:00,2025-11-18 11:45:30.413326848,24.6425495864093,Tuesday,-3.0,17.0,34.0,0.51,A Tiempo,Mañana,False
2025-11-18 14:37:51.022536,Ruta 4 - Este,116,4.0,3,40,2025-11-18 14:30:00,2025-11-18 14:30:07.367068182,17.323884174463537,Tuesday,1.0,18.0,45.0,0.12,A Tiempo,Tarde,False
2025-11-19 01:32:51.022536,Ruta 2 - Norte,116,6.0,6,60,2025-11-19 01:30:00,2025-11-19 01:33:50.826367464,31.88378165551141,Wednesday,0.0,18.0,30.0,3.85,Retraso Leve,Madrugada,False
2025-11-19 03:02:51.022536,Ruta 3 - Sur,116,9.0,9,40,2025-11-19 03:00:00,2025-11-19 03:08:25.338670098,24.22748562483684,Wednesday,0.0,18.0,45.0,8.42,Retraso Grave,Madrugada,False
2025-11-19 03:07:51.022536,Ruta 1 - Centro,116,7.0,6,60,2025-11-19 03:00:00,2025-11-19 03:00:37.902351822,26.106446965213348,Wednesday,1.0,19.0,31.67,0.63,A Tiempo,Madrugada,False
2025-11-19 08:32:51.022536,Ruta 4 - Este,116,9.0,5,60,2025-11-19 08:30:00,2025-11-19 08:30:05.560051284,24.69673154630595,Wednesday,4.0,23.0,38.33,0.09,A Tiempo,Mañana,True
2025-11-20 04:12:51.022536,Ruta 6 - Express,116,10.0,2,60,2025-11-20 04:00:00,2025-11-20 04:02:17.621178372,27.58907305621084,Thursday,8.0,31.0,51.67,2.29,Retraso Leve,Madrugada,False
2025-11-20 09:52:51.022536,Ruta 1 - Centro,116,11.0,7,60,2025-11-20 09:45:00,2025-11-20 09:46:04.384363518,24.7401422350106,Thursday,4.0,35.0,58.33,1.07,A Tiempo,Mañana,True
2025-11-20 13:27:51.022536,Ruta 5 - Oeste,116,10.0,7,60,2025-11-20 13:15:00,2025-11-20 13:22:23.277974274,23.557248012539382,Thursday,3.0,38.0,63.33,7.39,Retraso Grave,Tarde,False
2025-11-20 20:17:51.022536,Ruta 1 - Centro,116,7.0,7,50,2025-11-20 20:15:00,2025-11-20 20:21:19.776367404,16.51408106126485,Thursday,0.0,38.0,76.0,6.33,Retraso Grave,Noche,False
2025-11-20 20:57:51.022536,Ruta 5 - Oeste,116,10.0,4,60,2025-11-20 20:45:00,2025-11-20 20:45:23.180776794,13.156479615891085,Thursday,6.0,44.0,73.33,0.39,A Tiempo,Noche,False
2025-11-20 23:27:51.022536,Ruta 6 - Express,116,4.0,7,50,2025-11-20 23:15:00,2025-11-20 23:15:51.775282500,20.831398198628055,Thursday,-3.0,41.0,82.0,0.86,A Tiempo,Noche,False
2025-11-21 07:22:51.022536,Ruta 4 - Este,116,11.0,8,60,2025-11-21 07:15:00,2025-11-21 07:16:03.304912326,26.344986975124293,Friday,3.0,44.0,73.33,1.06,A Tiempo,Mañana,True
2025-11-21 09:42:51.022536,Ruta 1 - Centro,116,11.0,6,40,2025-11-21 09:30:00,2025-11-21 09:30:07.975676766,25.48780216979666,Friday,5.0,49.0,100.0,0.13,A Tiempo,Mañana,True
2025-11-21 10:17:51.022536,Ruta 1 - Centro,116,3.0,6,50,2025-11-21 10:15:00,2025-11-21 10:17:27.669021564,23.9227499861422,Friday,-3.0,46.0,92.0,2.46,Retraso Leve,Mañana,False
2025-11-21 13:07:51.022536,Ruta 5 - Oeste,116,7.0,5,50,2025-11-21 13:00:00,2025-11-21 13:01:24.712368846,20.877268674947548,Friday,2.0,48.0,96.0,1.41,A Tiempo,Tarde,False
2025-11-21 18:22:51.022536,Ruta 1 - Centro,116,10.0,6,60,2025-11-21 18:15:00,2025-11-21 18:17:13.002333744,27.829482761086854,Friday,4.0,52.0,86.67,2.22,Retraso Leve,Tarde,True
2025-11-23 00:12:51.022536,Ruta 1 - Centro,116,13.0,6,40,2025-11-23 00:00:00,2025-11-23 00:01:59.833208616,25.04584288390652,Sunday,7.0,59.0,100.0,2.0,A Tiempo,Madrugada,False
2025-11-23 20:12:51.022536,Ruta 1 - Centro,116,10.0,9,60,2025-11-23 20:00:00,2025-11-23 20:00:45.371502642,25.165419811941533,Sunday,1.0,60.0,100.0,0.76,A Tiempo,Noche,False
2025-11-24 05:42:51.022536,Ruta 6 - Express,116,6.0,7,60,2025-11-24 05:30:00,2025-11-24 05:30:28.594682148,16.772440937884944,Monday,-1.0,59.0,98.33,0.48,A Tiempo,Madrugada,False
2025-11-24 16:27:51.022536,Ruta 4 - Este,116,5.0,5,50,2025-11-24 16:15:00,2025-11-24 16:18:31.857460242,20.607028162442987,Monday,0.0,59.0,100.0,3.53,Retraso Leve,Tarde,False
2025-11-24 18:22:51.022536,Ruta 4 - Este,116,10.0,6,40,2025-11-24 18:15:00,2025-11-24 18:16:34.824996918,19.00019216292691,Monday,4.0,63.0,100.0,1.58,A Tiempo,Tarde,True
2025-11-24 20:57:51.022536,Ruta 2 - Norte,116,6.0,5,50,2025-11-24 20:45:00,2025-11-24 20:47:42.893358852,26.909341969950177,Monday,1.0,64.0,100.0,2.71,Retraso Leve,Noche,False
2025-11-24 23:57:51.022536,Ruta 4 - Este,116,8.0,5,50,2025-11-24 23:45:00,2025-11-24 23:48:30.773983824,28.12100883813728,Monday,3.0,67.0,100.0,3.51,Retraso Leve,Noche,False
2025-11-25 22:12:51.022536,Ruta 5 - Oeste,116,9.0,5,60,2025-11-25 22:00:00,2025-11-25 22:03:59.860079946,23.58938261084761,Tuesday,4.0,71.0,100.0,4.0,Retraso Leve,Noche,False
2025-11-26 01:27:51.022536,Ruta 1 - Centro,116,8.0,9,60,2025-11-26 01:15:00,2025-11-26 01:17:43.333571640,21.50715256192516,Wednesday,-1.0,70.0,100.0,2.72,Retraso Leve,Madrugada,False
2025-11-26 07:47:51.022536,Ruta 6 - Express,116,7.0,3,40,2025-11-26 07:45:00,2025-11-26 07:46:29.367783342,26.09866981242357,Wednesday,4.0,74.0,100.0,1.49,A Tiempo,Mañana,True
2025-11-26 12:27:51.022536,Ruta 2 - Norte,116,9.0,4,40,2025-11-26 12:15:00,2025-11-26 12:16:57.431517420,21.883797361778463,Wednesday,5.0,79.0,100.0,1.96,A Tiempo,Mañana,False
2025-11-26 13:37:51.022536,Ruta 2 - Norte,116,5.0,8,50,2025-11-26 13:30:00,2025-11-26 13:30:03.967771488,31.334121927675792,Wednesday,-3.0,76.0,100.0,0.07,A Tiempo,Tarde,False
2025-11-26 19:37:51.022536,Ruta 5 - Oeste,116,12.0,8,60,2025-11-26 19:30:00,2025-11-26 19:39:54.953567466,30.532080073702176,Wednesday,4.0,80.0,100.0,9.92,Retraso Grave,Noche,True
2025-11-26 21:32:51.022536,Ruta 2 - Norte,116,4.0,8,60,2025-11-26 21:30:00,2025-11-26 21:30:08.776455858,22.023712003234643,Wednesday,-4.0,76.0,100.0,0.15,A Tiempo,Noche,False
2025-11-10 00:42:51.022536,Ruta 1 - Centro,117,10.0,5,40,2025-11-10 00:30:00,2025-11-10 00:30:47.196165984,20.558304916953887,Monday,5.0,5.0,12.5,0.79,A Tiempo,Madrugada,False
2025-11-10 05:27:51.022536,Ruta 5 - Oeste,117,11.0,5,60,2025-11-10 05:15:00,2025-11-10 05:18:28.787284704,22.49245946085304,Monday,6.0,11.0,18.33,3.48,Retraso Leve,Madrugada,False
2025-11-10 13:02:51.022536,Ruta 3 - Sur,117,5.0,5,60,2025-11-10 13:00:00,2025-11-10 13:03:08.088398064,23.922064732549035,Monday,0.0,11.0,18.33,3.13,Retraso Leve,Tarde,False
2025-11-11 04:22:51.022536,Ruta 5 - Oeste,117,11.0,5,40,2025-11-11 04:15:00,2025-11-11 04:15:08.018944709,22.684466446299894,Tuesday,6.0,17.0,42.5,0.13,A Tiempo,Madrugada,False
2025-11-11 06:57:51.022536,Ruta 5 - Oeste,117,10.0,6,60,2025-11-11 06:45:00,2025-11-11 06:45:54.506214840,26.207922513287357,Tuesday,4.0,21.0,35.0,0.91,A Tiempo,Madrugada,False
2025-11-12 06:57:51.022536,Ruta 5 - Oeste,117,9.0,7,40,2025-11-12 06:45:00,2025-11-12 06:46:41.697813342,27.68209498774348,Wednesday,2.0,23.0,57.5,1.69,A Tiempo,Madrugada,False
2025-11-12 16:12:51.022536,Ruta 2 - Norte,117,12.0,10,40,2025-11-12 16:00:00,2025-11-12 16:01:02.147755446,20.11790198994212,Wednesday,2.0,25.0,62.5,1.04,A Tiempo,Tarde,False
2025-11-12 21:42:51.022536,Ruta 4 - Este,117,4.0,4,60,2025-11-12 21:30:00,2025-11-12 21:31:17.350504056,28.756794056519556,Wednesday,0.0,25.0,41.67,1.29,A Tiempo,Noche,False
2025-11-12 23:12:51.022536,Ruta 2 - Norte,117,2.0,7,40,2025-11-12 23:00:00,2025-11-12 23:03:34.905633738,29.75508732684865,Wednesday,-5.0,20.0,50.0,3.58,Retraso Leve,Noche,False
2025-11-13 02:22:51.022536,Ruta 3 - Sur,117,6.0,7,60,2025-11-13 02:15:00,2025-11-13 02:15:04.198047204,28.60089838921489,Thursday,-1.0,19.0,31.67,0.07,A Tiempo,Madrugada,False
2025-11-13 05:57:51.022536,Ruta 5 - Oeste,117,7.0,6,60,2025-11-13 05:45:00,2025-11-13 05:51:07.962901841,38.85448074870228,Thursday,1.0,20.0,33.33,6.13,Retraso Grave,Madrugada,False
2025-11-13 12:07:51.022536,Ruta 6 - Express,117,12.0,7,40,2025-11-13 12:00:00,2025-11-13 12:02:46.327294656,26.466638140167813,Thursday,5.0,25.0,62.5,2.77,Retraso Leve,Mañana,False
2025-11-14 02:37:51.022536,Ruta 6 - Express,117,9.0,7,50,2025-11-14 02:30:00,2025-11-14 02:32:04.218800280,20.404491873946853,Friday,2.0,27.0,54.0,2.07,Retraso Leve,Madrugada,False
2025-11-14 04:32:51.022536,Ruta 6 - Express,117,8.0,6,50,2025-11-14 04:30:00,2025-11-14 04:37:11.708564442,24.01449672266564,Friday,2.0,29.0,58.0,7.2,Retraso Grave,Madrugada,False
2025-11-15 02:07:51.022536,Ruta 5 - Oeste,117,5.0,11,40,2025-11-15 02:00:00,2025-11-15 02:00:50.615004276,20.94762321723758,Saturday,-6.0,23.0,57.5,0.84,A Tiempo,Madrugada,False
2025-11-15 04:17:51.022536,Ruta 5 - Oeste,117,13.0,5,60,2025-11-15 04:15:00,2025-11-15 04:16:39.348491406,24.745299489096205,Saturday,8.0,31.0,51.67,1.66,A Tiempo,Madrugada,False
2025-11-15 05:37:51.022536,Ruta 5 - Oeste,117,6.0,4,50,2025-11-15 05:30:00,2025-11-15 05:32:18.879868914,26.11918529569374,Saturday,2.0,33.0,66.0,2.31,Retraso Leve,Madrugada,False
2025-11-15 07:22:51.022536,Ruta 5 - Oeste,117,9.0,2,40,2025-11-15 07:15:00,2025-11-15 07:16:21.065078658,25.874070740773977,Saturday,7.0,40.0,100.0,1.35,A Tiempo,Mañana,True
2025-11-15 16:52:51.022536,Ruta 2 - Norte,117,11.0,7,60,2025-11-15 16:45:00,2025-11-15 16:46:26.355209892,23.813182980932837,Saturday,4.0,44.0,73.33,1.44,A Tiempo,Tarde,False
2025-11-15 17:22:51.022536,Ruta 3 - Sur,117,11.0,4,60,2025-11-15 17:15:00,2025-11-15 17:17:29.902398258,25.7950512145329,Saturday,7.0,51.0,85.0,2.5,Retraso Leve,Tarde,True
2025-11-16 02:02:51.022536,Ruta 6 - Express,117,2.0,6,50,2025-11-16 02:00:00,2025-11-16 02:01:03.311814246,28.382894218534297,Sunday,-4.0,47.0,94.0,1.06,A Tiempo,Madrugada,False
2025-11-16 06:42:51.022536,Ruta 5 - Oeste,117,12.0,7,60,2025-11-16 06:30:00,2025-11-16 06:31:25.665224886,23.984690926367094,Sunday,5.0,52.0,86.67,1.43,A Tiempo,Madrugada,False
2025-11-16 09:07:51.022536,Ruta 2 - Norte,117,5.0,3,40,2025-11-16 09:00:00,2025-11-16 09:05:07.875044267,31.121443759239305,Sunday,2.0,54.0,100.0,5.13,Retraso Grave,Mañana,True
2025-11-16 10:12:51.022536,Ruta 6 - Express,117,9.0,6,40,2025-11-16 10:00:00,2025-11-16 10:00:26.246666316,31.545724585371318,Sunday,3.0,57.0,100.0,0.44,A Tiempo,Mañana,False
2025-11-16 12:02:51.022536,Ruta 2 - Norte,117,5.0,7,50,2025-11-16 12:00:00,2025-11-16 12:00:26.963160126,23.471268836030166,Sunday,-2.0,55.0,100.0,0.45,A Tiempo,Mañana,False
2025-11-16 20:32:51.022536,Ruta 5 - Oeste,117,8.0,6,50,2025-11-16 20:30:00,2025-11-16 20:30:04.101406332,21.31271372126237,Sunday,2.0,57.0,100.0,0.07,A Tiempo,Noche,False
2025-11-17 10:32:51.022536,Ruta 6 - Express,117,1.0,9,50,2025-11-17 10:30:00,2025-11-17 10:31:55.489021680,28.241463365893438,Monday,-8.0,49.0,98.0,1.92,A Tiempo,Mañana,False
2025-11-17 12:47:51.022536,Ruta 3 - Sur,117,10.0,12,40,2025-11-17 12:45:00,2025-11-17 12:46:08.827295940,29.344822937124995,Monday,-2.0,47.0,100.0,1.15,A Tiempo,Mañana,False
2025-11-17 13:32:51.022536,Ruta 1 - Centro,117,7.0,5,50,2025-11-17 13:30:00,2025-11-17 13:30:09.327357912,20.543759301819787,Monday,2.0,49.0,98.0,0.16,A Tiempo,Tarde,False
2025-11-17 14:17:51.022536,Ruta 6 - Express,117,5.0,2,50,2025-11-17 14:15:00,2025-11-17 14:17:00.769607670,25.6469179802331,Monday,3.0,52.0,100.0,2.01,Retraso Leve,Tarde,False
2025-11-17 18:32:51.022536,Ruta 4 - Este,117,8.0,7,60,2025-11-17 18:30:00,2025-11-17 18:32:27.645659796,18.295910391293496,Monday,1.0,53.0,88.33,2.46,Retraso Leve,Tarde,True
2025-11-18 00:27:51.022536,Ruta 4 - Este,117,6.0,8,60,2025-11-18 00:15:00,2025-11-18 00:17:55.695834804,24.500773488183345,Tuesday,-2.0,51.0,85.0,2.93,Retraso Leve,Madrugada,False
2025-11-18 10:52:51.022536,Ruta 2 - Norte,117,9.0,8,60,2025-11-18 10:45:00,2025-11-18 10:46:15.519982248,21.65747174932672,Tuesday,1.0,52.0,86.67,1.26,A Tiempo,Mañana,False
2025-11-18 11:22:51.022536,Ruta 6 - Express,117,6.0,6,50,2025-11-18 11:15:00,2025-11-18 11:18:59.349444354,28.01857446945389,Tuesday,0.0,52.0,100.0,3.99,Retraso Leve,Mañana,False
2025-11-18 23:02:51.022536,Ruta 4 - Este,117,5.0,3,40,2025-11-18 23:00:00,2025-11-18 23:00:12.162467880,27.65913127558296,Tuesday,2.0,54.0,100.0,0.2,A Tiempo,Noche,False
2025-11-19 09:47:51.022536,Ruta 5 - Oeste,117,7.0,2,40,2025-11-19 09:45:00,2025-11-19 09:47:15.975822810,22.74843726137837,Wednesday,5.0,59.0,100.0,2.27,Retraso Leve,Mañana,True
2025-11-19 12:07:51.022536,Ruta 5 - Oeste,117,5.0,5,60,2025-11-19 12:00:00,2025-11-19 12:00:21.065072376,27.34355359137742,Wednesday,0.0,59.0,98.33,0.35,A Tiempo,Mañana,False
2025-11-19 12:42:51.022536,Ruta 6 - Express,117,8.0,3,50,2025-11-19 12:30:00,2025-11-19 12:30:49.566743052,23.098868161387184,Wednesday,5.0,64.0,100.0,0.83,A Tiempo,Mañana,False
2025-11-19 15:42:51.022536,Ruta 6 - Express,117,6.0,5,40,2025-11-19 15:30:00,2025-11-19 15:31:34.504355958,26.207640818552743,Wednesday,1.0,65.0,100.0,1.58,A Tiempo,Tarde,False
2025-11-20 01:22:51.022536,Ruta 5 - Oeste,117,8.0,6,40,2025-11-20 01:15:00,2025-11-20 01:18:40.393722282,26.289718572504416,Thursday,2.0,67.0,100.0,3.67,Retraso Leve,Madrugada,False
2025-11-20 02:22:51.022536,Ruta 6 - Express,117,6.0,11,50,2025-11-20 02:15:00,2025-11-20 02:15:52.527109128,23.813294957207205,Thursday,-5.0,62.0,100.0,0.88,A Tiempo,Madrugada,False
2025-11-20 10:22:51.022536,Ruta 6 - Express,117,8.0,6,60,2025-11-20 10:15:00,2025-11-20 10:16:22.273724142,24.37264056098779,Thursday,2.0,64.0,100.0,1.37,A Tiempo,Mañana,False
2025-11-20 17:02:51.022536,Ruta 5 - Oeste,117,8.0,6,40,2025-11-20 17:00:00,2025-11-20 17:00:33.384720582,25.754296744577783,Thursday,2.0,66.0,100.0,0.56,A Tiempo,Tarde,True
2025-11-20 22:57:51.022536,Ruta 4 - Este,117,7.0,6,40,2025-11-20 22:45:00,2025-11-20 22:51:15.863661587,24.97837656673833,Thursday,1.0,67.0,100.0,6.26,Retraso Grave,Noche,False
2025-11-21 02:02:51.022536,Ruta 1 - Centro,117,9.0,5,50,2025-11-21 02:00:00,2025-11-21 02:00:49.275591792,33.88398723658034,Friday,4.0,71.0,100.0,0.82,A Tiempo,Madrugada,False
2025-11-21 02:27:51.022536,Ruta 6 - Express,117,15.0,7,40,2025-11-21 02:15:00,2025-11-21 02:15:00.337673106,25.93893176076122,Friday,8.0,79.0,100.0,0.01,A Tiempo,Madrugada,False
2025-11-21 03:27:51.022536,Ruta 1 - Centro,117,8.0,2,40,2025-11-21 03:15:00,2025-11-21 03:20:30.152393100,29.88956814864295,Friday,6.0,85.0,100.0,5.5,Retraso Grave,Madrugada,False
2025-11-21 06:57:51.022536,Ruta 6 - Express,117,10.0,4,50,2025-11-21 06:45:00,2025-11-21 06:45:07.285750878,30.185826649197622,Friday,6.0,91.0,100.0,0.12,A Tiempo,Madrugada,False
2025-11-21 20:07:51.022536,Ruta 5 - Oeste,117,4.0,3,50,2025-11-21 20:00:00,2025-11-21 20:02:46.577829474,26.578330061356567,Friday,1.0,92.0,100.0,2.78,Retraso Leve,Noche,False
2025-11-22 23:12:51.022536,Ruta 6 - Express,117,8.0,3,50,2025-11-22 23:00:00,2025-11-22 23:00:45.450580494,34.61438192884085,Saturday,5.0,97.0,100.0,0.76,A Tiempo,Noche,False
2025-11-23 03:47:51.022536,Ruta 4 - Este,117,8.0,9,40,2025-11-23 03:45:00,2025-11-23 03:46:27.460929456,23.035116424266665,Sunday,-1.0,96.0,100.0,1.46,A Tiempo,Madrugada,False
2025-11-23 13:12:51.022536,Ruta 3 - Sur,117,11.0,6,50,2025-11-23 13:00:00,2025-11-23 13:00:48.704062212,26.72769091837032,Sunday,5.0,101.0,100.0,0.81,A Tiempo,Tarde,False
2025-11-23 18:17:51.022536,Ruta 4 - Este,117,9.0,5,40,2025-11-23 18:15:00,2025-11-23 18:15:54.854663676,24.665963640588533,Sunday,4.0,105.0,100.0,0.91,A Tiempo,Tarde,True
2025-11-23 19:42:51.022536,Ruta 1 - Centro,117,12.0,5,50,2025-11-23 19:30:00,2025-11-23 19:30:03.547735494,30.276470933597533,Sunday,7.0,112.0,100.0,0.06,A Tiempo,Noche,True
2025-11-24 04:37:51.022536,Ruta 1 - Centro,117,10.0,7,60,2025-11-24 04:30:00,2025-11-24 04:35:49.917903996,19.260566922030904,Monday,3.0,115.0,100.0,5.83,Retraso Grave,Madrugada,False
2025-11-24 14:52:51.022536,Ruta 4 - Este,117,8.0,8,40,2025-11-24 14:45:00,2025-11-24 14:45:02.294193126,28.21580271637996,Monday,0.0,115.0,100.0,0.04,A Tiempo,Tarde,False
2025-11-24 17:52:51.022536,Ruta 1 - Centro,117,10.0,12,50,2025-11-24 17:45:00,2025-11-24 17:46:24.767201352,22.58753344924209,Monday,-2.0,113.0,100.0,1.41,A Tiempo,Tarde,True
2025-11-25 00:52:51.022536,Ruta 5 - Oeste,117,11.0,6,50,2025-11-25 00:45:00,2025-11-25 00:45:36.842792784,25.414360691135805,Tuesday,5.0,118.0,100.0,0.61,A Tiempo,Madrugada,False
2025-11-25 04:47:51.022536,Ruta 1 - Centro,117,10.0,4,60,2025-11-25 04:45:00,2025-11-25 04:45:25.692473988,26.631985038118827,Tuesday,6.0,124.0,100.0,0.43,A Tiempo,Madrugada,False
2025-11-25 08:17:51.022536,Ruta 2 - Norte,117,9.0,7,50,2025-11-25 08:15:00,2025-11-25 08:21:46.149950010,16.37355560636447,Tuesday,2.0,126.0,100.0,6.77,Retraso Grave,Mañana,True
2025-11-25 11:57:51.022536,Ruta 6 - Express,117,6.0,6,40,2025-11-25 11:45:00,2025-11-25 11:47:21.484032168,17.841179383112696,Tuesday,0.0,126.0,100.0,2.36,Retraso Leve,Mañana,False
2025-11-26 14:22:51.022536,Ruta 5 - Oeste,117,11.0,10,50,2025-11-26 14:15:00,2025-11-26 14:18:06.959331510,20.54618759242242,Wednesday,1.0,127.0,100.0,3.12,Retraso Leve,Tarde,False
2025-11-26 20:02:51.022536,Ruta 2 - Norte,117,8.0,6,50,2025-11-26 20:00:00,2025-11-26 20:04:05.422448118,32.57844235205729,Wednesday,2.0,129.0,100.0,4.09,Retraso Leve,Noche,False
2025-11-26 22:47:51.022536,Ruta 1 - Centro,117,8.0,6,60,2025-11-26 22:45:00,2025-11-26 22:45:49.573696596,25.44517057776437,Wednesday,2.0,131.0,100.0,0.83,A Tiempo,Noche,False
2025-11-10 10:12:51.022536,Ruta 1 - Centro,118,7.0,6,50,2025-11-10 10:00:00,2025-11-10 10:08:27.150620094,21.965697203031198,Monday,1.0,1.0,2.0,8.45,Retraso Grave,Mañana,False
2025-11-10 21:52:51.022536,Ruta 5 - Oeste,118,6.0,9,60,2025-11-10 21:45:00,2025-11-10 21:45:59.717894226,25.285929620796622,Monday,-3.0,0.0,0.0,1.0,A Tiempo,Noche,False
2025-11-11 21:57:51.022536,Ruta 2 - Norte,118,10.0,8,60,2025-11-11 21:45:00,2025-11-11 21:45:18.402229038,26.261881458430125,Tuesday,2.0,0.0,0.0,0.31,A Tiempo,Noche,False
2025-11-12 16:57:51.022536,Ruta 5 - Oeste,118,5.0,3,60,2025-11-12 16:45:00,2025-11-12 16:46:45.941677674,25.53307661171288,Wednesday,2.0,2.0,3.33,1.77,A Tiempo,Tarde,False
2025-11-12 17:22:51.022536,Ruta 3 - Sur,118,3.0,6,50,2025-11-12 17:15:00,2025-11-12 17:18:52.381098564,15.698491409170918,Wednesday,-3.0,0.0,0.0,3.87,Retraso Leve,Tarde,True
2025-11-13 10:42:51.022536,Ruta 6 - Express,118,10.0,9,60,2025-11-13 10:30:00,2025-11-13 10:33:03.615151296,19.53423889617266,Thursday,1.0,0.0,0.0,3.06,Retraso Leve,Mañana,False
2025-11-13 12:37:51.022536,Ruta 2 - Norte,118,6.0,6,40,2025-11-13 12:30:00,2025-11-13 12:32:35.935864614,31.44263248037813,Thursday,0.0,0.0,0.0,2.6,Retraso Leve,Mañana,False
2025-11-13 13:42:51.022536,Ruta 3 - Sur,118,9.0,5,50,2025-11-13 13:30:00,2025-11-13 13:31:09.765362334,20.57920616726239,Thursday,4.0,4.0,8.0,1.16,A Tiempo,Tarde,False
2025-11-13 16:02:51.022536,Ruta 3 - Sur,118,8.0,5,40,2025-11-13 16:00:00,2025-11-13 16:09:06.856523064,28.02325215208536,Thursday,3.0,7.0,17.5,9.11,Retraso Grave,Tarde,False
2025-11-13 20:07:51.022536,Ruta 2 - Norte,118,5.0,9,50,2025-11-13 20:00:00,2025-11-13 20:00:46.770601182,17.23651300968547,Thursday,-4.0,3.0,6.0,0.78,A Tiempo,Noche,False
2025-11-14 13:17:51.022536,Ruta 1 - Centro,118,6.0,6,40,2025-11-14 13:15:00,2025-11-14 13:15:17.089024104,21.843963105562334,Friday,0.0,3.0,7.5,0.28,A Tiempo,Tarde,False
2025-11-14 16:52:51.022536,Ruta 3 - Sur,118,4.0,4,60,2025-11-14 16:45:00,2025-11-14 16:47:07.477744062,25.14909498874877,Friday,0.0,3.0,5.0,2.12,Retraso Leve,Tarde,False
2025-11-15 05:32:51.022536,Ruta 3 - Sur,118,9.0,9,40,2025-11-15 05:30:00,2025-11-15 05:31:10.604518500,25.025739261934408,Saturday,0.0,3.0,7.5,1.18,A Tiempo,Madrugada,False
2025-11-15 12:47:51.022536,Ruta 3 - Sur,118,15.0,6,50,2025-11-15 12:45:00,2025-11-15 12:46:39.541815672,32.98767096519688,Saturday,9.0,12.0,24.0,1.66,A Tiempo,Mañana,False
2025-11-15 20:52:51.022536,Ruta 4 - Este,118,10.0,7,60,2025-11-15 20:45:00,2025-11-15 20:48:31.958314151,21.790195641604825,Saturday,3.0,15.0,25.0,3.53,Retraso Leve,Noche,False
2025-11-15 22:02:51.022536,Ruta 2 - Norte,118,8.0,3,50,2025-11-15 22:00:00,2025-11-15 22:00:18.862918332,21.665488513525936,Saturday,5.0,20.0,40.0,0.31,A Tiempo,Noche,False
2025-11-15 22:47:51.022536,Ruta 5 - Oeste,118,7.0,5,50,2025-11-15 22:45:00,2025-11-15 22:48:09.302829558,23.91191027362165,Saturday,2.0,22.0,44.0,3.16,Retraso Leve,Noche,False
2025-11-16 06:37:51.022536,Ruta 3 - Sur,118,7.0,4,40,2025-11-16 06:30:00,2025-11-16 06:31:37.898827320,29.534764815236343,Sunday,3.0,25.0,62.5,1.63,A Tiempo,Madrugada,False
2025-11-16 07:57:51.022536,Ruta 3 - Sur,118,6.0,4,60,2025-11-16 07:45:00,2025-11-16 07:48:00.854491290,22.92389304803244,Sunday,2.0,27.0,45.0,3.01,Retraso Leve,Mañana,True
2025-11-16 08:42:51.022536,Ruta 6 - Express,118,4.0,10,60,2025-11-16 08:30:00,2025-11-16 08:30:31.544729838,23.26275186924248,Sunday,-6.0,21.0,35.0,0.53,A Tiempo,Mañana,True
2025-11-17 19:27:51.022536,Ruta 5 - Oeste,118,9.0,5,60,2025-11-17 19:15:00,2025-11-17 19:15:51.217703490,18.818699378591397,Monday,4.0,25.0,41.67,0.85,A Tiempo,Noche,True
2025-11-17 23:12:51.022536,Ruta 5 - Oeste,118,10.0,7,50,2025-11-17 23:00:00,2025-11-17 23:01:19.761742998,35.70056803474608,Monday,3.0,28.0,56.0,1.33,A Tiempo,Noche,False
2025-11-18 13:07:51.022536,Ruta 1 - Centro,118,7.0,8,50,2025-11-18 13:00:00,2025-11-18 13:00:04.445825520,17.345697107983533,Tuesday,-1.0,27.0,54.0,0.07,A Tiempo,Tarde,False
2025-11-18 14:32:51.022536,Ruta 1 - Centro,118,10.0,7,60,2025-11-18 14:30:00,2025-11-18 14:30:31.968070926,28.90122436842195,Tuesday,3.0,30.0,50.0,0.53,A Tiempo,Tarde,False
2025-11-18 23:42:51.022536,Ruta 6 - Express,118,9.0,11,40,2025-11-18 23:30:00,2025-11-18 23:32:29.123489370,22.669880591352253,Tuesday,-2.0,28.0,70.0,2.49,Retraso Leve,Noche,False
2025-11-19 04:22:51.022536,Ruta 5 - Oeste,118,9.0,9,50,2025-11-19 04:15:00,2025-11-19 04:17:02.623005024,30.727433833955093,Wednesday,0.0,28.0,56.0,2.04,Retraso Leve,Madrugada,False
2025-11-19 14:32:51.022536,Ruta 2 - Norte,118,9.0,7,40,2025-11-19 14:30:00,2025-11-19 14:39:33.889035126,23.59688464834308,Wednesday,2.0,30.0,75.0,9.56,Retraso Grave,Tarde,False
2025-11-19 14:47:51.022536,Ruta 1 - Centro,118,14.0,10,60,2025-11-19 14:45:00,2025-11-19 14:46:06.665148690,23.28342554728714,Wednesday,4.0,34.0,56.67,1.11,A Tiempo,Tarde,False
2025-11-20 10:07:51.022536,Ruta 1 - Centro,118,7.0,7,40,2025-11-20 10:00:00,2025-11-20 10:00:19.455593268,22.0287698029954,Thursday,0.0,34.0,85.0,0.32,A Tiempo,Mañana,False
2025-11-20 10:57:51.022536,Ruta 2 - Norte,118,12.0,5,40,2025-11-20 10:45:00,2025-11-20 10:47:28.287080100,28.410439375696075,Thursday,7.0,41.0,100.0,2.47,Retraso Leve,Mañana,False
2025-11-20 14:27:51.022536,Ruta 2 - Norte,118,7.0,3,60,2025-11-20 14:15:00,2025-11-20 14:16:29.202365202,27.234517016344395,Thursday,4.0,45.0,75.0,1.49,A Tiempo,Tarde,False
2025-11-20 17:27:51.022536,Ruta 6 - Express,118,4.0,6,40,2025-11-20 17:15:00,2025-11-20 17:16:49.878398928,25.246309454641324,Thursday,-2.0,43.0,100.0,1.83,A Tiempo,Tarde,True
2025-11-20 19:32:51.022536,Ruta 4 - Este,118,9.0,11,60,2025-11-20 19:30:00,2025-11-20 19:32:25.733237070,15.164545578009465,Thursday,-2.0,41.0,68.33,2.43,Retraso Leve,Noche,True
2025-11-20 20:52:51.022536,Ruta 6 - Express,118,7.0,7,50,2025-11-20 20:45:00,2025-11-20 20:46:14.809593144,23.27502072200966,Thursday,0.0,41.0,82.0,1.25,A Tiempo,Noche,False
2025-11-22 00:32:51.022536,Ruta 2 - Norte,118,7.0,6,50,2025-11-22 00:30:00,2025-11-22 00:31:17.454919128,8.374451973561818,Saturday,1.0,42.0,84.0,1.29,A Tiempo,Madrugada,False
2025-11-23 14:37:51.022536,Ruta 1 - Centro,118,4.0,9,60,2025-11-23 14:30:00,2025-11-23 14:32:27.807313014,23.35856897224564,Sunday,-5.0,37.0,61.67,2.46,Retraso Leve,Tarde,False
2025-11-23 23:32:51.022536,Ruta 1 - Centro,118,14.0,10,50,2025-11-23 23:30:00,2025-11-23 23:30:10.950769632,21.601674904994745,Sunday,4.0,41.0,82.0,0.18,A Tiempo,Noche,False
2025-11-24 10:27:51.022536,Ruta 5 - Oeste,118,9.0,5,40,2025-11-24 10:15:00,2025-11-24 10:19:47.051504820,20.929135842421744,Monday,4.0,45.0,100.0,4.78,Retraso Leve,Mañana,False
2025-11-24 17:12:51.022536,Ruta 2 - Norte,118,6.0,2,60,2025-11-24 17:00:00,2025-11-24 17:00:35.966660604,25.99570230559316,Monday,4.0,49.0,81.67,0.6,A Tiempo,Tarde,True
2025-11-24 18:27:51.022536,Ruta 5 - Oeste,118,4.0,9,50,2025-11-24 18:15:00,2025-11-24 18:18:13.681734558,25.162538348418863,Monday,-5.0,44.0,88.0,3.23,Retraso Leve,Tarde,True
2025-11-25 02:42:51.022536,Ruta 2 - Norte,118,6.0,12,40,2025-11-25 02:30:00,2025-11-25 02:33:02.672394444,30.831585245706712,Tuesday,-6.0,38.0,95.0,3.04,Retraso Leve,Madrugada,False
2025-11-25 17:17:51.022536,Ruta 2 - Norte,118,2.0,9,60,2025-11-25 17:15:00,2025-11-25 17:28:17.831380578,22.16068472537948,Tuesday,-7.0,31.0,51.67,13.3,Retraso Grave,Tarde,True
2025-11-25 18:12:51.022536,Ruta 3 - Sur,118,5.0,6,40,2025-11-25 18:00:00,2025-11-25 18:03:35.678294490,28.47953580698324,Tuesday,-1.0,30.0,75.0,3.59,Retraso Leve,Tarde,True
2025-11-25 18:52:51.022536,Ruta 4 - Este,118,8.0,12,40,2025-11-25 18:45:00,2025-11-25 18:45:14.428872714,14.87176045078056,Tuesday,-4.0,26.0,65.0,0.24,A Tiempo,Tarde,True
2025-11-25 21:32:51.022536,Ruta 3 - Sur,118,7.0,5,40,2025-11-25 21:30:00,2025-11-25 21:30:28.257168924,20.12480944634652,Tuesday,2.0,28.0,70.0,0.47,A Tiempo,Noche,False
2025-11-26 12:37:51.022536,Ruta 1 - Centro,118,7.0,1,60,2025-11-26 12:30:00,2025-11-26 12:36:17.656822530,27.70257373052098,Wednesday,6.0,34.0,56.67,6.29,Retraso Grave,Mañana,False
2025-11-26 21:57:51.022536,Ruta 1 - Centro,118,7.0,9,40,2025-11-26 21:45:00,2025-11-26 21:45:51.071671326,28.780745223814225,Wednesday,-2.0,32.0,80.0,0.85,A Tiempo,Noche,False
2025-11-09 16:47:51.022536,Ruta 5 - Oeste,119,6.0,7,60,2025-11-09 16:45:00,2025-11-09 16:45:15.918786653,25.39430528753609,Sunday,-1.0,0.0,0.0,0.27,A Tiempo,Tarde,False
2025-11-10 06:12:51.022536,Ruta 3 - Sur,119,14.0,3,60,2025-11-10 06:00:00,2025-11-10 06:01:53.087205354,19.95965410449438,Monday,11.0,10.0,16.67,1.88,A Tiempo,Madrugada,False
2025-11-10 10:47:51.022536,Ruta 2 - Norte,119,9.0,12,50,2025-11-10 10:45:00,2025-11-10 10:45:24.154032222,20.81086496456756,Monday,-3.0,7.0,14.0,0.4,A Tiempo,Mañana,False
2025-11-10 15:47:51.022536,Ruta 4 - Este,119,6.0,3,40,2025-11-10 15:45:00,2025-11-10 15:45:34.591955808,16.256432119420612,Monday,3.0,10.0,25.0,0.58,A Tiempo,Tarde,False
2025-11-10 16:27:51.022536,Ruta 4 - Este,119,7.0,4,40,2025-11-10 16:15:00,2025-11-10 16:17:33.998612778,24.01630059958323,Monday,3.0,13.0,32.5,2.57,Retraso Leve,Tarde,False
2025-11-10 18:17:51.022536,Ruta 4 - Este,119,8.0,7,50,2025-11-10 18:15:00,2025-11-10 18:15:22.553726298,25.14761285959057,Monday,1.0,14.0,28.0,0.38,A Tiempo,Tarde,True
2025-11-10 21:07:51.022536,Ruta 6 - Express,119,7.0,4,60,2025-11-10 21:00:00,2025-11-10 21:03:08.593508892,18.46795895298157,Monday,3.0,17.0,28.33,3.14,Retraso Leve,Noche,False
2025-11-10 22:27:51.022536,Ruta 4 - Este,119,7.0,9,40,2025-11-10 22:15:00,2025-11-10 22:19:53.872748160,28.832722561655505,Monday,-2.0,15.0,37.5,4.9,Retraso Leve,Noche,False
2025-11-11 05:32:51.022536,Ruta 2 - Norte,119,13.0,4,40,2025-11-11 05:30:00,2025-11-11 05:30:25.492244166,36.16446430382496,Tuesday,9.0,24.0,60.0,0.42,A Tiempo,Madrugada,False
2025-11-11 12:42:51.022536,Ruta 4 - Este,119,6.0,4,40,2025-11-11 12:30:00,2025-11-11 12:30:19.618364574,22.144535385065964,Tuesday,2.0,26.0,65.0,0.33,A Tiempo,Mañana,False
2025-11-12 02:17:51.022536,Ruta 5 - Oeste,119,10.0,12,60,2025-11-12 02:15:00,2025-11-12 02:19:06.175228950,22.937529970285464,Wednesday,-2.0,24.0,40.0,4.1,Retraso Leve,Madrugada,False
2025-11-12 15:47:51.022536,Ruta 5 - Oeste,119,9.0,4,40,2025-11-12 15:45:00,2025-11-12 15:48:31.087963554,24.60425555329136,Wednesday,5.0,29.0,72.5,3.52,Retraso Leve,Tarde,False
2025-11-12 17:27:51.022536,Ruta 1 - Centro,119,4.0,6,40,2025-11-12 17:15:00,2025-11-12 17:19:51.829037724,32.427835658999285,Wednesday,-2.0,27.0,67.5,4.86,Retraso Leve,Tarde,True
2025-11-13 11:22:51.022536,Ruta 6 - Express,119,7.0,6,40,2025-11-13 11:15:00,2025-11-13 11:15:16.684173347,30.21925256121021,Thursday,1.0,28.0,70.0,0.28,A Tiempo,Mañana,False
2025-11-13 14:07:51.022536,Ruta 3 - Sur,119,9.0,2,50,2025-11-13 14:00:00,2025-11-13 14:00:43.275900900,25.626841893821236,Thursday,7.0,35.0,70.0,0.72,A Tiempo,Tarde,False
2025-11-13 14:42:51.022536,Ruta 3 - Sur,119,13.0,5,40,2025-11-13 14:30:00,2025-11-13 14:31:06.975755166,30.977590560208625,Thursday,8.0,43.0,100.0,1.12,A Tiempo,Tarde,False
2025-11-14 00:42:51.022536,Ruta 5 - Oeste,119,12.0,7,50,2025-11-14 00:30:00,2025-11-14 00:30:54.473138238,26.756074638652464,Friday,5.0,48.0,96.0,0.91,A Tiempo,Madrugada,False
2025-11-14 04:27:51.022536,Ruta 6 - Express,119,9.0,6,50,2025-11-14 04:15:00,2025-11-14 04:16:24.548681046,29.19269545646855,Friday,3.0,51.0,100.0,1.41,A Tiempo,Madrugada,False
2025-11-14 11:02:51.022536,Ruta 1 - Centro,119,2.0,8,50,2025-11-14 11:00:00,2025-11-14 11:02:56.694537720,27.658768232300023,Friday,-6.0,45.0,90.0,2.94,Retraso Leve,Mañana,False
2025-11-14 12:57:51.022536,Ruta 2 - Norte,119,7.0,7,40,2025-11-14 12:45:00,2025-11-14 12:46:11.564884662,11.426847032614887,Friday,0.0,45.0,100.0,1.19,A Tiempo,Mañana,False
2025-11-14 15:22:51.022536,Ruta 2 - Norte,119,12.0,5,50,2025-11-14 15:15:00,2025-11-14 15:15:08.224295844,15.49702867503049,Friday,7.0,52.0,100.0,0.14,A Tiempo,Tarde,False
2025-11-15 19:52:51.022536,Ruta 6 - Express,119,11.0,4,40,2025-11-15 19:45:00,2025-11-15 19:47:06.368402064,25.30611192079594,Saturday,7.0,59.0,100.0,2.11,Retraso Leve,Noche,True
2025-11-16 04:47:51.022536,Ruta 4 - Este,119,9.0,7,60,2025-11-16 04:45:00,2025-11-16 04:48:08.599727640,18.460167541477595,Sunday,2.0,61.0,100.0,3.14,Retraso Leve,Madrugada,False
2025-11-16 11:52:51.022536,Ruta 2 - Norte,119,4.0,4,50,2025-11-16 11:45:00,2025-11-16 11:46:13.247266908,21.39830249616725,Sunday,0.0,61.0,100.0,1.22,A Tiempo,Mañana,False
2025-11-16 15:37:51.022536,Ruta 3 - Sur,119,3.0,3,40,2025-11-16 15:30:00,2025-11-16 15:31:06.936419784,20.537527031588432,Sunday,0.0,61.0,100.0,1.12,A Tiempo,Tarde,False
2025-11-16 22:52:51.022536,Ruta 3 - Sur,119,7.0,7,50,2025-11-16 22:45:00,2025-11-16 22:50:55.300202838,26.36231084094491,Sunday,0.0,61.0,100.0,5.92,Retraso Grave,Noche,False
2025-11-17 08:47:51.022536,Ruta 5 - Oeste,119,10.0,5,50,2025-11-17 08:45:00,2025-11-17 08:45:46.431284838,32.45282236235186,Monday,5.0,66.0,100.0,0.77,A Tiempo,Mañana,True
2025-11-17 16:02:51.022536,Ruta 5 - Oeste,119,8.0,6,50,2025-11-17 16:00:00,2025-11-17 16:00:39.271711050,30.171321899052423,Monday,2.0,68.0,100.0,0.65,A Tiempo,Tarde,False
2025-11-18 12:27:51.022536,Ruta 1 - Centro,119,7.0,9,40,2025-11-18 12:15:00,2025-11-18 12:17:30.178902030,12.23436892767449,Tuesday,-2.0,66.0,100.0,2.5,Retraso Leve,Mañana,False
2025-11-18 17:32:51.022536,Ruta 4 - Este,119,6.0,6,60,2025-11-18 17:30:00,2025-11-18 17:30:30.042827394,32.783368259190006,Tuesday,0.0,66.0,100.0,0.5,A Tiempo,Tarde,True
2025-11-18 21:27:51.022536,Ruta 5 - Oeste,119,7.0,7,50,2025-11-18 21:15:00,2025-11-18 21:15:19.039813782,17.70783373702711,Tuesday,0.0,66.0,100.0,0.32,A Tiempo,Noche,False
2025-11-19 07:12:51.022536,Ruta 2 - Norte,119,10.0,4,40,2025-11-19 07:00:00,2025-11-19 07:00:40.405569420,24.60472866415836,Wednesday,6.0,72.0,100.0,0.67,A Tiempo,Mañana,True
2025-11-20 16:32:51.022536,Ruta 4 - Este,119,16.0,5,50,2025-11-20 16:30:00,2025-11-20 16:35:45.175191762,34.030710939386154,Thursday,11.0,83.0,100.0,5.75,Retraso Grave,Tarde,False
2025-11-20 20:07:51.022536,Ruta 1 - Centro,119,10.0,6,40,2025-11-20 20:00:00,2025-11-20 20:00:15.721517310,20.470113806638462,Thursday,4.0,87.0,100.0,0.26,A Tiempo,Noche,False
2025-11-21 01:07:51.022536,Ruta 1 - Centro,119,2.0,7,50,2025-11-21 01:00:00,2025-11-21 01:02:16.336503906,30.842679040376854,Friday,-5.0,82.0,100.0,2.27,Retraso Leve,Madrugada,False
2025-11-21 05:37:51.022536,Ruta 1 - Centro,119,9.0,7,40,2025-11-21 05:30:00,2025-11-21 05:34:22.301819736,27.645154251399493,Friday,2.0,84.0,100.0,4.37,Retraso Leve,Madrugada,False
2025-11-21 17:37:51.022536,Ruta 1 - Centro,119,4.0,5,40,2025-11-21 17:30:00,2025-11-21 17:31:54.885985650,22.39168050291532,Friday,-1.0,83.0,100.0,1.91,A Tiempo,Tarde,True
2025-11-21 22:32:51.022536,Ruta 6 - Express,119,5.0,7,60,2025-11-21 22:30:00,2025-11-21 22:33:58.288172040,21.68877939502721,Friday,-2.0,81.0,100.0,3.97,Retraso Leve,Noche,False
2025-11-22 08:52:51.022536,Ruta 4 - Este,119,5.0,7,60,2025-11-22 08:45:00,2025-11-22 08:46:09.463101372,20.85130245924607,Saturday,-2.0,79.0,100.0,1.16,A Tiempo,Mañana,True
2025-11-22 15:02:51.022536,Ruta 5 - Oeste,119,10.0,5,50,2025-11-22 15:00:00,2025-11-22 15:01:15.880959810,22.13779730384609,Saturday,5.0,84.0,100.0,1.26,A Tiempo,Tarde,False
2025-11-22 20:27:51.022536,Ruta 4 - Este,119,7.0,9,40,2025-11-22 20:15:00,2025-11-22 20:19:34.054490909,18.39893095458908,Saturday,-2.0,82.0,100.0,4.57,Retraso Leve,Noche,False
2025-11-23 06:02:51.022536,Ruta 6 - Express,119,7.0,11,40,2025-11-23 06:00:00,2025-11-23 06:07:01.929247560,24.52178979563197,Sunday,-4.0,78.0,100.0,7.03,Retraso Grave,Madrugada,False
2025-11-23 14:27:51.022536,Ruta 1 - Centro,119,9.0,4,40,2025-11-23 14:15:00,2025-11-23 14:15:15.787794816,21.670610160223664,Sunday,5.0,83.0,100.0,0.26,A Tiempo,Tarde,False
2025-11-24 09:07:51.022536,Ruta 3 - Sur,119,7.0,6,40,2025-11-24 09:00:00,2025-11-24 09:03:59.753399238,15.294881371848998,Monday,1.0,84.0,100.0,4.0,Retraso Leve,Mañana,True
2025-11-24 09:22:51.022536,Ruta 2 - Norte,119,8.0,7,60,2025-11-24 09:15:00,2025-11-24 09:17:28.710121896,25.803586467313348,Monday,1.0,85.0,100.0,2.48,Retraso Leve,Mañana,True
2025-11-24 17:02:51.022536,Ruta 4 - Este,119,12.0,6,60,2025-11-24 17:00:00,2025-11-24 17:03:17.474313912,30.42924006185914,Monday,6.0,91.0,100.0,3.29,Retraso Leve,Tarde,True
2025-11-24 21:27:51.022536,Ruta 5 - Oeste,119,2.0,7,50,2025-11-24 21:15:00,2025-11-24 21:17:21.722620818,22.99023015704547,Monday,-5.0,86.0,100.0,2.36,Retraso Leve,Noche,False
2025-11-25 01:27:51.022536,Ruta 1 - Centro,119,4.0,4,50,2025-11-25 01:15:00,2025-11-25 01:16:35.299398516,18.568366921397924,Tuesday,0.0,86.0,100.0,1.59,A Tiempo,Madrugada,False
2025-11-25 16:27:51.022536,Ruta 2 - Norte,119,7.0,3,40,2025-11-25 16:15:00,2025-11-25 16:16:56.343376950,23.884359461024843,Tuesday,4.0,90.0,100.0,1.94,A Tiempo,Tarde,False
2025-11-26 03:02:51.022536,Ruta 2 - Norte,119,7.0,6,50,2025-11-26 03:00:00,2025-11-26 03:01:50.498298240,35.09677845512273,Wednesday,1.0,91.0,100.0,1.84,A Tiempo,Madrugada,False
2025-11-26 08:47:51.022536,Ruta 1 - Centro,119,5.0,2,40,2025-11-26 08:45:00,2025-11-26 08:45:04.956146958,30.349221653652187,Wednesday,3.0,94.0,100.0,0.08,A Tiempo,Mañana,True
2025-11-26 12:17:51.022536,Ruta 1 - Centro,119,4.0,5,50,2025-11-26 12:15:00,2025-11-26 12:22:35.421730980,27.39027011239713,Wednesday,-1.0,93.0,100.0,7.59,Retraso Grave,Mañana,False
2025-11-26 16:17:51.022536,Ruta 2 - Norte,119,10.0,13,40,2025-11-26 16:15:00,2025-11-26 16:18:44.375930796,18.823180284211052,Wednesday,-3.0,90.0,100.0,3.74,Retraso Leve,Tarde,False
2025-11-26 17:22:51.022536,Ruta 6 - Express,119,8.0,9,40,2025-11-26 17:15:00,2025-11-26 17:16:12.116921238,23.598603438230064,Wednesday,-1.0,89.0,100.0,1.2,A Tiempo,Tarde,True
2025-11-09 21:47:51.022536,Ruta 4 - Este,120,10.0,9,60,2025-11-09 21:45:00,2025-11-09 21:47:40.112679276,24.937698410197942,Sunday,1.0,1.0,1.67,2.67,Retraso Leve,Noche,False
2025-11-10 01:57:51.022536,Ruta 5 - Oeste,120,7.0,4,60,2025-11-10 01:45:00,2025-11-10 01:46:11.351421306,31.05330477242708,Monday,3.0,4.0,6.67,1.19,A Tiempo,Madrugada,False
2025-11-10 04:07:51.022536,Ruta 6 - Express,120,7.0,7,40,2025-11-10 04:00:00,2025-11-10 04:03:56.254458528,23.47838328217823,Monday,0.0,4.0,10.0,3.94,Retraso Leve,Madrugada,False
2025-11-10 07:47:51.022536,Ruta 5 - Oeste,120,9.0,4,40,2025-11-10 07:45:00,2025-11-10 07:45:50.382967962,17.692313126623638,Monday,5.0,9.0,22.5,0.84,A Tiempo,Mañana,True
2025-11-10 11:57:51.022536,Ruta 1 - Centro,120,7.0,5,40,2025-11-10 11:45:00,2025-11-10 11:46:20.496748302,27.87626052299055,Monday,2.0,11.0,27.5,1.34,A Tiempo,Mañana,False
2025-11-10 13:37:51.022536,Ruta 3 - Sur,120,6.0,8,40,2025-11-10 13:30:00,2025-11-10 13:31:12.756752022,30.13521638916855,Monday,-2.0,9.0,22.5,1.21,A Tiempo,Tarde,False
2025-11-11 16:02:51.022536,Ruta 2 - Norte,120,7.0,4,50,2025-11-11 16:00:00,2025-11-11 16:01:33.145202754,33.214510385526985,Tuesday,3.0,12.0,24.0,1.55,A Tiempo,Tarde,False
2025-11-11 21:22:51.022536,Ruta 6 - Express,120,7.0,5,40,2025-11-11 21:15:00,2025-11-11 21:16:50.695225134,19.30361367221732,Tuesday,2.0,14.0,35.0,1.84,A Tiempo,Noche,False
2025-11-12 05:07:51.022536,Ruta 2 - Norte,120,8.0,4,50,2025-11-12 05:00:00,2025-11-12 05:01:34.497164472,23.09574129627621,Wednesday,4.0,18.0,36.0,1.57,A Tiempo,Madrugada,False
2025-11-12 06:17:51.022536,Ruta 5 - Oeste,120,9.0,3,50,2025-11-12 06:15:00,2025-11-12 06:22:06.804785094,22.39281553885061,Wednesday,6.0,24.0,48.0,7.11,Retraso Grave,Madrugada,False
2025-11-12 07:02:51.022536,Ruta 6 - Express,120,7.0,4,60,2025-11-12 07:00:00,2025-11-12 07:04:13.209288108,19.95102305435924,Wednesday,3.0,27.0,45.0,4.22,Retraso Leve,Mañana,True
2025-11-12 12:12:51.022536,Ruta 2 - Norte,120,7.0,6,40,2025-11-12 12:00:00,2025-11-12 12:03:00.612343044,27.94115616373661,Wednesday,1.0,28.0,70.0,3.01,Retraso Leve,Mañana,False
2025-11-13 04:47:51.022536,Ruta 6 - Express,120,7.0,4,50,2025-11-13 04:45:00,2025-11-13 04:46:52.284212280,31.414103128504816,Thursday,3.0,31.0,62.0,1.87,A Tiempo,Madrugada,False
2025-11-13 10:52:51.022536,Ruta 5 - Oeste,120,5.0,6,40,2025-11-13 10:45:00,2025-11-13 10:48:43.869826920,25.32096793026152,Thursday,-1.0,30.0,75.0,3.73,Retraso Leve,Mañana,False
2025-11-14 02:22:51.022536,Ruta 1 - Centro,120,8.0,9,50,2025-11-14 02:15:00,2025-11-14 02:17:51.485637456,20.87092203498853,Friday,-1.0,29.0,58.0,2.86,Retraso Leve,Madrugada,False
2025-11-14 05:17:51.022536,Ruta 6 - Express,120,7.0,4,60,2025-11-14 05:15:00,2025-11-14 05:15:38.190896658,23.60698522085876,Friday,3.0,32.0,53.33,0.64,A Tiempo,Madrugada,False
2025-11-15 06:32:51.022536,Ruta 6 - Express,120,3.0,8,40,2025-11-15 06:30:00,2025-11-15 06:30:19.436105586,25.69925131639624,Saturday,-5.0,27.0,67.5,0.32,A Tiempo,Madrugada,False
2025-11-16 02:22:51.022536,Ruta 3 - Sur,120,10.0,7,40,2025-11-16 02:15:00,2025-11-16 02:15:05.806033758,25.23099965128685,Sunday,3.0,30.0,75.0,0.1,A Tiempo,Madrugada,False
2025-11-16 04:12:51.022536,Ruta 6 - Express,120,8.0,8,60,2025-11-16 04:00:00,2025-11-16 04:00:37.414084500,24.74278698097473,Sunday,0.0,30.0,50.0,0.62,A Tiempo,Madrugada,False
2025-11-16 09:32:51.022536,Ruta 1 - Centro,120,13.0,4,60,2025-11-16 09:30:00,2025-11-16 09:31:46.154786538,19.824014205688197,Sunday,9.0,39.0,65.0,1.77,A Tiempo,Mañana,True
2025-11-16 22:17:51.022536,Ruta 5 - Oeste,120,8.0,7,40,2025-11-16 22:15:00,2025-11-16 22:19:45.468063834,19.950148546134493,Sunday,1.0,40.0,100.0,4.76,Retraso Leve,Noche,False
2025-11-17 15:07:51.022536,Ruta 1 - Centro,120,9.0,5,60,2025-11-17 15:00:00,2025-11-17 15:01:31.988240273,25.76671414673004,Monday,4.0,44.0,73.33,1.53,A Tiempo,Tarde,False
2025-11-17 20:42:51.022536,Ruta 4 - Este,120,10.0,14,60,2025-11-17 20:30:00,2025-11-17 20:30:00.295679154,24.96884685284247,Monday,-4.0,40.0,66.67,0.0,A Tiempo,Noche,False
2025-11-18 05:37:51.022536,Ruta 4 - Este,120,12.0,4,60,2025-11-18 05:30:00,2025-11-18 05:34:08.543994066,20.804974094675032,Tuesday,8.0,48.0,80.0,4.14,Retraso Leve,Madrugada,False
2025-11-18 10:47:51.022536,Ruta 6 - Express,120,6.0,3,60,2025-11-18 10:45:00,2025-11-18 10:48:59.105754006,20.826166696510303,Tuesday,3.0,51.0,85.0,3.99,Retraso Leve,Mañana,False
2025-11-18 20:12:51.022536,Ruta 2 - Norte,120,13.0,1,60,2025-11-18 20:00:00,2025-11-18 20:00:34.529493684,17.35324815721887,Tuesday,12.0,63.0,100.0,0.58,A Tiempo,Noche,False
2025-11-19 01:42:51.022536,Ruta 6 - Express,120,6.0,6,60,2025-11-19 01:30:00,2025-11-19 01:30:30.374758602,14.043260199355084,Wednesday,0.0,63.0,100.0,0.51,A Tiempo,Madrugada,False
2025-11-19 01:52:51.022536,Ruta 1 - Centro,120,13.0,2,60,2025-11-19 01:45:00,2025-11-19 01:51:13.255282674,27.240187078861663,Wednesday,11.0,74.0,100.0,6.22,Retraso Grave,Madrugada,False
2025-11-19 06:52:51.022536,Ruta 6 - Express,120,13.0,4,60,2025-11-19 06:45:00,2025-11-19 06:47:31.024088478,23.40391956758101,Wednesday,9.0,83.0,100.0,2.52,Retraso Leve,Madrugada,False
2025-11-19 09:07:51.022536,Ruta 3 - Sur,120,7.0,5,60,2025-11-19 09:00:00,2025-11-19 09:00:06.193392180,19.3434822523582,Wednesday,2.0,85.0,100.0,0.1,A Tiempo,Mañana,True
2025-11-20 09:42:51.022536,Ruta 2 - Norte,120,5.0,4,40,2025-11-20 09:30:00,2025-11-20 09:32:24.729048744,22.28180095776992,Thursday,1.0,86.0,100.0,2.41,Retraso Leve,Mañana,True
2025-11-20 12:37:51.022536,Ruta 4 - Este,120,4.0,6,50,2025-11-20 12:30:00,2025-11-20 12:35:19.251487020,9.726099900510324,Thursday,-2.0,84.0,100.0,5.32,Retraso Grave,Mañana,False
2025-11-20 16:07:51.022536,Ruta 5 - Oeste,120,8.0,3,60,2025-11-20 16:00:00,2025-11-20 16:00:27.413469624,23.053413100182897,Thursday,5.0,89.0,100.0,0.46,A Tiempo,Tarde,False
2025-11-20 16:57:51.022536,Ruta 3 - Sur,120,8.0,1,50,2025-11-20 16:45:00,2025-11-20 16:47:39.599400096,39.93015724214691,Thursday,7.0,96.0,100.0,2.66,Retraso Leve,Tarde,False
2025-11-20 17:52:51.022536,Ruta 4 - Este,120,5.0,12,50,2025-11-20 17:45:00,2025-11-20 17:45:45.504343992,23.135689448820692,Thursday,-7.0,89.0,100.0,0.76,A Tiempo,Tarde,True
2025-11-21 11:12:51.022536,Ruta 5 - Oeste,120,6.0,6,50,2025-11-21 11:00:00,2025-11-21 11:00:28.603464204,36.15512027103808,Friday,0.0,89.0,100.0,0.48,A Tiempo,Mañana,False
2025-11-22 01:57:51.022536,Ruta 1 - Centro,120,10.0,7,40,2025-11-22 01:45:00,2025-11-22 01:51:30.794675340,22.24194587971083,Saturday,3.0,92.0,100.0,6.51,Retraso Grave,Madrugada,False
2025-11-22 07:07:51.022536,Ruta 6 - Express,120,12.0,6,50,2025-11-22 07:00:00,2025-11-22 07:03:08.796913566,20.97767483971537,Saturday,6.0,98.0,100.0,3.15,Retraso Leve,Mañana,True
2025-11-22 08:27:51.022536,Ruta 6 - Express,120,7.0,6,40,2025-11-22 08:15:00,2025-11-22 08:16:23.860563858,30.652652609353417,Saturday,1.0,99.0,100.0,1.4,A Tiempo,Mañana,True
2025-11-22 23:27:51.022536,Ruta 3 - Sur,120,8.0,12,60,2025-11-22 23:15:00,2025-11-22 23:18:38.577614454,27.056145611929622,Saturday,-4.0,95.0,100.0,3.64,Retraso Leve,Noche,False
2025-11-24 04:57:51.022536,Ruta 2 - Norte,120,12.0,6,40,2025-11-24 04:45:00,2025-11-24 04:46:59.676816468,27.165241798915503,Monday,6.0,101.0,100.0,1.99,A Tiempo,Madrugada,False
2025-11-24 05:07:51.022536,Ruta 3 - Sur,120,7.0,7,40,2025-11-24 05:00:00,2025-11-24 05:01:20.150367732,25.17023520941405,Monday,0.0,101.0,100.0,1.34,A Tiempo,Madrugada,False
2025-11-24 08:32:51.022536,Ruta 6 - Express,120,8.0,12,40,2025-11-24 08:30:00,2025-11-24 08:32:19.856798178,26.291278398229814,Monday,-4.0,97.0,100.0,2.33,Retraso Leve,Mañana,True
2025-11-24 16:22:51.022536,Ruta 2 - Norte,120,4.0,5,50,2025-11-24 16:15:00,2025-11-24 16:15:05.573889570,16.24518172929929,Monday,-1.0,96.0,100.0,0.09,A Tiempo,Tarde,False
2025-11-24 20:37:51.022536,Ruta 6 - Express,120,14.0,4,60,2025-11-24 20:30:00,2025-11-24 20:32:30.040306290,26.509011144917075,Monday,10.0,106.0,100.0,2.5,Retraso Leve,Noche,False
2025-11-25 06:27:51.022536,Ruta 5 - Oeste,120,8.0,3,60,2025-11-25 06:15:00,2025-11-25 06:17:13.638228870,31.794701702916303,Tuesday,5.0,111.0,100.0,2.23,Retraso Leve,Madrugada,False
2025-11-25 07:02:51.022536,Ruta 1 - Centro,120,7.0,4,50,2025-11-25 07:00:00,2025-11-25 07:01:00.899857362,23.072932930990685,Tuesday,3.0,114.0,100.0,1.01,A Tiempo,Mañana,True
2025-11-25 08:07:51.022536,Ruta 1 - Centro,120,3.0,9,50,2025-11-25 08:00:00,2025-11-25 08:01:22.470737196,24.96884685284247,Tuesday,-6.0,108.0,100.0,1.37,A Tiempo,Mañana,True
2025-11-26 02:22:51.022536,Ruta 1 - Centro,120,1.0,3,40,2025-11-26 02:15:00,2025-11-26 02:15:47.860293960,21.388070754941683,Wednesday,-2.0,106.0,100.0,0.8,A Tiempo,Madrugada,False
2025-11-26 23:52:51.022536,Ruta 1 - Centro,120,8.0,6,50,2025-11-26 23:45:00,2025-11-26 23:46:14.902512096,28.131710730400087,Wednesday,2.0,108.0,100.0,1.25,A Tiempo,Noche,False
2025-11-10 02:22:51.022536,Ruta 3 - Sur,121,5.0,6,40,2025-11-10 02:15:00,2025-11-10 02:16:24.981005460,21.5937903458754,Monday,-1.0,0.0,0.0,1.42,A Tiempo,Madrugada,False
2025-11-10 03:57:51.022536,Ruta 5 - Oeste,121,6.0,4,60,2025-11-10 03:45:00,2025-11-10 03:46:44.102287200,31.26842118371642,Monday,2.0,1.0,1.67,1.74,A Tiempo,Madrugada,False
2025-11-10 14:22:51.022536,Ruta 2 - Norte,121,8.0,8,60,2025-11-10 14:15:00,2025-11-10 14:15:23.685325500,21.51149653146012,Monday,0.0,1.0,1.67,0.39,A Tiempo,Tarde,False
2025-11-10 15:07:51.022536,Ruta 5 - Oeste,121,7.0,5,40,2025-11-10 15:00:00,2025-11-10 15:02:35.958539460,20.853726178726763,Monday,2.0,3.0,7.5,2.6,Retraso Leve,Tarde,False
2025-11-10 18:12:51.022536,Ruta 5 - Oeste,121,11.0,8,40,2025-11-10 18:00:00,2025-11-10 18:01:42.691996314,19.90342568487291,Monday,3.0,6.0,15.0,1.71,A Tiempo,Tarde,True
2025-11-11 01:42:51.022536,Ruta 6 - Express,121,9.0,1,50,2025-11-11 01:30:00,2025-11-11 01:30:05.557371246,28.135568995906112,Tuesday,8.0,14.0,28.0,0.09,A Tiempo,Madrugada,False
2025-11-11 04:02:51.022536,Ruta 4 - Este,121,10.0,7,40,2025-11-11 04:00:00,2025-11-11 04:01:49.260428340,23.702683365491048,Tuesday,3.0,17.0,42.5,1.82,A Tiempo,Madrugada,False
2025-11-11 09:57:51.022536,Ruta 5 - Oeste,121,12.0,5,60,2025-11-11 09:45:00,2025-11-11 09:45:31.480681074,30.2976874021336,Tuesday,7.0,24.0,40.0,0.52,A Tiempo,Mañana,True
2025-11-11 12:12:51.022536,Ruta 4 - Este,121,5.0,9,60,2025-11-11 12:00:00,2025-11-11 12:06:07.810170744,26.142621245050677,Tuesday,-4.0,20.0,33.33,6.13,Retraso Grave,Mañana,False
2025-11-12 11:37:51.022536,Ruta 4 - Este,121,12.0,8,40,2025-11-12 11:30:00,2025-11-12 11:35:27.028749624,29.26540584076741,Wednesday,4.0,24.0,60.0,5.45,Retraso Grave,Mañana,False
2025-11-12 12:27:51.022536,Ruta 6 - Express,121,4.0,7,40,2025-11-12 12:15:00,2025-11-12 12:15:23.457389970,16.373205283390696,Wednesday,-3.0,21.0,52.5,0.39,A Tiempo,Mañana,False
2025-11-13 01:17:51.022536,Ruta 4 - Este,121,2.0,4,40,2025-11-13 01:15:00,2025-11-13 01:16:35.439454230,19.31992571319825,Thursday,-2.0,19.0,47.5,1.59,A Tiempo,Madrugada,False
2025-11-13 01:32:51.022536,Ruta 1 - Centro,121,8.0,0,60,2025-11-13 01:30:00,2025-11-13 01:30:16.866187073,24.96884685284247,Thursday,8.0,27.0,45.0,0.28,A Tiempo,Madrugada,False
2025-11-13 11:52:51.022536,Ruta 3 - Sur,121,4.0,7,50,2025-11-13 11:45:00,2025-11-13 11:45:46.348453734,27.48778832850616,Thursday,-3.0,24.0,48.0,0.77,A Tiempo,Mañana,False
2025-11-13 13:17:51.022536,Ruta 1 - Centro,121,8.0,5,60,2025-11-13 13:15:00,2025-11-13 13:16:04.624254450,19.86678711312684,Thursday,3.0,27.0,45.0,1.08,A Tiempo,Tarde,False
2025-11-13 15:02:51.022536,Ruta 1 - Centro,121,11.0,9,50,2025-11-13 15:00:00,2025-11-13 15:03:47.696058780,26.92074124616704,Thursday,2.0,29.0,58.0,3.79,Retraso Leve,Tarde,False
2025-11-13 22:57:51.022536,Ruta 3 - Sur,121,7.0,3,50,2025-11-13 22:45:00,2025-11-13 22:46:33.476409294,29.60874364961655,Thursday,4.0,33.0,66.0,1.56,A Tiempo,Noche,False
2025-11-14 03:07:51.022536,Ruta 5 - Oeste,121,15.0,6,50,2025-11-14 03:00:00,2025-11-14 03:00:31.532632787,21.15500222474459,Friday,9.0,42.0,84.0,0.53,A Tiempo,Madrugada,False
2025-11-14 03:32:51.022536,Ruta 3 - Sur,121,8.0,8,60,2025-11-14 03:30:00,2025-11-14 03:34:34.482093444,18.06114485086623,Friday,0.0,42.0,70.0,4.57,Retraso Leve,Madrugada,False
2025-11-14 09:12:51.022536,Ruta 2 - Norte,121,9.0,6,60,2025-11-14 09:00:00,2025-11-14 09:00:36.008769546,31.21431352752313,Friday,3.0,45.0,75.0,0.6,A Tiempo,Mañana,True
2025-11-14 22:57:51.022536,Ruta 2 - Norte,121,10.0,6,50,2025-11-14 22:45:00,2025-11-14 22:48:04.866506574,23.428073688629173,Friday,4.0,49.0,98.0,3.08,Retraso Leve,Noche,False
2025-11-15 03:47:51.022536,Ruta 3 - Sur,121,10.0,5,60,2025-11-15 03:45:00,2025-11-15 03:48:41.470181088,25.541643631092324,Saturday,5.0,54.0,90.0,3.69,Retraso Leve,Madrugada,False
2025-11-15 08:52:51.022536,Ruta 5 - Oeste,121,9.0,11,60,2025-11-15 08:45:00,2025-11-15 08:45:22.436412810,31.81529411966332,Saturday,-2.0,52.0,86.67,0.37,A Tiempo,Mañana,True
2025-11-15 10:37:51.022536,Ruta 5 - Oeste,121,11.0,4,60,2025-11-15 10:30:00,2025-11-15 10:30:00.559705908,24.46375514101366,Saturday,7.0,59.0,98.33,0.01,A Tiempo,Mañana,False
2025-11-15 14:52:51.022536,Ruta 2 - Norte,121,11.0,4,50,2025-11-15 14:45:00,2025-11-15 14:46:15.257521356,28.772481137709832,Saturday,7.0,66.0,100.0,1.25,A Tiempo,Tarde,False
2025-11-16 00:02:51.022536,Ruta 1 - Centro,121,13.0,3,50,2025-11-16 00:00:00,2025-11-16 00:00:12.997687044,14.556881521781207,Sunday,10.0,76.0,100.0,0.22,A Tiempo,Madrugada,False
2025-11-17 07:12:51.022536,Ruta 1 - Centro,121,5.0,6,40,2025-11-17 07:00:00,2025-11-17 07:00:04.908764880,21.40431375180628,Monday,-1.0,75.0,100.0,0.08,A Tiempo,Mañana,True
2025-11-17 10:02:51.022536,Ruta 5 - Oeste,121,5.0,4,40,2025-11-17 10:00:00,2025-11-17 10:00:42.729351996,32.21576746940173,Monday,1.0,76.0,100.0,0.71,A Tiempo,Mañana,False
2025-11-17 17:42:51.022536,Ruta 3 - Sur,121,7.0,7,60,2025-11-17 17:30:00,2025-11-17 17:31:20.422701306,20.70663599028232,Monday,0.0,76.0,100.0,1.34,A Tiempo,Tarde,True
2025-11-17 19:12:51.022536,Ruta 5 - Oeste,121,7.0,8,60,2025-11-17 19:00:00,2025-11-17 19:03:50.965947648,19.064875774352632,Monday,-1.0,75.0,100.0,3.85,Retraso Leve,Noche,True
2025-11-17 23:47:51.022536,Ruta 2 - Norte,121,7.0,3,40,2025-11-17 23:45:00,2025-11-17 23:47:32.055215124,27.723040836004525,Monday,4.0,79.0,100.0,2.53,Retraso Leve,Noche,False
2025-11-18 08:07:51.022536,Ruta 5 - Oeste,121,7.0,8,60,2025-11-18 08:00:00,2025-11-18 08:02:36.440930034,22.31596553938929,Tuesday,-1.0,78.0,100.0,2.61,Retraso Leve,Mañana,True
2025-11-18 22:57:51.022536,Ruta 2 - Norte,121,10.0,6,50,2025-11-18 22:45:00,2025-11-18 22:47:08.605218594,27.825839464900056,Tuesday,4.0,82.0,100.0,2.14,Retraso Leve,Noche,False
2025-11-20 05:12:51.022536,Ruta 1 - Centro,121,5.0,3,50,2025-11-20 05:00:00,2025-11-20 05:01:44.718158952,23.82327205208632,Thursday,2.0,84.0,100.0,1.75,A Tiempo,Madrugada,False
2025-11-21 05:17:51.022536,Ruta 6 - Express,121,11.0,4,60,2025-11-21 05:15:00,2025-11-21 05:16:51.246484710,22.709270402746952,Friday,7.0,91.0,100.0,1.85,A Tiempo,Madrugada,False
2025-11-21 14:07:51.022536,Ruta 4 - Este,121,5.0,5,50,2025-11-21 14:00:00,2025-11-21 14:00:29.223497538,25.57630485884318,Friday,0.0,91.0,100.0,0.49,A Tiempo,Tarde,False
2025-11-21 19:57:51.022536,Ruta 3 - Sur,121,7.0,7,60,2025-11-21 19:45:00,2025-11-21 19:50:21.657158064,27.125642698509,Friday,0.0,91.0,100.0,5.36,Retraso Grave,Noche,True
2025-11-22 14:52:51.022536,Ruta 4 - Este,121,11.0,11,60,2025-11-22 14:45:00,2025-11-22 14:48:14.621012202,27.81212670194245,Saturday,0.0,91.0,100.0,3.24,Retraso Leve,Tarde,False
2025-11-22 22:07:51.022536,Ruta 5 - Oeste,121,8.0,4,50,2025-11-22 22:00:00,2025-11-22 22:08:29.590382856,26.06226643537716,Saturday,4.0,95.0,100.0,8.49,Retraso Grave,Noche,False
2025-11-22 23:17:51.022536,Ruta 1 - Centro,121,13.0,4,40,2025-11-22 23:15:00,2025-11-22 23:15:39.501997872,20.46089905563096,Saturday,9.0,104.0,100.0,0.66,A Tiempo,Noche,False
2025-11-23 13:42:51.022536,Ruta 5 - Oeste,121,11.0,8,60,2025-11-23 13:30:00,2025-11-23 13:32:15.161128404,34.88401471632159,Sunday,3.0,107.0,100.0,2.25,Retraso Leve,Tarde,False
2025-11-23 17:42:51.022536,Ruta 5 - Oeste,121,8.0,5,40,2025-11-23 17:30:00,2025-11-23 17:34:02.060493869,29.38701304724382,Sunday,3.0,110.0,100.0,4.03,Retraso Leve,Tarde,True
2025-11-23 20:42:51.022536,Ruta 1 - Centro,121,3.0,5,60,2025-11-23 20:30:00,2025-11-23 20:31:24.344944770,27.90044846220824,Sunday,-2.0,108.0,100.0,1.41,A Tiempo,Noche,False
2025-11-23 21:17:51.022536,Ruta 3 - Sur,121,10.0,5,40,2025-11-23 21:15:00,2025-11-23 21:15:23.815569198,26.33058277338711,Sunday,5.0,113.0,100.0,0.4,A Tiempo,Noche,False
2025-11-24 01:47:51.022536,Ruta 3 - Sur,121,6.0,4,60,2025-11-24 01:45:00,2025-11-24 01:45:57.425361858,31.8922376770481,Monday,2.0,115.0,100.0,0.96,A Tiempo,Madrugada,False
2025-11-24 11:17:51.022536,Ruta 1 - Centro,121,7.0,5,60,2025-11-24 11:15:00,2025-11-24 11:16:22.133615388,18.414614753151906,Monday,2.0,117.0,100.0,1.37,A Tiempo,Mañana,False
2025-11-25 19:32:51.022536,Ruta 6 - Express,121,7.0,5,60,2025-11-25 19:30:00,2025-11-25 19:33:51.285624888,25.738056209220247,Tuesday,2.0,119.0,100.0,3.85,Retraso Leve,Noche,True
2025-11-25 23:57:51.022536,Ruta 2 - Norte,121,6.0,5,40,2025-11-25 23:45:00,2025-11-25 23:46:08.850623514,27.69803747533635,Tuesday,1.0,120.0,100.0,1.15,A Tiempo,Noche,False
2025-11-26 06:02:51.022536,Ruta 5 - Oeste,121,5.0,7,40,2025-11-26 06:00:00,2025-11-26 06:01:04.155108395,32.533372983608125,Wednesday,-2.0,118.0,100.0,1.07,A Tiempo,Madrugada,False
2025-11-26 17:07:51.022536,Ruta 6 - Express,121,17.0,4,60,2025-11-26 17:00:00,2025-11-26 17:00:54.741588804,27.422444443856957,Wednesday,13.0,131.0,100.0,0.91,A Tiempo,Tarde,True
2025-11-10 00:37:51.022536,Ruta 3 - Sur,122,7.0,7,40,2025-11-10 00:30:00,2025-11-10 00:32:36.622057176,30.2916896759735,Monday,0.0,0.0,0.0,2.61,Retraso Leve,Madrugada,False
2025-11-10 02:57:51.022536,Ruta 5 - Oeste,122,13.0,5,60,2025-11-10 02:45:00,2025-11-10 02:48:55.269008094,22.95549041413557,Monday,8.0,8.0,13.33,3.92,Retraso Leve,Madrugada,False
2025-11-10 23:37:51.022536,Ruta 2 - Norte,122,8.0,2,40,2025-11-10 23:30:00,2025-11-10 23:30:11.347350900,23.049453112425105,Monday,6.0,14.0,35.0,0.19,A Tiempo,Noche,False
2025-11-11 13:52:51.022536,Ruta 2 - Norte,122,5.0,5,50,2025-11-11 13:45:00,2025-11-11 13:46:31.506403020,31.081391342999847,Tuesday,0.0,14.0,28.0,1.53,A Tiempo,Tarde,False
2025-11-11 20:12:51.022536,Ruta 5 - Oeste,122,3.0,6,60,2025-11-11 20:00:00,2025-11-11 20:02:26.751755532,29.265057643947543,Tuesday,-3.0,11.0,18.33,2.45,Retraso Leve,Noche,False
2025-11-12 07:22:51.022536,Ruta 1 - Centro,122,7.0,4,50,2025-11-12 07:15:00,2025-11-12 07:15:26.760281262,32.20800588223558,Wednesday,3.0,14.0,28.0,0.45,A Tiempo,Mañana,True
2025-11-12 15:12:51.022536,Ruta 6 - Express,122,5.0,5,50,2025-11-12 15:00:00,2025-11-12 15:01:55.032519312,29.23028764163076,Wednesday,0.0,14.0,28.0,1.92,A Tiempo,Tarde,False
2025-11-12 22:22:51.022536,Ruta 2 - Norte,122,6.0,7,40,2025-11-12 22:15:00,2025-11-12 22:19:39.822324282,22.571599817221777,Wednesday,-1.0,13.0,32.5,4.66,Retraso Leve,Noche,False
2025-11-12 22:57:51.022536,Ruta 4 - Este,122,8.0,9,60,2025-11-12 22:45:00,2025-11-12 22:46:01.798715526,25.142611306308684,Wednesday,-1.0,12.0,20.0,1.03,A Tiempo,Noche,False
2025-11-13 02:32:51.022536,Ruta 5 - Oeste,122,9.0,6,60,2025-11-13 02:30:00,2025-11-13 02:30:04.168124142,24.67633236050741,Thursday,3.0,15.0,25.0,0.07,A Tiempo,Madrugada,False
2025-11-13 09:32:51.022536,Ruta 5 - Oeste,122,7.0,7,40,2025-11-13 09:30:00,2025-11-13 09:32:15.368040666,24.71955959915453,Thursday,0.0,15.0,37.5,2.26,Retraso Leve,Mañana,True
2025-11-14 04:47:51.022536,Ruta 1 - Centro,122,10.0,8,60,2025-11-14 04:45:00,2025-11-14 04:46:02.711339928,28.48354999786647,Friday,2.0,17.0,28.33,1.05,A Tiempo,Madrugada,False
2025-11-14 14:57:51.022536,Ruta 1 - Centro,122,4.0,7,40,2025-11-14 14:45:00,2025-11-14 14:45:37.501031364,23.76280071683873,Friday,-3.0,14.0,35.0,0.63,A Tiempo,Tarde,False
2025-11-14 20:17:51.022536,Ruta 5 - Oeste,122,6.0,7,60,2025-11-14 20:15:00,2025-11-14 20:16:54.518108976,32.70872178179023,Friday,-1.0,13.0,21.67,1.91,A Tiempo,Noche,False
2025-11-15 16:22:51.022536,Ruta 1 - Centro,122,5.0,8,60,2025-11-15 16:15:00,2025-11-15 16:16:01.321026522,27.159073502205203,Saturday,-3.0,10.0,16.67,1.02,A Tiempo,Tarde,False
2025-11-15 21:52:51.022536,Ruta 2 - Norte,122,10.0,8,60,2025-11-15 21:45:00,2025-11-15 21:45:35.998723296,34.03977068685606,Saturday,2.0,12.0,20.0,0.6,A Tiempo,Noche,False
2025-11-16 01:22:51.022536,Ruta 6 - Express,122,10.0,7,60,2025-11-16 01:15:00,2025-11-16 01:19:44.131254900,20.445274044800755,Sunday,3.0,15.0,25.0,4.74,Retraso Leve,Madrugada,False
2025-11-16 01:42:51.022536,Ruta 5 - Oeste,122,9.0,8,50,2025-11-16 01:30:00,2025-11-16 01:31:08.982368706,33.09855635517919,Sunday,1.0,16.0,32.0,1.15,A Tiempo,Madrugada,False
2025-11-16 02:32:51.022536,Ruta 1 - Centro,122,9.0,5,60,2025-11-16 02:30:00,2025-11-16 02:31:29.635840326,33.17621996199588,Sunday,4.0,20.0,33.33,1.49,A Tiempo,Madrugada,False
2025-11-16 08:02:51.022536,Ruta 6 - Express,122,10.0,7,50,2025-11-16 08:00:00,2025-11-16 08:05:02.763332214,25.300437849017374,Sunday,3.0,23.0,46.0,5.05,Retraso Grave,Mañana,True
2025-11-16 14:27:51.022536,Ruta 6 - Express,122,5.0,8,40,2025-11-16 14:15:00,2025-11-16 14:19:36.082307868,22.6358733875444,Sunday,-3.0,20.0,50.0,4.6,Retraso Leve,Tarde,False
2025-11-16 14:47:51.022536,Ruta 5 - Oeste,122,9.0,6,40,2025-11-16 14:45:00,2025-11-16 14:47:41.243222832,27.279814678668444,Sunday,3.0,23.0,57.5,2.69,Retraso Leve,Tarde,False
2025-11-17 02:52:51.022536,Ruta 5 - Oeste,122,8.0,7,60,2025-11-17 02:45:00,2025-11-17 02:47:01.257425994,32.3847512175941,Monday,1.0,24.0,40.0,2.02,Retraso Leve,Madrugada,False
2025-11-17 13:37:51.022536,Ruta 4 - Este,122,5.0,6,60,2025-11-17 13:30:00,2025-11-17 13:30:12.293900676,29.883556429547284,Monday,-1.0,23.0,38.33,0.2,A Tiempo,Tarde,False
2025-11-17 22:02:51.022536,Ruta 4 - Este,122,10.0,4,50,2025-11-17 22:00:00,2025-11-17 22:03:29.791678494,23.15218210676275,Monday,6.0,29.0,58.0,3.5,Retraso Leve,Noche,False
2025-11-18 00:47:51.022536,Ruta 2 - Norte,122,7.0,7,40,2025-11-18 00:45:00,2025-11-18 00:47:46.896874302,28.685595880476555,Tuesday,0.0,29.0,72.5,2.78,Retraso Leve,Madrugada,False
2025-11-18 00:52:51.022536,Ruta 6 - Express,122,8.0,2,60,2025-11-18 00:45:00,2025-11-18 00:49:50.198136438,26.50606452173441,Tuesday,6.0,35.0,58.33,4.84,Retraso Leve,Madrugada,False
2025-11-18 03:52:51.022536,Ruta 2 - Norte,122,8.0,8,40,2025-11-18 03:45:00,2025-11-18 03:46:46.783153200,16.760891552009674,Tuesday,0.0,35.0,87.5,1.78,A Tiempo,Madrugada,False
2025-11-18 21:02:51.022536,Ruta 1 - Centro,122,6.0,7,60,2025-11-18 21:00:00,2025-11-18 21:00:59.091206976,34.4025045234451,Tuesday,-1.0,34.0,56.67,0.98,A Tiempo,Noche,False
2025-11-19 00:52:51.022536,Ruta 1 - Centro,122,11.0,8,40,2025-11-19 00:45:00,2025-11-19 00:45:50.556458622,21.11161997399497,Wednesday,3.0,37.0,92.5,0.84,A Tiempo,Madrugada,False
2025-11-19 11:07:51.022536,Ruta 2 - Norte,122,10.0,4,40,2025-11-19 11:00:00,2025-11-19 11:02:47.584348164,28.47089433946605,Wednesday,6.0,43.0,100.0,2.79,Retraso Leve,Mañana,False
2025-11-19 14:57:51.022536,Ruta 4 - Este,122,6.0,5,40,2025-11-19 14:45:00,2025-11-19 14:45:19.308440886,31.772747977945787,Wednesday,1.0,44.0,100.0,0.32,A Tiempo,Tarde,False
2025-11-19 17:57:51.022536,Ruta 6 - Express,122,12.0,7,40,2025-11-19 17:45:00,2025-11-19 17:45:08.955510852,34.248790938765026,Wednesday,5.0,49.0,100.0,0.15,A Tiempo,Tarde,True
2025-11-19 20:32:51.022536,Ruta 6 - Express,122,9.0,7,40,2025-11-19 20:30:00,2025-11-19 20:35:54.123964446,32.51202595296575,Wednesday,2.0,51.0,100.0,5.9,Retraso Grave,Noche,False
2025-11-19 21:02:51.022536,Ruta 6 - Express,122,6.0,4,40,2025-11-19 21:00:00,2025-11-19 21:02:59.690176566,32.73569234524557,Wednesday,2.0,53.0,100.0,2.99,Retraso Leve,Noche,False
2025-11-20 05:07:51.022536,Ruta 4 - Este,122,5.0,6,60,2025-11-20 05:00:00,2025-11-20 05:00:17.006404866,24.96884685284247,Thursday,-1.0,52.0,86.67,0.28,A Tiempo,Madrugada,False
2025-11-20 09:22:51.022536,Ruta 5 - Oeste,122,9.0,11,60,2025-11-20 09:15:00,2025-11-20 09:20:33.305950614,21.193071918416237,Thursday,-2.0,50.0,83.33,5.56,Retraso Grave,Mañana,True
2025-11-20 23:52:51.022536,Ruta 2 - Norte,122,7.0,9,60,2025-11-20 23:45:00,2025-11-20 23:49:31.039710408,18.956898675780675,Thursday,-2.0,48.0,80.0,4.52,Retraso Leve,Noche,False
2025-11-21 05:27:51.022536,Ruta 4 - Este,122,9.0,6,50,2025-11-21 05:15:00,2025-11-21 05:19:44.969403954,22.736061016688303,Friday,3.0,51.0,100.0,4.75,Retraso Leve,Madrugada,False
2025-11-21 18:42:51.022536,Ruta 6 - Express,122,10.0,3,60,2025-11-21 18:30:00,2025-11-21 18:32:36.099990810,20.60949009891677,Friday,7.0,58.0,96.67,2.6,Retraso Leve,Tarde,True
2025-11-22 10:22:51.022536,Ruta 5 - Oeste,122,7.0,12,60,2025-11-22 10:15:00,2025-11-22 10:15:14.603924874,20.531877894415665,Saturday,-5.0,53.0,88.33,0.24,A Tiempo,Mañana,False
2025-11-23 16:42:51.022536,Ruta 4 - Este,122,9.0,8,60,2025-11-23 16:30:00,2025-11-23 16:30:13.975471326,24.778395893186225,Sunday,1.0,54.0,90.0,0.23,A Tiempo,Tarde,False
2025-11-23 18:07:51.022536,Ruta 2 - Norte,122,8.0,5,40,2025-11-23 18:00:00,2025-11-23 18:01:16.292120015,29.31437790975497,Sunday,3.0,57.0,100.0,1.27,A Tiempo,Tarde,True
2025-11-23 21:27:51.022536,Ruta 5 - Oeste,122,7.0,3,60,2025-11-23 21:15:00,2025-11-23 21:18:56.457696600,20.306265144033,Sunday,4.0,61.0,100.0,3.94,Retraso Leve,Noche,False
2025-11-24 15:52:51.022536,Ruta 5 - Oeste,122,4.0,9,40,2025-11-24 15:45:00,2025-11-24 15:45:44.285818386,24.57348819501549,Monday,-5.0,56.0,100.0,0.74,A Tiempo,Tarde,False
2025-11-24 16:32:51.022536,Ruta 1 - Centro,122,8.0,6,60,2025-11-24 16:30:00,2025-11-24 16:31:42.601525968,27.22274932683397,Monday,2.0,58.0,96.67,1.71,A Tiempo,Tarde,False
2025-11-24 17:37:51.022536,Ruta 5 - Oeste,122,15.0,8,40,2025-11-24 17:30:00,2025-11-24 17:30:13.841346288,22.68231625437944,Monday,7.0,65.0,100.0,0.23,A Tiempo,Tarde,True
2025-11-25 04:02:51.022536,Ruta 5 - Oeste,122,5.0,4,60,2025-11-25 04:00:00,2025-11-25 04:01:08.282887914,26.229470177412576,Tuesday,1.0,66.0,100.0,1.14,A Tiempo,Madrugada,False
2025-11-25 07:22:51.022536,Ruta 4 - Este,122,7.0,4,40,2025-11-25 07:15:00,2025-11-25 07:15:42.819906660,16.425406702877005,Tuesday,3.0,69.0,100.0,0.71,A Tiempo,Mañana,True
2025-11-25 09:42:51.022536,Ruta 6 - Express,122,6.0,8,60,2025-11-25 09:30:00,2025-11-25 09:32:51.205050450,23.033221718201403,Tuesday,-2.0,67.0,100.0,2.85,Retraso Leve,Mañana,True
2025-11-25 12:27:51.022536,Ruta 1 - Centro,122,9.0,6,40,2025-11-25 12:15:00,2025-11-25 12:21:14.239156734,28.52687939901667,Tuesday,3.0,70.0,100.0,6.24,Retraso Grave,Mañana,False
2025-11-25 16:57:51.022536,Ruta 1 - Centro,122,4.0,10,50,2025-11-25 16:45:00,2025-11-25 16:45:21.635094354,34.16878369204199,Tuesday,-6.0,64.0,100.0,0.36,A Tiempo,Tarde,False
2025-11-26 09:07:51.022536,Ruta 2 - Norte,122,8.0,6,50,2025-11-26 09:00:00,2025-11-26 09:01:15.933653538,18.566549304314183,Wednesday,2.0,66.0,100.0,1.27,A Tiempo,Mañana,True
2025-11-26 12:02:51.022536,Ruta 4 - Este,122,8.0,5,40,2025-11-26 12:00:00,2025-11-26 12:02:35.878364046,20.048467106059388,Wednesday,3.0,69.0,100.0,2.6,Retraso Leve,Mañana,False
2025-11-26 16:27:51.022536,Ruta 4 - Este,122,9.0,10,40,2025-11-26 16:15:00,2025-11-26 16:18:02.998215660,23.87978323286165,Wednesday,-1.0,68.0,100.0,3.05,Retraso Leve,Tarde,False
2025-11-26 18:37:51.022536,Ruta 2 - Norte,122,11.0,6,40,2025-11-26 18:30:00,2025-11-26 18:31:36.845962014,29.651155138452964,Wednesday,5.0,73.0,100.0,1.61,A Tiempo,Tarde,True
2025-11-10 08:37:51.022536,Ruta 6 - Express,123,6.0,2,40,2025-11-10 08:30:00,2025-11-10 08:33:41.940866592,26.3412523610008,Monday,4.0,4.0,10.0,3.7,Retraso Leve,Mañana,True
2025-11-10 11:07:51.022536,Ruta 3 - Sur,123,9.0,6,40,2025-11-10 11:00:00,2025-11-10 11:00:13.687767150,21.66377043227826,Monday,3.0,7.0,17.5,0.23,A Tiempo,Mañana,False
2025-11-11 02:42:51.022536,Ruta 6 - Express,123,9.0,5,60,2025-11-11 02:30:00,2025-11-11 02:30:55.852991226,22.929595443082142,Tuesday,4.0,11.0,18.33,0.93,A Tiempo,Madrugada,False
2025-11-11 13:32:51.022536,Ruta 1 - Centro,123,8.0,8,50,2025-11-11 13:30:00,2025-11-11 13:30:51.677939988,21.795560113699523,Tuesday,0.0,11.0,22.0,0.86,A Tiempo,Tarde,False
2025-11-12 02:02:51.022536,Ruta 6 - Express,123,11.0,5,50,2025-11-12 02:00:00,2025-11-12 02:01:12.100717320,22.568415070287408,Wednesday,6.0,17.0,34.0,1.2,A Tiempo,Madrugada,False
2025-11-12 02:42:51.022536,Ruta 5 - Oeste,123,8.0,7,60,2025-11-12 02:30:00,2025-11-12 02:30:00.593399910,27.476202802277715,Wednesday,1.0,18.0,30.0,0.01,A Tiempo,Madrugada,False
2025-11-12 17:57:51.022536,Ruta 3 - Sur,123,9.0,8,60,2025-11-12 17:45:00,2025-11-12 17:48:16.421798136,26.87149998529964,Wednesday,1.0,19.0,31.67,3.27,Retraso Leve,Tarde,True
2025-11-12 20:32:51.022536,Ruta 2 - Norte,123,8.0,4,50,2025-11-12 20:30:00,2025-11-12 20:30:43.677703968,19.359870408197583,Wednesday,4.0,23.0,46.0,0.73,A Tiempo,Noche,False
2025-11-13 19:57:51.022536,Ruta 5 - Oeste,123,7.0,6,50,2025-11-13 19:45:00,2025-11-13 19:52:00.107784912,15.446113829323542,Thursday,1.0,24.0,48.0,7.0,Retraso Grave,Noche,True
2025-11-14 01:17:51.022536,Ruta 4 - Este,123,4.0,8,50,2025-11-14 01:15:00,2025-11-14 01:15:43.873149534,20.944506611942263,Friday,-4.0,20.0,40.0,0.73,A Tiempo,Madrugada,False
2025-11-14 02:17:51.022536,Ruta 5 - Oeste,123,16.0,8,50,2025-11-14 02:15:00,2025-11-14 02:18:03.598247088,14.675811426531526,Friday,8.0,28.0,56.0,3.06,Retraso Leve,Madrugada,False
2025-11-15 01:27:51.022536,Ruta 2 - Norte,123,9.0,5,40,2025-11-15 01:15:00,2025-11-15 01:15:09.747560352,29.582071815811464,Saturday,4.0,32.0,80.0,0.16,A Tiempo,Madrugada,False
2025-11-15 05:22:51.022536,Ruta 6 - Express,123,3.0,9,40,2025-11-15 05:15:00,2025-11-15 05:20:32.108353806,30.280942901482742,Saturday,-6.0,26.0,65.0,5.54,Retraso Grave,Madrugada,False
2025-11-15 14:57:51.022536,Ruta 5 - Oeste,123,13.0,5,50,2025-11-15 14:45:00,2025-11-15 14:49:14.185480392,28.28084353008701,Saturday,8.0,34.0,68.0,4.24,Retraso Leve,Tarde,False
2025-11-15 19:17:51.022536,Ruta 1 - Centro,123,17.0,3,40,2025-11-15 19:15:00,2025-11-15 19:16:08.415391055,27.754083922260595,Saturday,14.0,48.0,100.0,1.14,A Tiempo,Noche,True
2025-11-16 06:32:51.022536,Ruta 2 - Norte,123,5.0,3,50,2025-11-16 06:30:00,2025-11-16 06:30:46.804086810,21.24390801352505,Sunday,2.0,50.0,100.0,0.78,A Tiempo,Madrugada,False
2025-11-16 20:27:51.022536,Ruta 5 - Oeste,123,10.0,8,40,2025-11-16 20:15:00,2025-11-16 20:15:03.654244242,22.23412150738204,Sunday,2.0,52.0,100.0,0.06,A Tiempo,Noche,False
2025-11-16 21:12:51.022536,Ruta 6 - Express,123,7.0,9,60,2025-11-16 21:00:00,2025-11-16 21:00:23.357346834,24.488505185054784,Sunday,-2.0,50.0,83.33,0.39,A Tiempo,Noche,False
2025-11-17 02:47:51.022536,Ruta 3 - Sur,123,5.0,4,50,2025-11-17 02:45:00,2025-11-17 02:49:17.187385260,20.290610382186628,Monday,1.0,51.0,100.0,4.29,Retraso Leve,Madrugada,False
2025-11-17 16:37:51.022536,Ruta 4 - Este,123,9.0,7,40,2025-11-17 16:30:00,2025-11-17 16:32:33.476435304,27.93131745619823,Monday,2.0,53.0,100.0,2.56,Retraso Leve,Tarde,False
2025-11-18 11:07:51.022536,Ruta 6 - Express,123,8.0,9,50,2025-11-18 11:00:00,2025-11-18 11:00:53.044665042,17.764646418137833,Tuesday,-1.0,52.0,100.0,0.88,A Tiempo,Mañana,False
2025-11-18 16:12:51.022536,Ruta 5 - Oeste,123,8.0,4,60,2025-11-18 16:00:00,2025-11-18 16:00:04.899636630,20.86035591393128,Tuesday,4.0,56.0,93.33,0.08,A Tiempo,Tarde,False
2025-11-19 08:47:51.022536,Ruta 3 - Sur,123,9.0,3,60,2025-11-19 08:45:00,2025-11-19 08:46:21.287452362,22.58809073405348,Wednesday,6.0,62.0,100.0,1.35,A Tiempo,Mañana,True
2025-11-19 15:22:51.022536,Ruta 6 - Express,123,6.0,5,60,2025-11-19 15:15:00,2025-11-19 15:17:00.296169006,29.464545089132884,Wednesday,1.0,63.0,100.0,2.0,A Tiempo,Tarde,False
2025-11-20 22:42:51.022536,Ruta 6 - Express,123,16.0,6,60,2025-11-20 22:30:00,2025-11-20 22:31:09.307252164,26.4313877801632,Thursday,10.0,73.0,100.0,1.16,A Tiempo,Noche,False
2025-11-21 00:32:51.022536,Ruta 1 - Centro,123,10.0,7,40,2025-11-21 00:30:00,2025-11-21 00:31:14.276306130,26.82188189596112,Friday,3.0,76.0,100.0,1.24,A Tiempo,Madrugada,False
2025-11-21 11:17:51.022536,Ruta 3 - Sur,123,6.0,6,50,2025-11-21 11:15:00,2025-11-21 11:17:06.463186140,27.596056167436984,Friday,0.0,76.0,100.0,2.11,Retraso Leve,Mañana,False
2025-11-21 11:27:51.022536,Ruta 1 - Centro,123,11.0,6,60,2025-11-21 11:15:00,2025-11-21 11:16:51.396192864,24.96884685284247,Friday,5.0,81.0,100.0,1.86,A Tiempo,Mañana,False
2025-11-21 22:37:51.022536,Ruta 1 - Centro,123,10.0,7,60,2025-11-21 22:30:00,2025-11-21 22:31:45.990632232,29.803587995916462,Friday,3.0,84.0,100.0,1.77,A Tiempo,Noche,False
2025-11-22 15:07:51.022536,Ruta 1 - Centro,123,7.0,8,60,2025-11-22 15:00:00,2025-11-22 15:02:43.992720930,28.58196642371142,Saturday,-1.0,83.0,100.0,2.73,Retraso Leve,Tarde,False
2025-11-22 16:37:51.022536,Ruta 5 - Oeste,123,10.0,4,50,2025-11-22 16:30:00,2025-11-22 16:37:43.166228064,27.040115599318465,Saturday,6.0,89.0,100.0,7.72,Retraso Grave,Tarde,False
2025-11-22 16:52:51.022536,Ruta 6 - Express,123,7.0,6,50,2025-11-22 16:45:00,2025-11-22 16:47:28.589731146,29.58304597648079,Saturday,1.0,90.0,100.0,2.48,Retraso Leve,Tarde,False
2025-11-23 12:02:51.022536,Ruta 5 - Oeste,123,5.0,4,40,2025-11-23 12:00:00,2025-11-23 12:00:10.679087988,24.36099409801741,Sunday,1.0,91.0,100.0,0.18,A Tiempo,Mañana,False
2025-11-24 01:37:51.022536,Ruta 1 - Centro,123,10.0,6,60,2025-11-24 01:30:00,2025-11-24 01:32:56.106162648,29.325815106907232,Monday,4.0,95.0,100.0,2.94,Retraso Leve,Madrugada,False
2025-11-24 03:22:51.022536,Ruta 1 - Centro,123,10.0,5,50,2025-11-24 03:15:00,2025-11-24 03:15:31.432630668,26.987074194044368,Monday,5.0,100.0,100.0,0.52,A Tiempo,Madrugada,False
2025-11-24 14:37:51.022536,Ruta 5 - Oeste,123,10.0,6,40,2025-11-24 14:30:00,2025-11-24 14:31:01.446303756,27.85472889584136,Monday,4.0,104.0,100.0,1.02,A Tiempo,Tarde,False
2025-11-25 00:17:51.022536,Ruta 4 - Este,123,12.0,8,50,2025-11-25 00:15:00,2025-11-25 00:16:36.440004516,17.335999714053592,Tuesday,4.0,108.0,100.0,1.61,A Tiempo,Madrugada,False
2025-11-25 11:12:51.022536,Ruta 2 - Norte,123,9.0,9,40,2025-11-25 11:00:00,2025-11-25 11:01:23.917102296,21.59540852409547,Tuesday,0.0,108.0,100.0,1.4,A Tiempo,Mañana,False
2025-11-25 11:47:51.022536,Ruta 1 - Centro,123,5.0,8,50,2025-11-25 11:45:00,2025-11-25 11:49:21.068902998,23.77089849059882,Tuesday,-3.0,105.0,100.0,4.35,Retraso Leve,Mañana,False
2025-11-25 13:32:51.022536,Ruta 1 - Centro,123,6.0,6,60,2025-11-25 13:30:00,2025-11-25 13:31:35.298957288,30.461964486814853,Tuesday,0.0,105.0,100.0,1.59,A Tiempo,Tarde,False
2025-11-25 23:42:51.022536,Ruta 6 - Express,123,6.0,4,50,2025-11-25 23:30:00,2025-11-25 23:30:08.450383128,26.088126984268904,Tuesday,2.0,107.0,100.0,0.14,A Tiempo,Noche,False
2025-11-26 07:37:51.022536,Ruta 2 - Norte,123,10.0,8,40,2025-11-26 07:30:00,2025-11-26 07:37:54.474736908,32.18959731535433,Wednesday,2.0,109.0,100.0,7.91,Retraso Grave,Mañana,True
2025-11-27 00:02:51.022536,Ruta 3 - Sur,123,9.0,3,40,2025-11-27 00:00:00,2025-11-27 00:08:51.733565382,28.398063703680712,Thursday,6.0,115.0,100.0,8.86,Retraso Grave,Madrugada,False
2025-11-09 19:22:51.022536,Ruta 5 - Oeste,124,6.0,4,60,2025-11-09 19:15:00,2025-11-09 19:16:07.812359093,21.20668289716548,Sunday,2.0,2.0,3.33,1.13,A Tiempo,Noche,True
2025-11-10 09:52:51.022536,Ruta 2 - Norte,124,2.0,6,50,2025-11-10 09:45:00,2025-11-10 09:45:31.198927278,31.57442728070935,Monday,-4.0,0.0,0.0,0.52,A Tiempo,Mañana,True
2025-11-10 10:42:51.022536,Ruta 4 - Este,124,8.0,8,60,2025-11-10 10:30:00,2025-11-10 10:33:06.017524668,24.251588369231506,Monday,0.0,0.0,0.0,3.1,Retraso Leve,Mañana,False
2025-11-10 12:32:51.022536,Ruta 4 - Este,124,7.0,7,50,2025-11-10 12:30:00,2025-11-10 12:31:26.204453910,25.666531193769465,Monday,0.0,0.0,0.0,1.44,A Tiempo,Mañana,False
2025-11-11 08:47:51.022536,Ruta 4 - Este,124,7.0,13,40,2025-11-11 08:45:00,2025-11-11 08:45:57.685736244,17.177581961346743,Tuesday,-6.0,0.0,0.0,0.96,A Tiempo,Mañana,True
2025-11-12 01:47:51.022536,Ruta 1 - Centro,124,10.0,3,50,2025-11-12 01:45:00,2025-11-12 01:45:54.941309148,23.975908215919667,Wednesday,7.0,0.0,0.0,0.92,A Tiempo,Madrugada,False
2025-11-12 06:12:51.022536,Ruta 1 - Centro,124,11.0,3,50,2025-11-12 06:00:00,2025-11-12 06:00:25.701738834,25.03784139053327,Wednesday,8.0,7.0,14.0,0.43,A Tiempo,Madrugada,False
2025-11-13 03:12:51.022536,Ruta 6 - Express,124,10.0,7,50,2025-11-13 03:00:00,2025-11-13 03:00:06.273215712,27.833138175199903,Thursday,3.0,10.0,20.0,0.1,A Tiempo,Madrugada,False
2025-11-13 03:27:51.022536,Ruta 6 - Express,124,7.0,4,50,2025-11-13 03:15:00,2025-11-13 03:17:11.887314108,20.391710278214116,Thursday,3.0,13.0,26.0,2.2,Retraso Leve,Madrugada,False
2025-11-13 03:57:51.022536,Ruta 3 - Sur,124,6.0,3,50,2025-11-13 03:45:00,2025-11-13 03:50:40.081423170,25.225242760142624,Thursday,3.0,16.0,32.0,5.67,Retraso Grave,Madrugada,False
2025-11-13 11:27:51.022536,Ruta 3 - Sur,124,3.0,4,50,2025-11-13 11:15:00,2025-11-13 11:17:34.190073126,17.038354095345063,Thursday,-1.0,15.0,30.0,2.57,Retraso Leve,Mañana,False
2025-11-13 21:57:51.022536,Ruta 6 - Express,124,11.0,7,40,2025-11-13 21:45:00,2025-11-13 21:49:37.592433486,26.80212273389274,Thursday,4.0,19.0,47.5,4.63,Retraso Leve,Noche,False
2025-11-14 09:02:51.022536,Ruta 3 - Sur,124,13.0,16,40,2025-11-14 09:00:00,2025-11-14 09:02:42.044146782,26.488560152245547,Friday,-3.0,16.0,40.0,2.7,Retraso Leve,Mañana,True
2025-11-14 18:12:51.022536,Ruta 3 - Sur,124,9.0,2,50,2025-11-14 18:00:00,2025-11-14 18:00:09.396039480,27.5173199296529,Friday,7.0,23.0,46.0,0.16,A Tiempo,Tarde,True
2025-11-14 20:37:51.022536,Ruta 6 - Express,124,10.0,2,40,2025-11-14 20:30:00,2025-11-14 20:30:38.154842994,30.94334284322056,Friday,8.0,31.0,77.5,0.64,A Tiempo,Noche,False
2025-11-15 09:17:51.022536,Ruta 1 - Centro,124,7.0,3,60,2025-11-15 09:15:00,2025-11-15 09:17:21.949839168,25.00614183317811,Saturday,4.0,35.0,58.33,2.37,Retraso Leve,Mañana,True
2025-11-15 16:47:51.022536,Ruta 5 - Oeste,124,11.0,5,50,2025-11-15 16:45:00,2025-11-15 16:45:02.921631918,29.414348887545216,Saturday,6.0,41.0,82.0,0.05,A Tiempo,Tarde,False
2025-11-15 19:47:51.022536,Ruta 3 - Sur,124,9.0,3,40,2025-11-15 19:45:00,2025-11-15 19:45:54.714574086,22.61460692989112,Saturday,6.0,47.0,100.0,0.91,A Tiempo,Noche,True
2025-11-16 01:07:51.022536,Ruta 3 - Sur,124,4.0,6,40,2025-11-16 01:00:00,2025-11-16 01:01:19.390252872,18.394810459765324,Sunday,-2.0,45.0,100.0,1.32,A Tiempo,Madrugada,False
2025-11-16 05:17:51.022536,Ruta 6 - Express,124,6.0,8,40,2025-11-16 05:15:00,2025-11-16 05:15:13.721846190,22.86622015938818,Sunday,-2.0,43.0,100.0,0.23,A Tiempo,Madrugada,False
2025-11-16 07:17:51.022536,Ruta 6 - Express,124,8.0,11,50,2025-11-16 07:15:00,2025-11-16 07:15:07.786366452,27.507360561707905,Sunday,-3.0,40.0,80.0,0.13,A Tiempo,Mañana,True
2025-11-16 08:12:51.022536,Ruta 1 - Centro,124,6.0,7,60,2025-11-16 08:00:00,2025-11-16 08:04:27.274786752,22.74154025861781,Sunday,-1.0,39.0,65.0,4.45,Retraso Leve,Mañana,True
2025-11-16 15:57:51.022536,Ruta 3 - Sur,124,6.0,7,40,2025-11-16 15:45:00,2025-11-16 15:45:26.867394360,20.88890282796337,Sunday,-1.0,38.0,95.0,0.45,A Tiempo,Tarde,False
2025-11-16 20:17:51.022536,Ruta 6 - Express,124,3.0,5,50,2025-11-16 20:15:00,2025-11-16 20:16:06.971913612,18.83715395674784,Sunday,-2.0,36.0,72.0,1.12,A Tiempo,Noche,False
2025-11-16 20:52:51.022536,Ruta 6 - Express,124,9.0,4,40,2025-11-16 20:45:00,2025-11-16 20:50:27.166119144,15.827841969870056,Sunday,5.0,41.0,100.0,5.45,Retraso Grave,Noche,False
2025-11-17 05:52:51.022536,Ruta 2 - Norte,124,10.0,7,60,2025-11-17 05:45:00,2025-11-17 05:45:00.185638896,25.592697728996495,Monday,3.0,44.0,73.33,0.0,A Tiempo,Madrugada,False
2025-11-18 08:37:51.022536,Ruta 1 - Centro,124,8.0,4,60,2025-11-18 08:30:00,2025-11-18 08:30:35.629702134,27.891901339325926,Tuesday,4.0,48.0,80.0,0.59,A Tiempo,Mañana,True
2025-11-18 16:42:51.022536,Ruta 6 - Express,124,10.0,5,50,2025-11-18 16:30:00,2025-11-18 16:33:20.668327644,25.90457764358874,Tuesday,5.0,53.0,100.0,3.34,Retraso Leve,Tarde,False
2025-11-19 10:57:51.022536,Ruta 5 - Oeste,124,5.0,6,40,2025-11-19 10:45:00,2025-11-19 10:45:45.265824138,23.261004825193314,Wednesday,-1.0,52.0,100.0,0.75,A Tiempo,Mañana,False
2025-11-19 21:42:51.022536,Ruta 3 - Sur,124,5.0,9,50,2025-11-19 21:30:00,2025-11-19 21:30:20.938890366,24.44642564498304,Wednesday,-4.0,48.0,96.0,0.35,A Tiempo,Noche,False
2025-11-20 01:37:51.022536,Ruta 4 - Este,124,10.0,5,60,2025-11-20 01:30:00,2025-11-20 01:31:20.022978492,27.500103948244423,Thursday,5.0,53.0,88.33,1.33,A Tiempo,Madrugada,False
2025-11-20 16:42:51.022536,Ruta 6 - Express,124,8.0,6,40,2025-11-20 16:30:00,2025-11-20 16:32:00.679285794,25.198306594714182,Thursday,2.0,55.0,100.0,2.01,Retraso Leve,Tarde,False
2025-11-20 18:12:51.022536,Ruta 6 - Express,124,14.0,5,60,2025-11-20 18:00:00,2025-11-20 18:00:57.692657052,27.95227095137506,Thursday,9.0,64.0,100.0,0.96,A Tiempo,Tarde,True
2025-11-20 21:52:51.022536,Ruta 4 - Este,124,7.0,6,40,2025-11-20 21:45:00,2025-11-20 21:45:59.210912586,30.75726047839284,Thursday,1.0,65.0,100.0,0.99,A Tiempo,Noche,False
2025-11-21 04:52:51.022536,Ruta 5 - Oeste,124,9.0,5,60,2025-11-21 04:45:00,2025-11-21 04:49:37.373993538,14.386351565547889,Friday,4.0,69.0,100.0,4.62,Retraso Leve,Madrugada,False
2025-11-21 18:02:51.022536,Ruta 1 - Centro,124,12.0,6,50,2025-11-21 18:00:00,2025-11-21 18:00:17.923842792,31.68856685582323,Friday,6.0,75.0,100.0,0.3,A Tiempo,Tarde,True
2025-11-22 03:17:51.022536,Ruta 4 - Este,124,6.0,4,40,2025-11-22 03:15:00,2025-11-22 03:18:08.144702046,25.530168009084072,Saturday,2.0,77.0,100.0,3.14,Retraso Leve,Madrugada,False
2025-11-22 13:07:51.022536,Ruta 2 - Norte,124,7.0,8,40,2025-11-22 13:00:00,2025-11-22 13:01:02.983322640,26.22468330268461,Saturday,-1.0,76.0,100.0,1.05,A Tiempo,Tarde,False
2025-11-22 13:47:51.022536,Ruta 4 - Este,124,3.0,10,60,2025-11-22 13:45:00,2025-11-22 13:46:04.042602953,24.679059948720088,Saturday,-7.0,69.0,100.0,1.07,A Tiempo,Tarde,False
2025-11-23 04:17:51.022536,Ruta 6 - Express,124,10.0,9,40,2025-11-23 04:15:00,2025-11-23 04:17:14.838113616,23.67751117043129,Sunday,1.0,70.0,100.0,2.25,Retraso Leve,Madrugada,False
2025-11-23 09:02:51.022536,Ruta 6 - Express,124,8.0,2,40,2025-11-23 09:00:00,2025-11-23 09:00:21.613483392,24.876243144132957,Sunday,6.0,76.0,100.0,0.36,A Tiempo,Mañana,True
2025-11-23 14:32:51.022536,Ruta 4 - Este,124,9.0,2,50,2025-11-23 14:30:00,2025-11-23 14:33:22.332166020,23.515940794919118,Sunday,7.0,83.0,100.0,3.37,Retraso Leve,Tarde,False
2025-11-23 22:32:51.022536,Ruta 1 - Centro,124,3.0,7,60,2025-11-23 22:30:00,2025-11-23 22:32:08.934696264,26.434330401878263,Sunday,-4.0,79.0,100.0,2.15,Retraso Leve,Noche,False
2025-11-24 04:07:51.022536,Ruta 2 - Norte,124,8.0,4,40,2025-11-24 04:00:00,2025-11-24 04:00:20.970604902,14.073796286791216,Monday,4.0,83.0,100.0,0.35,A Tiempo,Madrugada,False
2025-11-24 09:27:51.022536,Ruta 2 - Norte,124,9.0,4,60,2025-11-24 09:15:00,2025-11-24 09:16:09.535767906,31.08616329528032,Monday,5.0,88.0,100.0,1.16,A Tiempo,Mañana,True
2025-11-24 10:42:51.022536,Ruta 5 - Oeste,124,11.0,2,40,2025-11-24 10:30:00,2025-11-24 10:31:14.654762388,29.94965549190104,Monday,9.0,97.0,100.0,1.24,A Tiempo,Mañana,False
2025-11-24 16:17:51.022536,Ruta 3 - Sur,124,7.0,4,40,2025-11-24 16:15:00,2025-11-24 16:16:59.989981638,26.021092889650124,Monday,3.0,100.0,100.0,2.0,A Tiempo,Tarde,False
2025-11-24 18:57:51.022536,Ruta 2 - Norte,124,12.0,5,60,2025-11-24 18:45:00,2025-11-24 18:47:10.761809124,15.24962775022051,Monday,7.0,107.0,100.0,2.18,Retraso Leve,Tarde,True
2025-11-24 21:32:51.022536,Ruta 4 - Este,124,6.0,7,40,2025-11-24 21:30:00,2025-11-24 21:31:24.930692334,30.38791744208047,Monday,-1.0,106.0,100.0,1.42,A Tiempo,Noche,False
2025-11-25 00:32:51.022536,Ruta 6 - Express,124,5.0,5,60,2025-11-25 00:30:00,2025-11-25 00:30:34.980080274,24.10205282333951,Tuesday,0.0,106.0,100.0,0.58,A Tiempo,Madrugada,False
2025-11-25 06:22:51.022536,Ruta 4 - Este,124,3.0,12,50,2025-11-25 06:15:00,2025-11-25 06:16:55.117008000,31.184601798683143,Tuesday,-9.0,97.0,100.0,1.92,A Tiempo,Madrugada,False
2025-11-25 15:57:51.022536,Ruta 2 - Norte,124,7.0,2,50,2025-11-25 15:45:00,2025-11-25 15:45:52.383604032,24.791605107977347,Tuesday,5.0,102.0,100.0,0.87,A Tiempo,Tarde,False
2025-11-25 17:57:51.022536,Ruta 6 - Express,124,8.0,9,50,2025-11-25 17:45:00,2025-11-25 17:45:29.940127656,19.648946474979148,Tuesday,-1.0,101.0,100.0,0.5,A Tiempo,Tarde,True
2025-11-25 18:07:51.022536,Ruta 3 - Sur,124,6.0,2,50,2025-11-25 18:00:00,2025-11-25 18:02:38.857272978,22.385120176949812,Tuesday,4.0,105.0,100.0,2.65,Retraso Leve,Tarde,True
2025-11-25 23:17:51.022536,Ruta 1 - Centro,124,10.0,8,60,2025-11-25 23:15:00,2025-11-25 23:20:01.696566792,24.43994294390448,Tuesday,2.0,107.0,100.0,5.03,Retraso Grave,Noche,False
2025-11-26 03:52:51.022536,Ruta 6 - Express,124,6.0,3,40,2025-11-26 03:45:00,2025-11-26 03:47:02.138571006,6.397858920666238,Wednesday,3.0,110.0,100.0,2.04,Retraso Leve,Madrugada,False
2025-11-26 09:32:51.022536,Ruta 5 - Oeste,124,9.0,4,50,2025-11-26 09:30:00,2025-11-26 09:30:36.219273714,20.129143537913105,Wednesday,5.0,115.0,100.0,0.6,A Tiempo,Mañana,True
2025-11-27 00:12:51.022536,Ruta 6 - Express,124,4.0,5,40,2025-11-27 00:00:00,2025-11-27 00:00:26.000948544,26.86086362634194,Thursday,-1.0,114.0,100.0,0.43,A Tiempo,Madrugada,False
2025-11-10 17:47:51.022536,Ruta 4 - Este,125,6.0,7,60,2025-11-10 17:45:00,2025-11-10 17:45:17.890918938,24.111149478587933,Monday,-1.0,0.0,0.0,0.3,A Tiempo,Tarde,True
2025-11-11 00:57:51.022536,Ruta 5 - Oeste,125,3.0,7,40,2025-11-11 00:45:00,2025-11-11 00:45:54.121896582,23.981896987388076,Tuesday,-4.0,0.0,0.0,0.9,A Tiempo,Madrugada,False
2025-11-12 02:12:51.022536,Ruta 4 - Este,125,7.0,5,60,2025-11-12 02:00:00,2025-11-12 02:00:19.375841352,27.987943252755223,Wednesday,2.0,0.0,0.0,0.32,A Tiempo,Madrugada,False
2025-11-12 03:37:51.022536,Ruta 1 - Centro,125,7.0,4,50,2025-11-12 03:30:00,2025-11-12 03:30:41.966363772,25.352298102520432,Wednesday,3.0,0.0,0.0,0.7,A Tiempo,Madrugada,False
2025-11-12 15:27:51.022536,Ruta 6 - Express,125,12.0,7,60,2025-11-12 15:15:00,2025-11-12 15:18:12.572663688,17.78440001252671,Wednesday,5.0,5.0,8.33,3.21,Retraso Leve,Tarde,False
2025-11-13 18:42:51.022536,Ruta 6 - Express,125,3.0,6,40,2025-11-13 18:30:00,2025-11-13 18:31:51.640529166,31.51472404058151,Thursday,-3.0,2.0,5.0,1.86,A Tiempo,Tarde,True
2025-11-13 20:12:51.022536,Ruta 1 - Centro,125,10.0,8,50,2025-11-13 20:00:00,2025-11-13 20:01:55.850681982,27.526200591291737,Thursday,2.0,4.0,8.0,1.93,A Tiempo,Noche,False
2025-11-14 14:52:51.022536,Ruta 5 - Oeste,125,8.0,6,60,2025-11-14 14:45:00,2025-11-14 14:45:50.813626440,20.16488285674355,Friday,2.0,6.0,10.0,0.85,A Tiempo,Tarde,False
2025-11-14 16:17:51.022536,Ruta 3 - Sur,125,8.0,2,60,2025-11-14 16:15:00,2025-11-14 16:21:49.108701048,27.527872047277818,Friday,6.0,12.0,20.0,6.82,Retraso Grave,Tarde,False
2025-11-14 18:22:51.022536,Ruta 3 - Sur,125,13.0,3,60,2025-11-14 18:15:00,2025-11-14 18:15:35.059839702,29.161357811347035,Friday,10.0,22.0,36.67,0.58,A Tiempo,Tarde,True
2025-11-14 20:32:51.022536,Ruta 3 - Sur,125,14.0,3,40,2025-11-14 20:30:00,2025-11-14 20:31:52.824982068,24.12207511678929,Friday,11.0,33.0,82.5,1.88,A Tiempo,Noche,False
2025-11-15 16:02:51.022536,Ruta 4 - Este,125,10.0,9,60,2025-11-15 16:00:00,2025-11-15 16:00:16.151363742,31.816299089783364,Saturday,1.0,34.0,56.67,0.27,A Tiempo,Tarde,False
2025-11-15 18:57:51.022536,Ruta 6 - Express,125,10.0,1,60,2025-11-15 18:45:00,2025-11-15 18:45:29.092433160,18.769600201407883,Saturday,9.0,43.0,71.67,0.48,A Tiempo,Tarde,True
2025-11-15 21:07:51.022536,Ruta 3 - Sur,125,7.0,2,60,2025-11-15 21:00:00,2025-11-15 21:00:22.101235206,18.391766915391987,Saturday,5.0,48.0,80.0,0.37,A Tiempo,Noche,False
2025-11-15 23:12:51.022536,Ruta 6 - Express,125,11.0,4,60,2025-11-15 23:00:00,2025-11-15 23:03:20.357483232,27.03739682490921,Saturday,7.0,55.0,91.67,3.34,Retraso Leve,Noche,False
2025-11-16 00:57:51.022536,Ruta 6 - Express,125,13.0,6,60,2025-11-16 00:45:00,2025-11-16 00:46:08.338523225,28.99405896733631,Sunday,7.0,62.0,100.0,1.14,A Tiempo,Madrugada,False
2025-11-16 11:07:51.022536,Ruta 3 - Sur,125,6.0,4,60,2025-11-16 11:00:00,2025-11-16 11:01:29.432215122,24.938880699808728,Sunday,2.0,64.0,100.0,1.49,A Tiempo,Mañana,False
2025-11-16 21:22:51.022536,Ruta 4 - Este,125,8.0,6,40,2025-11-16 21:15:00,2025-11-16 21:17:23.229719862,31.19555223729584,Sunday,2.0,66.0,100.0,2.39,Retraso Leve,Noche,False
2025-11-17 21:12:51.022536,Ruta 1 - Centro,125,13.0,4,40,2025-11-17 21:00:00,2025-11-17 21:00:30.780724775,27.08646424961467,Monday,9.0,75.0,100.0,0.51,A Tiempo,Noche,False
2025-11-18 00:57:51.022536,Ruta 2 - Norte,125,6.0,4,40,2025-11-18 00:45:00,2025-11-18 00:45:46.352816856,22.29772443147678,Tuesday,2.0,77.0,100.0,0.77,A Tiempo,Madrugada,False
2025-11-18 01:27:51.022536,Ruta 4 - Este,125,8.0,8,60,2025-11-18 01:15:00,2025-11-18 01:16:14.939571264,26.990733353975383,Tuesday,0.0,77.0,100.0,1.25,A Tiempo,Madrugada,False
2025-11-18 03:02:51.022536,Ruta 3 - Sur,125,13.0,6,50,2025-11-18 03:00:00,2025-11-18 03:00:06.218118732,29.326448704732996,Tuesday,7.0,84.0,100.0,0.1,A Tiempo,Madrugada,False
2025-11-18 13:22:51.022536,Ruta 6 - Express,125,11.0,8,50,2025-11-18 13:15:00,2025-11-18 13:15:47.026228362,34.497591644003286,Tuesday,3.0,87.0,100.0,0.78,A Tiempo,Tarde,False
2025-11-18 13:32:51.022536,Ruta 4 - Este,125,8.0,7,40,2025-11-18 13:30:00,2025-11-18 13:30:28.767298980,24.522963897803844,Tuesday,1.0,88.0,100.0,0.48,A Tiempo,Tarde,False
2025-11-18 13:37:51.022536,Ruta 3 - Sur,125,13.0,3,60,2025-11-18 13:30:00,2025-11-18 13:32:40.003504998,23.1945631847332,Tuesday,10.0,98.0,100.0,2.67,Retraso Leve,Tarde,False
2025-11-18 15:22:51.022536,Ruta 5 - Oeste,125,9.0,12,50,2025-11-18 15:15:00,2025-11-18 15:18:36.535766742,15.157542504926491,Tuesday,-3.0,95.0,100.0,3.61,Retraso Leve,Tarde,False
2025-11-18 17:57:51.022536,Ruta 1 - Centro,125,3.0,7,60,2025-11-18 17:45:00,2025-11-18 17:45:57.982178046,33.034748283327055,Tuesday,-4.0,91.0,100.0,0.97,A Tiempo,Tarde,True
2025-11-18 18:22:51.022536,Ruta 4 - Este,125,7.0,7,50,2025-11-18 18:15:00,2025-11-18 18:18:51.032605578,20.765853559344315,Tuesday,0.0,91.0,100.0,3.85,Retraso Leve,Tarde,True
2025-11-18 18:57:51.022536,Ruta 2 - Norte,125,8.0,6,40,2025-11-18 18:45:00,2025-11-18 18:47:34.025165898,22.99238163430443,Tuesday,2.0,93.0,100.0,2.57,Retraso Leve,Tarde,True
2025-11-18 20:07:51.022536,Ruta 6 - Express,125,6.0,3,60,2025-11-18 20:00:00,2025-11-18 20:02:21.053012382,23.602198837610057,Tuesday,3.0,96.0,100.0,2.35,Retraso Leve,Noche,False
2025-11-19 01:37:51.022536,Ruta 3 - Sur,125,14.0,3,50,2025-11-19 01:30:00,2025-11-19 01:31:17.759047740,19.98369666155719,Wednesday,11.0,107.0,100.0,1.3,A Tiempo,Madrugada,False
2025-11-19 07:42:51.022536,Ruta 1 - Centro,125,11.0,7,50,2025-11-19 07:30:00,2025-11-19 07:34:43.633326720,19.927482790730856,Wednesday,4.0,111.0,100.0,4.73,Retraso Leve,Mañana,True
2025-11-19 10:52:51.022536,Ruta 4 - Este,125,6.0,8,50,2025-11-19 10:45:00,2025-11-19 10:45:19.025701926,15.242251269810952,Wednesday,-2.0,109.0,100.0,0.32,A Tiempo,Mañana,False
2025-11-19 15:57:51.022536,Ruta 5 - Oeste,125,9.0,4,60,2025-11-19 15:45:00,2025-11-19 15:50:47.576686206,19.765498602196548,Wednesday,5.0,114.0,100.0,5.79,Retraso Grave,Tarde,False
2025-11-19 17:32:51.022536,Ruta 5 - Oeste,125,9.0,7,40,2025-11-19 17:30:00,2025-11-19 17:31:38.493620100,31.43824473229703,Wednesday,2.0,116.0,100.0,1.64,A Tiempo,Tarde,True
2025-11-19 20:17:51.022536,Ruta 4 - Este,125,12.0,13,50,2025-11-19 20:15:00,2025-11-19 20:15:43.637889030,30.445332608961017,Wednesday,-1.0,115.0,100.0,0.73,A Tiempo,Noche,False
2025-11-21 23:07:51.022536,Ruta 4 - Este,125,11.0,10,50,2025-11-21 23:00:00,2025-11-21 23:00:51.838956276,24.96884685284247,Friday,1.0,116.0,100.0,0.86,A Tiempo,Noche,False
2025-11-22 00:17:51.022536,Ruta 5 - Oeste,125,2.0,9,60,2025-11-22 00:15:00,2025-11-22 00:15:08.500441398,16.109746396069404,Saturday,-7.0,109.0,100.0,0.14,A Tiempo,Madrugada,False
2025-11-22 05:52:51.022536,Ruta 5 - Oeste,125,8.0,7,40,2025-11-22 05:45:00,2025-11-22 05:45:12.499078350,23.514104492549453,Saturday,1.0,110.0,100.0,0.21,A Tiempo,Madrugada,False
2025-11-22 09:37:51.022536,Ruta 2 - Norte,125,12.0,9,60,2025-11-22 09:30:00,2025-11-22 09:36:46.600480518,30.4135623016848,Saturday,3.0,113.0,100.0,6.78,Retraso Grave,Mañana,True
2025-11-22 16:22:51.022536,Ruta 6 - Express,125,14.0,8,50,2025-11-22 16:15:00,2025-11-22 16:15:08.208695514,26.53304719853594,Saturday,6.0,119.0,100.0,0.14,A Tiempo,Tarde,False
2025-11-22 19:47:51.022536,Ruta 1 - Centro,125,8.0,6,60,2025-11-22 19:45:00,2025-11-22 19:46:09.084903066,22.92636568585948,Saturday,2.0,121.0,100.0,1.15,A Tiempo,Noche,True
2025-11-23 08:32:51.022536,Ruta 2 - Norte,125,9.0,7,40,2025-11-23 08:30:00,2025-11-23 08:30:28.928291754,38.39715520041505,Sunday,2.0,123.0,100.0,0.48,A Tiempo,Mañana,True
2025-11-23 11:52:51.022536,Ruta 2 - Norte,125,10.0,5,60,2025-11-23 11:45:00,2025-11-23 11:46:00.361313016,37.72560637637463,Sunday,5.0,128.0,100.0,1.01,A Tiempo,Mañana,False
2025-11-23 15:27:51.022536,Ruta 3 - Sur,125,7.0,7,40,2025-11-23 15:15:00,2025-11-23 15:15:38.741797338,35.97444669032849,Sunday,0.0,128.0,100.0,0.65,A Tiempo,Tarde,False
2025-11-23 16:52:51.022536,Ruta 5 - Oeste,125,9.0,5,40,2025-11-23 16:45:00,2025-11-23 16:49:36.178015146,29.717640964812823,Sunday,4.0,132.0,100.0,4.6,Retraso Leve,Tarde,False
2025-11-23 17:32:51.022536,Ruta 3 - Sur,125,7.0,8,40,2025-11-23 17:30:00,2025-11-23 17:30:30.582691524,27.02795118027265,Sunday,-1.0,131.0,100.0,0.51,A Tiempo,Tarde,True
2025-11-23 18:27:51.022536,Ruta 2 - Norte,125,9.0,5,60,2025-11-23 18:15:00,2025-11-23 18:15:50.398564254,20.34025861167583,Sunday,4.0,135.0,100.0,0.84,A Tiempo,Tarde,True
2025-11-23 18:52:51.022536,Ruta 2 - Norte,125,10.0,6,50,2025-11-23 18:45:00,2025-11-23 18:45:05.547351594,17.177652078496305,Sunday,4.0,139.0,100.0,0.09,A Tiempo,Tarde,True
2025-11-23 20:52:51.022536,Ruta 4 - Este,125,9.0,7,60,2025-11-23 20:45:00,2025-11-23 20:46:09.870998214,17.70896310320334,Sunday,2.0,141.0,100.0,1.16,A Tiempo,Noche,False
2025-11-24 03:47:51.022536,Ruta 1 - Centro,125,11.0,3,50,2025-11-24 03:45:00,2025-11-24 03:46:39.027663666,29.50362956778428,Monday,8.0,149.0,100.0,1.65,A Tiempo,Madrugada,False
2025-11-24 09:42:51.022536,Ruta 4 - Este,125,7.0,2,40,2025-11-24 09:30:00,2025-11-24 09:30:08.228321220,24.63815501980485,Monday,5.0,154.0,100.0,0.14,A Tiempo,Mañana,True
2025-11-24 23:02:51.022536,Ruta 5 - Oeste,125,6.0,5,60,2025-11-24 23:00:00,2025-11-24 23:03:09.308922966,28.232061528898388,Monday,1.0,155.0,100.0,3.16,Retraso Leve,Noche,False
2025-11-25 01:02:51.022536,Ruta 2 - Norte,125,4.0,9,50,2025-11-25 01:00:00,2025-11-25 01:01:50.800273698,20.77254992847948,Tuesday,-5.0,150.0,100.0,1.85,A Tiempo,Madrugada,False
2025-11-25 03:22:51.022536,Ruta 2 - Norte,125,10.0,5,50,2025-11-25 03:15:00,2025-11-25 03:17:17.281483974,26.35507767202455,Tuesday,5.0,155.0,100.0,2.29,Retraso Leve,Madrugada,False
2025-11-25 14:47:51.022536,Ruta 5 - Oeste,125,6.0,5,40,2025-11-25 14:45:00,2025-11-25 14:46:30.389713254,26.10556395103973,Tuesday,1.0,156.0,100.0,1.51,A Tiempo,Tarde,False
2025-11-10 02:07:51.022536,Ruta 4 - Este,126,10.0,9,50,2025-11-10 02:00:00,2025-11-10 02:02:02.500476336,26.036146956015564,Monday,1.0,1.0,2.0,2.04,Retraso Leve,Madrugada,False
2025-11-10 06:07:51.022536,Ruta 6 - Express,126,9.0,6,60,2025-11-10 06:00:00,2025-11-10 06:00:59.929231326,35.89343403146002,Monday,3.0,4.0,6.67,1.0,A Tiempo,Madrugada,False
2025-11-10 13:07:51.022536,Ruta 4 - Este,126,5.0,4,50,2025-11-10 13:00:00,2025-11-10 13:04:25.058583648,26.18945938314416,Monday,1.0,5.0,10.0,4.42,Retraso Leve,Tarde,False
2025-11-10 19:47:51.022536,Ruta 2 - Norte,126,14.0,7,50,2025-11-10 19:45:00,2025-11-10 19:47:25.706852916,21.1783141822867,Monday,7.0,12.0,24.0,2.43,Retraso Leve,Noche,True
2025-11-11 18:52:51.022536,Ruta 5 - Oeste,126,8.0,3,40,2025-11-11 18:45:00,2025-11-11 18:45:37.611996372,22.84121807852604,Tuesday,5.0,17.0,42.5,0.63,A Tiempo,Tarde,True
2025-11-12 01:07:51.022536,Ruta 3 - Sur,126,7.0,8,40,2025-11-12 01:00:00,2025-11-12 01:01:25.958704098,24.42367556100957,Wednesday,-1.0,16.0,40.0,1.43,A Tiempo,Madrugada,False
2025-11-12 03:02:51.022536,Ruta 4 - Este,126,10.0,6,50,2025-11-12 03:00:00,2025-11-12 03:03:58.813854516,28.86444508037236,Wednesday,4.0,20.0,40.0,3.98,Retraso Leve,Madrugada,False
2025-11-12 14:22:51.022536,Ruta 6 - Express,126,10.0,5,40,2025-11-12 14:15:00,2025-11-12 14:15:46.122486468,28.22336292600854,Wednesday,5.0,25.0,62.5,0.77,A Tiempo,Tarde,False
2025-11-13 07:22:51.022536,Ruta 3 - Sur,126,5.0,6,60,2025-11-13 07:15:00,2025-11-13 07:17:37.981588836,33.57498130471467,Thursday,-1.0,24.0,40.0,2.63,Retraso Leve,Mañana,True
2025-11-13 07:27:51.022536,Ruta 4 - Este,126,8.0,7,50,2025-11-13 07:15:00,2025-11-13 07:17:49.098721338,25.87278622170013,Thursday,1.0,25.0,50.0,2.82,Retraso Leve,Mañana,True
2025-11-13 11:07:51.022536,Ruta 5 - Oeste,126,12.0,6,40,2025-11-13 11:00:00,2025-11-13 11:00:47.820815628,14.623234627507031,Thursday,6.0,31.0,77.5,0.8,A Tiempo,Mañana,False
2025-11-13 20:57:51.022536,Ruta 6 - Express,126,9.0,7,60,2025-11-13 20:45:00,2025-11-13 20:46:20.950685712,36.57665361855861,Thursday,2.0,33.0,55.0,1.35,A Tiempo,Noche,False
2025-11-13 23:12:51.022536,Ruta 2 - Norte,126,11.0,6,40,2025-11-13 23:00:00,2025-11-13 23:00:57.256911516,21.24577526359329,Thursday,5.0,38.0,95.0,0.95,A Tiempo,Noche,False
2025-11-14 01:22:51.022536,Ruta 2 - Norte,126,10.0,6,40,2025-11-14 01:15:00,2025-11-14 01:15:22.168377492,20.966887241908616,Friday,4.0,42.0,100.0,0.37,A Tiempo,Madrugada,False
2025-11-14 07:07:51.022536,Ruta 6 - Express,126,7.0,6,50,2025-11-14 07:00:00,2025-11-14 07:01:25.228799898,23.259322042573764,Friday,1.0,43.0,86.0,1.42,A Tiempo,Mañana,True
2025-11-14 16:27:51.022536,Ruta 4 - Este,126,5.0,5,40,2025-11-14 16:15:00,2025-11-14 16:16:00.423472902,36.67920342103294,Friday,0.0,43.0,100.0,1.01,A Tiempo,Tarde,False
2025-11-15 01:52:51.022536,Ruta 4 - Este,126,9.0,7,50,2025-11-15 01:45:00,2025-11-15 01:47:07.009290756,25.87851992974572,Saturday,2.0,45.0,90.0,2.12,Retraso Leve,Madrugada,False
2025-11-15 06:17:51.022536,Ruta 1 - Centro,126,6.0,4,60,2025-11-15 06:15:00,2025-11-15 06:16:08.205432114,26.929099337202658,Saturday,2.0,47.0,78.33,1.14,A Tiempo,Madrugada,False
2025-11-15 18:02:51.022536,Ruta 5 - Oeste,126,5.0,8,50,2025-11-15 18:00:00,2025-11-15 18:02:25.099841310,27.302241981671692,Saturday,-3.0,44.0,88.0,2.42,Retraso Leve,Tarde,True
2025-11-16 19:57:51.022536,Ruta 6 - Express,126,9.0,8,40,2025-11-16 19:45:00,2025-11-16 19:46:07.836674976,28.64220237380658,Sunday,1.0,45.0,100.0,1.13,A Tiempo,Noche,True
2025-11-17 00:07:51.022536,Ruta 1 - Centro,126,10.0,4,50,2025-11-17 00:00:00,2025-11-17 00:00:03.467206842,13.351327580677218,Monday,6.0,51.0,100.0,0.06,A Tiempo,Madrugada,False
2025-11-17 03:27:51.022536,Ruta 4 - Este,126,6.0,7,40,2025-11-17 03:15:00,2025-11-17 03:15:51.323979444,28.69561214569832,Monday,-1.0,50.0,100.0,0.86,A Tiempo,Madrugada,False
2025-11-17 11:17:51.022536,Ruta 4 - Este,126,9.0,7,50,2025-11-17 11:15:00,2025-11-17 11:15:03.901401683,23.92489368551498,Monday,2.0,52.0,100.0,0.07,A Tiempo,Mañana,False
2025-11-17 16:12:51.022536,Ruta 5 - Oeste,126,7.0,6,60,2025-11-17 16:00:00,2025-11-17 16:00:24.269923176,24.712225782022838,Monday,1.0,53.0,88.33,0.4,A Tiempo,Tarde,False
2025-11-18 01:22:51.022536,Ruta 1 - Centro,126,6.0,6,60,2025-11-18 01:15:00,2025-11-18 01:15:42.467972868,32.55413743188096,Tuesday,0.0,53.0,88.33,0.71,A Tiempo,Madrugada,False
2025-11-18 06:57:51.022536,Ruta 6 - Express,126,8.0,1,60,2025-11-18 06:45:00,2025-11-18 06:46:59.729379264,26.8536399917805,Tuesday,7.0,60.0,100.0,2.0,A Tiempo,Madrugada,False
2025-11-18 12:52:51.022536,Ruta 1 - Centro,126,12.0,4,60,2025-11-18 12:45:00,2025-11-18 12:48:09.621590538,24.960929109809683,Tuesday,8.0,68.0,100.0,3.16,Retraso Leve,Mañana,False
2025-11-18 23:57:51.022536,Ruta 2 - Norte,126,8.0,6,50,2025-11-18 23:45:00,2025-11-18 23:50:38.758394952,21.842029362519657,Tuesday,2.0,70.0,100.0,5.65,Retraso Grave,Noche,False
2025-11-19 10:27:51.022536,Ruta 6 - Express,126,12.0,5,40,2025-11-19 10:15:00,2025-11-19 10:17:10.904587320,26.401106878917226,Wednesday,7.0,77.0,100.0,2.18,Retraso Leve,Mañana,False
2025-11-20 07:22:51.022536,Ruta 5 - Oeste,126,9.0,10,60,2025-11-20 07:15:00,2025-11-20 07:15:46.501876386,26.78774561192774,Thursday,-1.0,76.0,100.0,0.78,A Tiempo,Mañana,True
2025-11-20 20:22:51.022536,Ruta 4 - Este,126,7.0,6,60,2025-11-20 20:15:00,2025-11-20 20:17:49.947166494,26.227614017324644,Thursday,1.0,77.0,100.0,2.83,Retraso Leve,Noche,False
2025-11-21 00:52:51.022536,Ruta 6 - Express,126,8.0,10,50,2025-11-21 00:45:00,2025-11-21 00:47:15.929000478,23.32019556513064,Friday,-2.0,75.0,100.0,2.27,Retraso Leve,Madrugada,False
2025-11-21 02:17:51.022536,Ruta 2 - Norte,126,7.0,6,60,2025-11-21 02:15:00,2025-11-21 02:15:29.414430444,22.58596132704164,Friday,1.0,76.0,100.0,0.49,A Tiempo,Madrugada,False
2025-11-21 12:57:51.022536,Ruta 2 - Norte,126,10.0,5,40,2025-11-21 12:45:00,2025-11-21 12:45:08.590622742,24.853232726414635,Friday,5.0,81.0,100.0,0.14,A Tiempo,Mañana,False
2025-11-21 23:02:51.022536,Ruta 4 - Este,126,8.0,6,40,2025-11-21 23:00:00,2025-11-21 23:02:45.787840134,30.73425042308197,Friday,2.0,83.0,100.0,2.76,Retraso Leve,Noche,False
2025-11-22 01:47:51.022536,Ruta 6 - Express,126,8.0,6,50,2025-11-22 01:45:00,2025-11-22 01:47:16.628377001,18.57228523877111,Saturday,2.0,85.0,100.0,2.28,Retraso Leve,Madrugada,False
2025-11-22 07:22:51.022536,Ruta 1 - Centro,126,12.0,6,50,2025-11-22 07:15:00,2025-11-22 07:19:06.715345974,17.544071021711943,Saturday,6.0,91.0,100.0,4.11,Retraso Leve,Mañana,True
2025-11-22 12:47:51.022536,Ruta 5 - Oeste,126,3.0,7,40,2025-11-22 12:45:00,2025-11-22 12:50:15.587013401,19.25550848123702,Saturday,-4.0,87.0,100.0,5.26,Retraso Grave,Mañana,False
2025-11-22 13:17:51.022536,Ruta 5 - Oeste,126,7.0,4,50,2025-11-22 13:15:00,2025-11-22 13:16:25.858550868,22.955508603668733,Saturday,3.0,90.0,100.0,1.43,A Tiempo,Tarde,False
2025-11-23 15:12:51.022536,Ruta 1 - Centro,126,9.0,4,50,2025-11-23 15:00:00,2025-11-23 15:09:09.048792900,29.87915596832569,Sunday,5.0,95.0,100.0,9.15,Retraso Grave,Tarde,False
2025-11-23 15:32:51.022536,Ruta 6 - Express,126,10.0,6,40,2025-11-23 15:30:00,2025-11-23 15:34:04.834964952,27.031828027732978,Sunday,4.0,99.0,100.0,4.08,Retraso Leve,Tarde,False
2025-11-23 19:47:51.022536,Ruta 4 - Este,126,8.0,4,60,2025-11-23 19:45:00,2025-11-23 19:45:16.120319790,22.54111038787182,Sunday,4.0,103.0,100.0,0.27,A Tiempo,Noche,True
2025-11-24 05:12:51.022536,Ruta 2 - Norte,126,5.0,8,50,2025-11-24 05:00:00,2025-11-24 05:02:28.879504482,32.31200836681624,Monday,-3.0,100.0,100.0,2.48,Retraso Leve,Madrugada,False
2025-11-24 08:17:51.022536,Ruta 4 - Este,126,9.0,6,60,2025-11-24 08:15:00,2025-11-24 08:16:00.369622884,26.68680601167645,Monday,3.0,103.0,100.0,1.01,A Tiempo,Mañana,True
2025-11-24 21:22:51.022536,Ruta 3 - Sur,126,6.0,4,60,2025-11-24 21:15:00,2025-11-24 21:16:27.039918588,21.85155852814998,Monday,2.0,105.0,100.0,1.45,A Tiempo,Noche,False
2025-11-25 10:57:51.022536,Ruta 5 - Oeste,126,5.0,4,60,2025-11-25 10:45:00,2025-11-25 10:48:54.983490432,25.43281878630663,Tuesday,1.0,106.0,100.0,3.92,Retraso Leve,Mañana,False
2025-11-25 18:32:51.022536,Ruta 3 - Sur,126,7.0,3,60,2025-11-25 18:30:00,2025-11-25 18:31:31.089010349,20.26780584765897,Tuesday,4.0,110.0,100.0,1.52,A Tiempo,Tarde,True
2025-11-25 21:42:51.022536,Ruta 3 - Sur,126,12.0,4,50,2025-11-25 21:30:00,2025-11-25 21:32:45.983717892,24.66888072675963,Tuesday,8.0,118.0,100.0,2.77,Retraso Leve,Noche,False
2025-11-26 08:22:51.022536,Ruta 5 - Oeste,126,11.0,6,60,2025-11-26 08:15:00,2025-11-26 08:20:57.642815298,22.8604399807754,Wednesday,5.0,123.0,100.0,5.96,Retraso Grave,Mañana,True
2025-11-26 11:52:51.022536,Ruta 6 - Express,126,4.0,4,50,2025-11-26 11:45:00,2025-11-26 11:45:49.313543202,25.366902826235997,Wednesday,0.0,123.0,100.0,0.82,A Tiempo,Mañana,False
2025-11-10 01:52:51.022536,Ruta 6 - Express,127,6.0,4,60,2025-11-10 01:45:00,2025-11-10 01:45:07.816006926,30.931006077124145,Monday,2.0,2.0,3.33,0.13,A Tiempo,Madrugada,False
2025-11-10 03:32:51.022536,Ruta 4 - Este,127,6.0,1,40,2025-11-10 03:30:00,2025-11-10 03:30:23.949977754,36.29416757299458,Monday,5.0,7.0,17.5,0.4,A Tiempo,Madrugada,False
2025-11-10 11:27:51.022536,Ruta 4 - Este,127,6.0,7,50,2025-11-10 11:15:00,2025-11-10 11:15:43.889351256,25.281592235757035,Monday,-1.0,6.0,12.0,0.73,A Tiempo,Mañana,False
2025-11-10 16:47:51.022536,Ruta 1 - Centro,127,10.0,8,60,2025-11-10 16:45:00,2025-11-10 16:46:01.939399955,30.54488177324181,Monday,2.0,8.0,13.33,1.03,A Tiempo,Tarde,False
2025-11-11 00:27:51.022536,Ruta 5 - Oeste,127,9.0,3,50,2025-11-11 00:15:00,2025-11-11 00:21:05.694315666,29.89064201071772,Tuesday,6.0,14.0,28.0,6.09,Retraso Grave,Madrugada,False
2025-11-11 09:37:51.022536,Ruta 5 - Oeste,127,12.0,9,60,2025-11-11 09:30:00,2025-11-11 09:32:17.856657816,24.57282208767004,Tuesday,3.0,17.0,28.33,2.3,Retraso Leve,Mañana,True
2025-11-11 14:37:51.022536,Ruta 2 - Norte,127,12.0,3,60,2025-11-11 14:30:00,2025-11-11 14:31:09.012703128,20.48926414784444,Tuesday,9.0,26.0,43.33,1.15,A Tiempo,Tarde,False
2025-11-11 21:42:51.022536,Ruta 2 - Norte,127,10.0,7,60,2025-11-11 21:30:00,2025-11-11 21:30:56.299739262,26.40209959015249,Tuesday,3.0,29.0,48.33,0.94,A Tiempo,Noche,False
2025-11-11 22:07:51.022536,Ruta 5 - Oeste,127,8.0,3,50,2025-11-11 22:00:00,2025-11-11 22:01:46.532520324,10.9031724915663,Tuesday,5.0,34.0,68.0,1.78,A Tiempo,Noche,False
2025-11-11 23:57:51.022536,Ruta 3 - Sur,127,6.0,5,50,2025-11-11 23:45:00,2025-11-11 23:47:56.868898548,29.317368104066126,Tuesday,1.0,35.0,70.0,2.95,Retraso Leve,Noche,False
2025-11-12 20:02:51.022536,Ruta 1 - Centro,127,7.0,11,60,2025-11-12 20:00:00,2025-11-12 20:00:16.137381918,29.619469833720665,Wednesday,-4.0,31.0,51.67,0.27,A Tiempo,Noche,False
2025-11-13 03:17:51.022536,Ruta 6 - Express,127,6.0,8,40,2025-11-13 03:15:00,2025-11-13 03:19:01.270613784,33.91836130176604,Thursday,-2.0,29.0,72.5,4.02,Retraso Leve,Madrugada,False
2025-11-13 09:07:51.022536,Ruta 3 - Sur,127,11.0,2,40,2025-11-13 09:00:00,2025-11-13 09:00:08.880854094,17.266773071421106,Thursday,9.0,38.0,95.0,0.15,A Tiempo,Mañana,True
2025-11-13 21:52:51.022536,Ruta 1 - Centro,127,14.0,4,60,2025-11-13 21:45:00,2025-11-13 21:49:48.283055220,18.90830678296364,Thursday,10.0,48.0,80.0,4.8,Retraso Leve,Noche,False
2025-11-14 02:07:51.022536,Ruta 6 - Express,127,13.0,8,40,2025-11-14 02:00:00,2025-11-14 02:00:19.760116038,31.94093552441971,Friday,5.0,53.0,100.0,0.33,A Tiempo,Madrugada,False
2025-11-14 15:12:51.022536,Ruta 5 - Oeste,127,3.0,8,40,2025-11-14 15:00:00,2025-11-14 15:00:08.260860060,27.915976789873746,Friday,-5.0,48.0,100.0,0.14,A Tiempo,Tarde,False
2025-11-14 20:22:51.022536,Ruta 4 - Este,127,8.0,7,60,2025-11-14 20:15:00,2025-11-14 20:16:04.716958710,21.22549523536437,Friday,1.0,49.0,81.67,1.08,A Tiempo,Noche,False
2025-11-15 02:12:51.022536,Ruta 6 - Express,127,14.0,7,60,2025-11-15 02:00:00,2025-11-15 02:02:17.934385926,22.22086409436035,Saturday,7.0,56.0,93.33,2.3,Retraso Leve,Madrugada,False
2025-11-15 09:57:51.022536,Ruta 5 - Oeste,127,8.0,5,60,2025-11-15 09:45:00,2025-11-15 09:46:58.148336010,23.583783845852132,Saturday,3.0,59.0,98.33,1.97,A Tiempo,Mañana,True
2025-11-15 17:17:51.022536,Ruta 5 - Oeste,127,12.0,5,60,2025-11-15 17:15:00,2025-11-15 17:20:20.627145918,23.02400778742466,Saturday,7.0,66.0,100.0,5.34,Retraso Grave,Tarde,True
2025-11-15 22:52:51.022536,Ruta 4 - Este,127,9.0,9,40,2025-11-15 22:45:00,2025-11-15 22:47:18.211048248,22.723061713774577,Saturday,0.0,66.0,100.0,2.3,Retraso Leve,Noche,False
2025-11-16 00:12:51.022536,Ruta 5 - Oeste,127,15.0,2,60,2025-11-16 00:00:00,2025-11-16 00:00:11.725206258,20.13342918498188,Sunday,13.0,79.0,100.0,0.2,A Tiempo,Madrugada,False
2025-11-16 05:02:51.022536,Ruta 4 - Este,127,5.0,4,50,2025-11-16 05:00:00,2025-11-16 05:02:35.701627590,25.49195906803036,Sunday,1.0,80.0,100.0,2.6,Retraso Leve,Madrugada,False
2025-11-16 21:32:51.022536,Ruta 6 - Express,127,7.0,5,50,2025-11-16 21:30:00,2025-11-16 21:30:59.098196268,36.00808191986434,Sunday,2.0,82.0,100.0,0.98,A Tiempo,Noche,False
2025-11-17 11:42:51.022536,Ruta 1 - Centro,127,10.0,4,50,2025-11-17 11:30:00,2025-11-17 11:30:00.575201136,23.394502768084923,Monday,6.0,88.0,100.0,0.01,A Tiempo,Mañana,False
2025-11-18 07:02:51.022536,Ruta 6 - Express,127,10.0,6,60,2025-11-18 07:00:00,2025-11-18 07:02:36.763550142,27.3855968885863,Tuesday,4.0,92.0,100.0,2.61,Retraso Leve,Mañana,True
2025-11-18 20:17:51.022536,Ruta 6 - Express,127,6.0,5,50,2025-11-18 20:15:00,2025-11-18 20:15:18.293699292,28.135996874937383,Tuesday,1.0,93.0,100.0,0.3,A Tiempo,Noche,False
2025-11-19 16:57:51.022536,Ruta 4 - Este,127,7.0,6,50,2025-11-19 16:45:00,2025-11-19 16:45:03.328141320,33.37160740486382,Wednesday,1.0,94.0,100.0,0.06,A Tiempo,Tarde,False
2025-11-19 19:27:51.022536,Ruta 2 - Norte,127,7.0,7,40,2025-11-19 19:15:00,2025-11-19 19:15:44.435497044,27.314166768020637,Wednesday,0.0,94.0,100.0,0.74,A Tiempo,Noche,True
2025-11-19 22:37:51.022536,Ruta 3 - Sur,127,12.0,4,50,2025-11-19 22:30:00,2025-11-19 22:33:44.068158438,20.53813596186603,Wednesday,8.0,102.0,100.0,3.73,Retraso Leve,Noche,False
2025-11-20 03:22:51.022536,Ruta 4 - Este,127,7.0,4,50,2025-11-20 03:15:00,2025-11-20 03:17:31.151022546,27.8549843230326,Thursday,3.0,105.0,100.0,2.52,Retraso Leve,Madrugada,False
2025-11-20 09:27:51.022536,Ruta 5 - Oeste,127,6.0,7,50,2025-11-20 09:15:00,2025-11-20 09:15:20.564190426,17.47440893241972,Thursday,-1.0,104.0,100.0,0.34,A Tiempo,Mañana,True
2025-11-20 16:47:51.022536,Ruta 4 - Este,127,6.0,7,60,2025-11-20 16:45:00,2025-11-20 16:47:34.713262560,26.342682987813475,Thursday,-1.0,103.0,100.0,2.58,Retraso Leve,Tarde,False
2025-11-21 00:27:51.022536,Ruta 6 - Express,127,8.0,5,50,2025-11-21 00:15:00,2025-11-21 00:15:20.925722022,18.959616898014648,Friday,3.0,106.0,100.0,0.35,A Tiempo,Madrugada,False
2025-11-21 04:57:51.022536,Ruta 6 - Express,127,5.0,6,40,2025-11-21 04:45:00,2025-11-21 04:45:58.941612996,19.12235552934034,Friday,-1.0,105.0,100.0,0.98,A Tiempo,Madrugada,False
2025-11-21 21:37:51.022536,Ruta 1 - Centro,127,4.0,7,50,2025-11-21 21:30:00,2025-11-21 21:30:14.843611812,27.918098228354527,Friday,-3.0,102.0,100.0,0.25,A Tiempo,Noche,False
2025-11-22 03:07:51.022536,Ruta 1 - Centro,127,6.0,2,50,2025-11-22 03:00:00,2025-11-22 03:05:46.717860582,25.36436661102256,Saturday,4.0,106.0,100.0,5.78,Retraso Grave,Madrugada,False
2025-11-22 10:42:51.022536,Ruta 5 - Oeste,127,2.0,4,40,2025-11-22 10:30:00,2025-11-22 10:30:10.559738730,18.842609588082,Saturday,-2.0,104.0,100.0,0.18,A Tiempo,Mañana,False
2025-11-22 16:57:51.022536,Ruta 5 - Oeste,127,11.0,5,50,2025-11-22 16:45:00,2025-11-22 16:48:14.520845658,21.950203413235467,Saturday,6.0,110.0,100.0,3.24,Retraso Leve,Tarde,False
2025-11-22 20:42:51.022536,Ruta 1 - Centro,127,10.0,6,50,2025-11-22 20:30:00,2025-11-22 20:33:25.759357752,23.56164789856744,Saturday,4.0,114.0,100.0,3.43,Retraso Leve,Noche,False
2025-11-23 17:57:51.022536,Ruta 6 - Express,127,10.0,11,60,2025-11-23 17:45:00,2025-11-23 17:45:46.976156394,26.57896603967744,Sunday,-1.0,113.0,100.0,0.78,A Tiempo,Tarde,True
2025-11-24 05:32:51.022536,Ruta 6 - Express,127,7.0,5,60,2025-11-24 05:30:00,2025-11-24 05:32:23.394867060,26.70883450170209,Monday,2.0,115.0,100.0,2.39,Retraso Leve,Madrugada,False
2025-11-25 04:22:51.022536,Ruta 1 - Centro,127,7.0,5,40,2025-11-25 04:15:00,2025-11-25 04:17:14.204528664,20.72255633201205,Tuesday,2.0,117.0,100.0,2.24,Retraso Leve,Madrugada,False
2025-11-25 06:07:51.022536,Ruta 6 - Express,127,9.0,11,50,2025-11-25 06:00:00,2025-11-25 06:00:52.193761038,19.566055460782493,Tuesday,-2.0,115.0,100.0,0.87,A Tiempo,Madrugada,False
2025-11-25 10:12:51.022536,Ruta 2 - Norte,127,10.0,7,60,2025-11-25 10:00:00,2025-11-25 10:04:06.086723070,26.041789476401338,Tuesday,3.0,118.0,100.0,4.1,Retraso Leve,Mañana,False
2025-11-25 12:17:51.022536,Ruta 3 - Sur,127,6.0,6,40,2025-11-25 12:15:00,2025-11-25 12:15:41.873715618,30.11772756736205,Tuesday,0.0,118.0,100.0,0.7,A Tiempo,Mañana,False
2025-11-25 13:07:51.022536,Ruta 6 - Express,127,4.0,5,60,2025-11-25 13:00:00,2025-11-25 13:05:55.969532214,34.44436813938931,Tuesday,-1.0,117.0,100.0,5.93,Retraso Grave,Tarde,False
2025-11-25 16:07:51.022536,Ruta 4 - Este,127,8.0,7,50,2025-11-25 16:00:00,2025-11-25 16:00:58.186841310,20.762589855688876,Tuesday,1.0,118.0,100.0,0.97,A Tiempo,Tarde,False
2025-11-25 18:57:51.022536,Ruta 3 - Sur,127,8.0,4,40,2025-11-25 18:45:00,2025-11-25 18:46:44.862317604,29.53719603281943,Tuesday,4.0,122.0,100.0,1.75,A Tiempo,Tarde,True
2025-11-26 08:12:51.022536,Ruta 4 - Este,127,11.0,7,60,2025-11-26 08:00:00,2025-11-26 08:00:58.486780116,33.347122118308725,Wednesday,4.0,126.0,100.0,0.97,A Tiempo,Mañana,True
2025-11-26 10:07:51.022536,Ruta 2 - Norte,127,2.0,6,40,2025-11-26 10:00:00,2025-11-26 10:00:09.767520534,28.66341980416668,Wednesday,-4.0,122.0,100.0,0.16,A Tiempo,Mañana,False
2025-11-09 20:37:51.022536,Ruta 4 - Este,128,11.0,3,40,2025-11-09 20:30:00,2025-11-09 20:30:02.222719416,26.83506611538085,Sunday,8.0,8.0,20.0,0.04,A Tiempo,Noche,False
2025-11-09 21:12:51.022536,Ruta 2 - Norte,128,7.0,2,50,2025-11-09 21:00:00,2025-11-09 21:00:41.854401204,30.128911623369945,Sunday,5.0,13.0,26.0,0.7,A Tiempo,Noche,False
2025-11-10 05:12:51.022536,Ruta 5 - Oeste,128,8.0,2,50,2025-11-10 05:00:00,2025-11-10 05:00:48.988728420,21.783779613571184,Monday,6.0,19.0,38.0,0.82,A Tiempo,Madrugada,False
2025-11-10 10:07:51.022536,Ruta 5 - Oeste,128,5.0,10,40,2025-11-10 10:00:00,2025-11-10 10:02:17.956372818,24.89973048842741,Monday,-5.0,14.0,35.0,2.3,Retraso Leve,Mañana,False
2025-11-10 18:27:51.022536,Ruta 1 - Centro,128,9.0,6,50,2025-11-10 18:15:00,2025-11-10 18:17:59.923460154,28.1452548715477,Monday,3.0,17.0,34.0,3.0,Retraso Leve,Tarde,True
2025-11-10 21:47:51.022536,Ruta 5 - Oeste,128,9.0,7,40,2025-11-10 21:45:00,2025-11-10 21:48:52.695313170,21.8052773414177,Monday,2.0,19.0,47.5,3.88,Retraso Leve,Noche,False
2025-11-13 10:07:51.022536,Ruta 3 - Sur,128,9.0,7,60,2025-11-13 10:00:00,2025-11-13 10:00:46.797462648,29.86766418342787,Thursday,2.0,21.0,35.0,0.78,A Tiempo,Mañana,False
2025-11-13 11:17:51.022536,Ruta 4 - Este,128,9.0,5,40,2025-11-13 11:15:00,2025-11-13 11:16:55.632952962,18.084665740091744,Thursday,4.0,25.0,62.5,1.93,A Tiempo,Mañana,False
2025-11-14 01:52:51.022536,Ruta 1 - Centro,128,6.0,5,50,2025-11-14 01:45:00,2025-11-14 01:45:12.788418840,26.909971758894383,Friday,1.0,26.0,52.0,0.21,A Tiempo,Madrugada,False
2025-11-14 08:52:51.022536,Ruta 5 - Oeste,128,8.0,5,60,2025-11-14 08:45:00,2025-11-14 08:45:31.623830561,26.28984609874924,Friday,3.0,29.0,48.33,0.53,A Tiempo,Mañana,True
2025-11-14 10:37:51.022536,Ruta 1 - Centro,128,6.0,5,50,2025-11-14 10:30:00,2025-11-14 10:32:44.818712322,26.523371433814763,Friday,1.0,30.0,60.0,2.75,Retraso Leve,Mañana,False
2025-11-14 11:47:51.022536,Ruta 1 - Centro,128,8.0,6,50,2025-11-14 11:45:00,2025-11-14 11:45:50.336064462,22.162042779387622,Friday,2.0,32.0,64.0,0.84,A Tiempo,Mañana,False
2025-11-14 12:07:51.022536,Ruta 6 - Express,128,8.0,7,60,2025-11-14 12:00:00,2025-11-14 12:00:56.494133202,18.61708157694433,Friday,1.0,33.0,55.0,0.94,A Tiempo,Mañana,False
2025-11-14 20:47:51.022536,Ruta 2 - Norte,128,10.0,2,60,2025-11-14 20:45:00,2025-11-14 20:50:52.470213726,23.557497891562814,Friday,8.0,41.0,68.33,5.87,Retraso Grave,Noche,False
2025-11-15 02:17:51.022536,Ruta 1 - Centro,128,14.0,3,40,2025-11-15 02:15:00,2025-11-15 02:15:16.423821492,22.606720067109837,Saturday,11.0,52.0,100.0,0.27,A Tiempo,Madrugada,False
2025-11-15 06:42:51.022536,Ruta 1 - Centro,128,5.0,8,40,2025-11-15 06:30:00,2025-11-15 06:33:54.757617042,16.82703249388794,Saturday,-3.0,49.0,100.0,3.91,Retraso Leve,Madrugada,False
2025-11-15 11:42:51.022536,Ruta 1 - Centro,128,12.0,2,50,2025-11-15 11:30:00,2025-11-15 11:33:27.204586272,22.55438800429986,Saturday,10.0,59.0,100.0,3.45,Retraso Leve,Mañana,False
2025-11-15 12:07:51.022536,Ruta 2 - Norte,128,8.0,5,40,2025-11-15 12:00:00,2025-11-15 12:00:13.292878056,20.881929286134906,Saturday,3.0,62.0,100.0,0.22,A Tiempo,Mañana,False
2025-11-16 14:52:51.022536,Ruta 3 - Sur,128,8.0,8,40,2025-11-16 14:45:00,2025-11-16 14:45:07.878531972,23.989446997924865,Sunday,0.0,62.0,100.0,0.13,A Tiempo,Tarde,False
2025-11-16 20:47:51.022536,Ruta 1 - Centro,128,12.0,5,40,2025-11-16 20:45:00,2025-11-16 20:45:00.424921056,10.673750455459285,Sunday,7.0,69.0,100.0,0.01,A Tiempo,Noche,False
2025-11-16 23:27:51.022536,Ruta 6 - Express,128,8.0,11,50,2025-11-16 23:15:00,2025-11-16 23:17:08.656522560,22.837669417775302,Sunday,-3.0,66.0,100.0,2.14,Retraso Leve,Noche,False
2025-11-17 10:17:51.022536,Ruta 5 - Oeste,128,7.0,4,60,2025-11-17 10:15:00,2025-11-17 10:17:26.522821266,21.715079854941685,Monday,3.0,69.0,100.0,2.44,Retraso Leve,Mañana,False
2025-11-17 15:02:51.022536,Ruta 4 - Este,128,8.0,6,50,2025-11-17 15:00:00,2025-11-17 15:01:29.446402770,31.390664840650416,Monday,2.0,71.0,100.0,1.49,A Tiempo,Tarde,False
2025-11-17 17:57:51.022536,Ruta 5 - Oeste,128,8.0,8,40,2025-11-17 17:45:00,2025-11-17 17:46:48.542511816,31.68334757114424,Monday,0.0,71.0,100.0,1.81,A Tiempo,Tarde,True
2025-11-18 02:57:51.022536,Ruta 2 - Norte,128,8.0,4,60,2025-11-18 02:45:00,2025-11-18 02:45:59.476263438,27.74880321113234,Tuesday,4.0,75.0,100.0,0.99,A Tiempo,Madrugada,False
2025-11-18 03:27:51.022536,Ruta 3 - Sur,128,6.0,8,50,2025-11-18 03:15:00,2025-11-18 03:15:07.758698130,19.899208257575868,Tuesday,-2.0,73.0,100.0,0.13,A Tiempo,Madrugada,False
2025-11-18 11:02:51.022536,Ruta 6 - Express,128,5.0,5,40,2025-11-18 11:00:00,2025-11-18 11:00:09.313945560,34.79128629213357,Tuesday,0.0,73.0,100.0,0.16,A Tiempo,Mañana,False
2025-11-18 12:07:51.022536,Ruta 6 - Express,128,16.0,9,40,2025-11-18 12:00:00,2025-11-18 12:01:56.707546980,19.4410891379639,Tuesday,7.0,80.0,100.0,1.95,A Tiempo,Mañana,False
2025-11-18 17:12:51.022536,Ruta 1 - Centro,128,12.0,9,60,2025-11-18 17:00:00,2025-11-18 17:01:42.670824108,32.083627939796145,Tuesday,3.0,83.0,100.0,1.71,A Tiempo,Tarde,True
2025-11-19 16:22:51.022536,Ruta 6 - Express,128,1.0,7,60,2025-11-19 16:15:00,2025-11-19 16:15:30.361427436,19.03840231879291,Wednesday,-6.0,77.0,100.0,0.51,A Tiempo,Tarde,False
2025-11-20 22:22:51.022536,Ruta 4 - Este,128,9.0,5,60,2025-11-20 22:15:00,2025-11-20 22:15:58.971343440,26.5745538465177,Thursday,4.0,81.0,100.0,0.98,A Tiempo,Noche,False
2025-11-22 01:22:51.022536,Ruta 5 - Oeste,128,10.0,5,60,2025-11-22 01:15:00,2025-11-22 01:17:40.192311384,24.96884685284247,Saturday,5.0,86.0,100.0,2.67,Retraso Leve,Madrugada,False
2025-11-22 09:47:51.022536,Ruta 3 - Sur,128,10.0,11,40,2025-11-22 09:45:00,2025-11-22 09:49:47.034748152,32.85742810171292,Saturday,-1.0,85.0,100.0,4.78,Retraso Leve,Mañana,True
2025-11-22 11:37:51.022536,Ruta 6 - Express,128,8.0,7,50,2025-11-22 11:30:00,2025-11-22 11:31:29.302201194,29.10238775918088,Saturday,1.0,86.0,100.0,1.49,A Tiempo,Mañana,False
2025-11-22 23:52:51.022536,Ruta 6 - Express,128,9.0,5,50,2025-11-22 23:45:00,2025-11-22 23:54:02.952429624,26.950232378386307,Saturday,4.0,90.0,100.0,9.05,Retraso Grave,Noche,False
2025-11-23 02:17:51.022536,Ruta 5 - Oeste,128,4.0,6,40,2025-11-23 02:15:00,2025-11-23 02:15:15.711305249,17.641709744819526,Sunday,-2.0,88.0,100.0,0.26,A Tiempo,Madrugada,False
2025-11-23 04:07:51.022536,Ruta 6 - Express,128,9.0,4,60,2025-11-23 04:00:00,2025-11-23 04:00:53.594495166,39.41220546001038,Sunday,5.0,93.0,100.0,0.89,A Tiempo,Madrugada,False
2025-11-23 04:37:51.022536,Ruta 1 - Centro,128,9.0,8,50,2025-11-23 04:30:00,2025-11-23 04:31:08.470416869,27.528165385262525,Sunday,1.0,94.0,100.0,1.14,A Tiempo,Madrugada,False
2025-11-23 08:02:51.022536,Ruta 1 - Centro,128,9.0,6,50,2025-11-23 08:00:00,2025-11-23 08:01:29.217687774,19.60450249765849,Sunday,3.0,97.0,100.0,1.49,A Tiempo,Mañana,True
2025-11-23 15:57:51.022536,Ruta 5 - Oeste,128,6.0,7,40,2025-11-23 15:45:00,2025-11-23 15:48:25.678427040,15.234284737233487,Sunday,-1.0,96.0,100.0,3.43,Retraso Leve,Tarde,False
2025-11-23 20:22:51.022536,Ruta 2 - Norte,128,7.0,5,60,2025-11-23 20:15:00,2025-11-23 20:15:33.100396938,14.971542967226998,Sunday,2.0,98.0,100.0,0.55,A Tiempo,Noche,False
2025-11-24 00:47:51.022536,Ruta 2 - Norte,128,5.0,5,50,2025-11-24 00:45:00,2025-11-24 00:46:03.373856232,27.8951444119594,Monday,0.0,98.0,100.0,1.06,A Tiempo,Madrugada,False
2025-11-24 02:12:51.022536,Ruta 2 - Norte,128,15.0,2,60,2025-11-24 02:00:00,2025-11-24 02:02:00.656411652,23.71657687590855,Monday,13.0,111.0,100.0,2.01,Retraso Leve,Madrugada,False
2025-11-24 03:52:51.022536,Ruta 1 - Centro,128,9.0,3,60,2025-11-24 03:45:00,2025-11-24 03:46:27.759743628,25.67514094609109,Monday,6.0,117.0,100.0,1.46,A Tiempo,Madrugada,False
2025-11-24 15:47:51.022536,Ruta 2 - Norte,128,10.0,3,40,2025-11-24 15:45:00,2025-11-24 15:45:37.622758578,21.77704805534212,Monday,7.0,124.0,100.0,0.63,A Tiempo,Tarde,False
2025-11-24 23:47:51.022536,Ruta 5 - Oeste,128,9.0,5,50,2025-11-24 23:45:00,2025-11-24 23:46:40.250107566,29.49431496567372,Monday,4.0,128.0,100.0,1.67,A Tiempo,Noche,False
2025-11-25 03:17:51.022536,Ruta 3 - Sur,128,8.0,9,40,2025-11-25 03:15:00,2025-11-25 03:16:28.824297786,23.217809513868406,Tuesday,-1.0,127.0,100.0,1.48,A Tiempo,Madrugada,False
2025-11-25 04:37:51.022536,Ruta 4 - Este,128,9.0,4,40,2025-11-25 04:30:00,2025-11-25 04:30:12.511655172,23.22412284443532,Tuesday,5.0,132.0,100.0,0.21,A Tiempo,Madrugada,False
2025-11-25 09:47:51.022536,Ruta 3 - Sur,128,5.0,5,60,2025-11-25 09:45:00,2025-11-25 09:45:27.741753096,28.4594349003816,Tuesday,0.0,132.0,100.0,0.46,A Tiempo,Mañana,True
2025-11-09 18:27:51.022536,Ruta 4 - Este,129,3.0,7,40,2025-11-09 18:15:00,2025-11-09 18:16:04.726493394,21.67887237637879,Sunday,-4.0,0.0,0.0,1.08,A Tiempo,Tarde,True
2025-11-10 08:02:51.022536,Ruta 2 - Norte,129,4.0,5,40,2025-11-10 08:00:00,2025-11-10 08:00:23.699325174,24.986587811451454,Monday,-1.0,0.0,0.0,0.39,A Tiempo,Mañana,True
2025-11-10 18:42:51.022536,Ruta 3 - Sur,129,9.0,4,50,2025-11-10 18:30:00,2025-11-10 18:30:10.303799982,26.3972347406199,Monday,5.0,0.0,0.0,0.17,A Tiempo,Tarde,True
2025-11-11 15:12:51.022536,Ruta 5 - Oeste,129,5.0,10,40,2025-11-11 15:00:00,2025-11-11 15:03:10.954752312,16.392302879228517,Tuesday,-5.0,0.0,0.0,3.18,Retraso Leve,Tarde,False
2025-11-11 17:07:51.022536,Ruta 6 - Express,129,7.0,7,50,2025-11-11 17:00:00,2025-11-11 17:01:50.190999798,30.04883634645069,Tuesday,0.0,0.0,0.0,1.84,A Tiempo,Tarde,True
2025-11-12 04:57:51.022536,Ruta 4 - Este,129,5.0,6,40,2025-11-12 04:45:00,2025-11-12 04:46:23.379503784,25.854706990985573,Wednesday,-1.0,0.0,0.0,1.39,A Tiempo,Madrugada,False
2025-11-12 09:27:51.022536,Ruta 3 - Sur,129,7.0,5,60,2025-11-12 09:15:00,2025-11-12 09:15:14.747969958,26.301382091956643,Wednesday,2.0,0.0,0.0,0.25,A Tiempo,Mañana,True
2025-11-12 21:32:51.022536,Ruta 3 - Sur,129,10.0,8,50,2025-11-12 21:30:00,2025-11-12 21:31:33.754697148,21.55566002333308,Wednesday,2.0,0.0,0.0,1.56,A Tiempo,Noche,False
2025-11-13 03:07:51.022536,Ruta 5 - Oeste,129,8.0,9,60,2025-11-13 03:00:00,2025-11-13 03:01:36.592945680,27.703297357507463,Thursday,-1.0,0.0,0.0,1.61,A Tiempo,Madrugada,False
2025-11-13 09:27:51.022536,Ruta 1 - Centro,129,13.0,6,60,2025-11-13 09:15:00,2025-11-13 09:17:02.806598820,28.396882672170005,Thursday,7.0,4.0,6.67,2.05,Retraso Leve,Mañana,True
2025-11-13 12:27:51.022536,Ruta 2 - Norte,129,9.0,7,60,2025-11-13 12:15:00,2025-11-13 12:15:04.767762912,19.12001171715991,Thursday,2.0,6.0,10.0,0.08,A Tiempo,Mañana,False
2025-11-13 21:37:51.022536,Ruta 4 - Este,129,9.0,3,50,2025-11-13 21:30:00,2025-11-13 21:35:09.582965382,34.26128949071348,Thursday,6.0,12.0,24.0,5.16,Retraso Grave,Noche,False
2025-11-14 21:22:51.022536,Ruta 1 - Centro,129,7.0,4,40,2025-11-14 21:15:00,2025-11-14 21:17:08.187721404,24.654235315207835,Friday,3.0,15.0,37.5,2.14,Retraso Leve,Noche,False
2025-11-14 21:47:51.022536,Ruta 1 - Centro,129,9.0,5,50,2025-11-14 21:45:00,2025-11-14 21:47:01.077647574,29.243790101688,Friday,4.0,19.0,38.0,2.02,Retraso Leve,Noche,False
2025-11-15 03:37:51.022536,Ruta 2 - Norte,129,10.0,4,50,2025-11-15 03:30:00,2025-11-15 03:34:29.648105970,21.424352820115423,Saturday,6.0,25.0,50.0,4.49,Retraso Leve,Madrugada,False
2025-11-15 03:42:51.022536,Ruta 3 - Sur,129,10.0,6,60,2025-11-15 03:30:00,2025-11-15 03:32:28.646026308,25.125247325019377,Saturday,4.0,29.0,48.33,2.48,Retraso Leve,Madrugada,False
2025-11-15 05:47:51.022536,Ruta 6 - Express,129,5.0,5,60,2025-11-15 05:45:00,2025-11-15 05:48:15.409247898,24.93947592496492,Saturday,0.0,29.0,48.33,3.26,Retraso Leve,Madrugada,False
2025-11-16 01:52:51.022536,Ruta 3 - Sur,129,11.0,4,60,2025-11-16 01:45:00,2025-11-16 01:46:53.922955056,19.568232888040654,Sunday,7.0,36.0,60.0,1.9,A Tiempo,Madrugada,False
2025-11-16 10:07:51.022536,Ruta 2 - Norte,129,8.0,5,50,2025-11-16 10:00:00,2025-11-16 10:01:39.535412628,25.574455486857957,Sunday,3.0,39.0,78.0,1.66,A Tiempo,Mañana,False
2025-11-16 18:32:51.022536,Ruta 4 - Este,129,4.0,8,60,2025-11-16 18:30:00,2025-11-16 18:33:44.428703070,22.00496882738844,Sunday,-4.0,35.0,58.33,3.74,Retraso Leve,Tarde,True
2025-11-17 13:47:51.022536,Ruta 2 - Norte,129,9.0,6,60,2025-11-17 13:45:00,2025-11-17 13:46:56.678334846,14.24798473034947,Monday,3.0,38.0,63.33,1.94,A Tiempo,Tarde,False
2025-11-17 17:32:51.022536,Ruta 1 - Centro,129,10.0,16,50,2025-11-17 17:30:00,2025-11-17 17:32:03.249282678,20.55932724951994,Monday,-6.0,32.0,64.0,2.05,Retraso Leve,Tarde,True
2025-11-17 18:27:51.022536,Ruta 4 - Este,129,7.0,5,60,2025-11-17 18:15:00,2025-11-17 18:25:01.659515616,28.18683126852753,Monday,2.0,34.0,56.67,10.03,Retraso Grave,Tarde,True
2025-11-18 05:27:51.022536,Ruta 4 - Este,129,9.0,7,60,2025-11-18 05:15:00,2025-11-18 05:15:01.062844332,22.45792871642604,Tuesday,2.0,36.0,60.0,0.02,A Tiempo,Madrugada,False
2025-11-18 19:17:51.022536,Ruta 5 - Oeste,129,7.0,4,60,2025-11-18 19:15:00,2025-11-18 19:21:40.598714640,24.280762503079245,Tuesday,3.0,39.0,65.0,6.68,Retraso Grave,Noche,True
2025-11-19 12:57:51.022536,Ruta 5 - Oeste,129,8.0,4,60,2025-11-19 12:45:00,2025-11-19 12:52:58.883192256,22.01442455599478,Wednesday,4.0,43.0,71.67,7.98,Retraso Grave,Mañana,False
2025-11-19 16:02:51.022536,Ruta 1 - Centro,129,6.0,8,50,2025-11-19 16:00:00,2025-11-19 16:02:15.827921670,29.435947174189323,Wednesday,-2.0,41.0,82.0,2.26,Retraso Leve,Tarde,False
2025-11-20 07:47:51.022536,Ruta 5 - Oeste,129,5.0,4,60,2025-11-20 07:45:00,2025-11-20 07:50:44.664042066,22.7554751729902,Thursday,1.0,42.0,70.0,5.74,Retraso Grave,Mañana,True
2025-11-20 10:12:51.022536,Ruta 2 - Norte,129,13.0,8,60,2025-11-20 10:00:00,2025-11-20 10:01:31.430158878,28.961970834521846,Thursday,5.0,47.0,78.33,1.52,A Tiempo,Mañana,False
2025-11-20 13:07:51.022536,Ruta 4 - Este,129,10.0,9,60,2025-11-20 13:00:00,2025-11-20 13:00:54.427029450,18.89382297648494,Thursday,1.0,48.0,80.0,0.91,A Tiempo,Tarde,False
2025-11-20 22:02:51.022536,Ruta 1 - Centro,129,7.0,7,40,2025-11-20 22:00:00,2025-11-20 22:02:00.874775268,33.277093363035334,Thursday,0.0,48.0,100.0,2.01,Retraso Leve,Noche,False
2025-11-20 23:32:51.022536,Ruta 1 - Centro,129,6.0,2,60,2025-11-20 23:30:00,2025-11-20 23:30:30.205286994,31.025621214892624,Thursday,4.0,52.0,86.67,0.5,A Tiempo,Noche,False
2025-11-21 04:27:51.022536,Ruta 2 - Norte,129,4.0,4,60,2025-11-21 04:15:00,2025-11-21 04:16:09.270121398,22.981485680873543,Friday,0.0,52.0,86.67,1.15,A Tiempo,Madrugada,False
2025-11-22 21:12:51.022536,Ruta 1 - Centro,129,3.0,7,50,2025-11-22 21:00:00,2025-11-22 21:00:03.653126556,25.79788307071052,Saturday,-4.0,48.0,96.0,0.06,A Tiempo,Noche,False
2025-11-23 07:52:51.022536,Ruta 1 - Centro,129,7.0,7,60,2025-11-23 07:45:00,2025-11-23 07:46:19.644180336,33.57695188244984,Sunday,0.0,48.0,80.0,1.33,A Tiempo,Mañana,True
2025-11-23 08:22:51.022536,Ruta 5 - Oeste,129,8.0,9,50,2025-11-23 08:15:00,2025-11-23 08:16:41.708172702,33.20329807777051,Sunday,-1.0,47.0,94.0,1.7,A Tiempo,Mañana,True
2025-11-23 11:17:51.022536,Ruta 2 - Norte,129,8.0,5,40,2025-11-23 11:15:00,2025-11-23 11:16:42.133602198,26.357125288068968,Sunday,3.0,50.0,100.0,1.7,A Tiempo,Mañana,False
2025-11-23 14:02:51.022536,Ruta 3 - Sur,129,7.0,8,40,2025-11-23 14:00:00,2025-11-23 14:02:56.063827320,26.675996532719346,Sunday,-1.0,49.0,100.0,2.93,Retraso Leve,Tarde,False
2025-11-23 18:22:51.022536,Ruta 5 - Oeste,129,7.0,5,50,2025-11-23 18:15:00,2025-11-23 18:17:33.842355857,34.43059504640723,Sunday,2.0,51.0,100.0,2.56,Retraso Leve,Tarde,True
2025-11-24 06:27:51.022536,Ruta 5 - Oeste,129,7.0,7,40,2025-11-24 06:15:00,2025-11-24 06:16:15.008374890,31.540772313427688,Monday,0.0,51.0,100.0,1.25,A Tiempo,Madrugada,False
2025-11-24 17:07:51.022536,Ruta 4 - Este,129,9.0,4,50,2025-11-24 17:00:00,2025-11-24 17:03:38.651532720,17.07693337535614,Monday,5.0,56.0,100.0,3.64,Retraso Leve,Tarde,True
2025-11-25 01:47:51.022536,Ruta 1 - Centro,129,8.0,5,60,2025-11-25 01:45:00,2025-11-25 01:46:19.034614692,26.39772460913656,Tuesday,3.0,59.0,98.33,1.32,A Tiempo,Madrugada,False
2025-11-25 10:27:51.022536,Ruta 4 - Este,129,6.0,4,60,2025-11-25 10:15:00,2025-11-25 10:15:56.570111274,26.626938587764734,Tuesday,2.0,61.0,100.0,0.94,A Tiempo,Mañana,False
2025-11-25 14:27:51.022536,Ruta 6 - Express,129,5.0,4,50,2025-11-25 14:15:00,2025-11-25 14:22:23.325470118,29.45058776260205,Tuesday,1.0,62.0,100.0,7.39,Retraso Grave,Tarde,False
2025-11-25 19:27:51.022536,Ruta 2 - Norte,129,8.0,5,40,2025-11-25 19:15:00,2025-11-25 19:16:38.997649260,28.013451548026783,Tuesday,3.0,65.0,100.0,1.65,A Tiempo,Noche,True
2025-11-26 05:07:51.022536,Ruta 1 - Centro,129,10.0,2,40,2025-11-26 05:00:00,2025-11-26 05:01:10.177631766,21.595994186872023,Wednesday,8.0,73.0,100.0,1.17,A Tiempo,Madrugada,False
2025-11-26 19:32:51.022536,Ruta 5 - Oeste,129,11.0,3,50,2025-11-26 19:30:00,2025-11-26 19:30:31.090556820,18.581397189568747,Wednesday,8.0,81.0,100.0,0.52,A Tiempo,Noche,True
2025-11-09 18:57:51.022536,Ruta 4 - Este,130,8.0,11,60,2025-11-09 18:45:00,2025-11-09 18:51:31.678268117,26.810185890987235,Sunday,-3.0,0.0,0.0,6.53,Retraso Grave,Tarde,True
2025-11-10 06:32:51.022536,Ruta 6 - Express,130,8.0,7,40,2025-11-10 06:30:00,2025-11-10 06:33:08.797746516,28.53719921049782,Monday,1.0,0.0,0.0,3.15,Retraso Leve,Madrugada,False
2025-11-10 08:27:51.022536,Ruta 4 - Este,130,9.0,8,40,2025-11-10 08:15:00,2025-11-10 08:16:38.839011744,18.63296075879532,Monday,1.0,0.0,0.0,1.65,A Tiempo,Mañana,True
2025-11-11 01:52:51.022536,Ruta 3 - Sur,130,5.0,8,40,2025-11-11 01:45:00,2025-11-11 01:45:24.019617282,30.44669120610426,Tuesday,-3.0,0.0,0.0,0.4,A Tiempo,Madrugada,False
2025-11-11 11:22:51.022536,Ruta 4 - Este,130,7.0,4,50,2025-11-11 11:15:00,2025-11-11 11:16:05.134378656,24.05987042668955,Tuesday,3.0,0.0,0.0,1.09,A Tiempo,Mañana,False
2025-11-11 11:57:51.022536,Ruta 3 - Sur,130,6.0,6,60,2025-11-11 11:45:00,2025-11-11 11:48:41.898339384,21.108459064597817,Tuesday,0.0,0.0,0.0,3.7,Retraso Leve,Mañana,False
2025-11-12 01:32:51.022536,Ruta 4 - Este,130,5.0,2,40,2025-11-12 01:30:00,2025-11-12 01:31:37.953930846,29.31768719786224,Wednesday,3.0,2.0,5.0,1.63,A Tiempo,Madrugada,False
2025-11-12 11:07:51.022536,Ruta 1 - Centro,130,8.0,3,40,2025-11-12 11:00:00,2025-11-12 11:02:59.465035452,16.821094616533166,Wednesday,5.0,7.0,17.5,2.99,Retraso Leve,Mañana,False
2025-11-12 14:32:51.022536,Ruta 2 - Norte,130,7.0,6,50,2025-11-12 14:30:00,2025-11-12 14:30:18.948993372,19.296085440683036,Wednesday,1.0,8.0,16.0,0.32,A Tiempo,Tarde,False
2025-11-12 20:17:51.022536,Ruta 5 - Oeste,130,11.0,5,40,2025-11-12 20:15:00,2025-11-12 20:15:30.050155272,34.35330512689872,Wednesday,6.0,14.0,35.0,0.5,A Tiempo,Noche,False
2025-11-12 20:47:51.022536,Ruta 6 - Express,130,9.0,6,40,2025-11-12 20:45:00,2025-11-12 20:45:18.180169464,34.41535976925263,Wednesday,3.0,17.0,42.5,0.3,A Tiempo,Noche,False
2025-11-13 16:12:51.022536,Ruta 1 - Centro,130,5.0,7,50,2025-11-13 16:00:00,2025-11-13 16:00:09.539891610,27.412565275696227,Thursday,-2.0,15.0,30.0,0.16,A Tiempo,Tarde,False
2025-11-13 16:37:51.022536,Ruta 5 - Oeste,130,5.0,10,40,2025-11-13 16:30:00,2025-11-13 16:31:21.755457786,22.27000618084282,Thursday,-5.0,10.0,25.0,1.36,A Tiempo,Tarde,False
2025-11-13 18:07:51.022536,Ruta 4 - Este,130,13.0,6,60,2025-11-13 18:00:00,2025-11-13 18:05:46.277491752,17.612566022992134,Thursday,7.0,17.0,28.33,5.77,Retraso Grave,Tarde,True
2025-11-14 01:32:51.022536,Ruta 1 - Centro,130,12.0,7,40,2025-11-14 01:30:00,2025-11-14 01:31:36.686760672,26.59768691800518,Friday,5.0,22.0,55.0,1.61,A Tiempo,Madrugada,False
2025-11-14 07:37:51.022536,Ruta 5 - Oeste,130,8.0,5,40,2025-11-14 07:30:00,2025-11-14 07:31:01.139186592,31.29897190804563,Friday,3.0,25.0,62.5,1.02,A Tiempo,Mañana,True
2025-11-15 02:42:51.022536,Ruta 2 - Norte,130,8.0,8,40,2025-11-15 02:30:00,2025-11-15 02:30:01.905096480,32.06833451352321,Saturday,0.0,25.0,62.5,0.03,A Tiempo,Madrugada,False
2025-11-16 04:07:51.022536,Ruta 3 - Sur,130,9.0,3,40,2025-11-16 04:00:00,2025-11-16 04:04:40.137203754,22.02747919349932,Sunday,6.0,31.0,77.5,4.67,Retraso Leve,Madrugada,False
2025-11-16 09:57:51.022536,Ruta 5 - Oeste,130,5.0,5,60,2025-11-16 09:45:00,2025-11-16 09:46:38.894882526,21.14963347158092,Sunday,0.0,31.0,51.67,1.65,A Tiempo,Mañana,True
2025-11-16 15:27:51.022536,Ruta 5 - Oeste,130,6.0,7,40,2025-11-16 15:15:00,2025-11-16 15:15:55.709848668,32.02896503618396,Sunday,-1.0,30.0,75.0,0.93,A Tiempo,Tarde,False
2025-11-17 02:32:51.022536,Ruta 6 - Express,130,6.0,13,40,2025-11-17 02:30:00,2025-11-17 02:36:14.579548002,21.627279498701128,Monday,-7.0,23.0,57.5,6.24,Retraso Grave,Madrugada,False
2025-11-17 05:42:51.022536,Ruta 5 - Oeste,130,6.0,3,60,2025-11-17 05:30:00,2025-11-17 05:35:09.402724440,23.567539823027342,Monday,3.0,26.0,43.33,5.16,Retraso Grave,Madrugada,False
2025-11-17 18:22:51.022536,Ruta 4 - Este,130,5.0,6,50,2025-11-17 18:15:00,2025-11-17 18:17:02.789376558,28.389788832324108,Monday,-1.0,25.0,50.0,2.05,Retraso Leve,Tarde,True
2025-11-18 04:17:51.022536,Ruta 6 - Express,130,10.0,12,50,2025-11-18 04:15:00,2025-11-18 04:17:37.907673414,24.57109149385909,Tuesday,-2.0,23.0,46.0,2.63,Retraso Leve,Madrugada,False
2025-11-19 11:37:51.022536,Ruta 2 - Norte,130,12.0,6,50,2025-11-19 11:30:00,2025-11-19 11:32:23.798854866,29.18859188268223,Wednesday,6.0,29.0,58.0,2.4,Retraso Leve,Mañana,False
2025-11-19 21:32:51.022536,Ruta 3 - Sur,130,12.0,2,60,2025-11-19 21:30:00,2025-11-19 21:30:07.987565862,21.25835391317643,Wednesday,10.0,39.0,65.0,0.13,A Tiempo,Noche,False
2025-11-20 06:12:51.022536,Ruta 1 - Centro,130,13.0,7,50,2025-11-20 06:00:00,2025-11-20 06:02:31.135834170,33.06848801089045,Thursday,6.0,45.0,90.0,2.52,Retraso Leve,Madrugada,False
2025-11-20 08:52:51.022536,Ruta 4 - Este,130,4.0,11,40,2025-11-20 08:45:00,2025-11-20 08:48:26.032426272,21.02670992800553,Thursday,-7.0,38.0,95.0,3.43,Retraso Leve,Mañana,True
2025-11-21 05:22:51.022536,Ruta 3 - Sur,130,6.0,7,50,2025-11-21 05:15:00,2025-11-21 05:16:04.062782724,28.618623835449583,Friday,-1.0,37.0,74.0,1.07,A Tiempo,Madrugada,False
2025-11-21 16:57:51.022536,Ruta 5 - Oeste,130,7.0,6,60,2025-11-21 16:45:00,2025-11-21 16:48:47.396131986,28.736624902076056,Friday,1.0,38.0,63.33,3.79,Retraso Leve,Tarde,False
2025-11-22 03:02:51.022536,Ruta 1 - Centro,130,12.0,5,50,2025-11-22 03:00:00,2025-11-22 03:01:38.178783972,25.41067228671185,Saturday,7.0,45.0,90.0,1.64,A Tiempo,Madrugada,False
2025-11-22 04:37:51.022536,Ruta 3 - Sur,130,6.0,9,50,2025-11-22 04:30:00,2025-11-22 04:30:07.564138482,15.016357515654684,Saturday,-3.0,42.0,84.0,0.13,A Tiempo,Madrugada,False
2025-11-22 09:12:51.022536,Ruta 6 - Express,130,6.0,5,60,2025-11-22 09:00:00,2025-11-22 09:01:35.334358404,24.592530683188325,Saturday,1.0,43.0,71.67,1.59,A Tiempo,Mañana,True
2025-11-22 10:57:51.022536,Ruta 4 - Este,130,6.0,5,40,2025-11-22 10:45:00,2025-11-22 10:45:19.510827192,18.629221583620847,Saturday,1.0,44.0,100.0,0.33,A Tiempo,Mañana,False
2025-11-23 00:27:51.022536,Ruta 5 - Oeste,130,10.0,2,50,2025-11-23 00:15:00,2025-11-23 00:15:18.192307950,21.840405768128345,Sunday,8.0,52.0,100.0,0.3,A Tiempo,Madrugada,False
2025-11-23 07:22:51.022536,Ruta 4 - Este,130,5.0,6,40,2025-11-23 07:15:00,2025-11-23 07:15:08.979652986,25.847583159038784,Sunday,-1.0,51.0,100.0,0.15,A Tiempo,Mañana,True
2025-11-23 10:07:51.022536,Ruta 2 - Norte,130,8.0,10,60,2025-11-23 10:00:00,2025-11-23 10:02:14.522409252,28.18185184161681,Sunday,-2.0,49.0,81.67,2.24,Retraso Leve,Mañana,False
2025-11-24 03:42:51.022536,Ruta 4 - Este,130,8.0,11,40,2025-11-24 03:30:00,2025-11-24 03:33:55.888186578,25.386288142894152,Monday,-3.0,46.0,100.0,3.93,Retraso Leve,Madrugada,False
2025-11-24 07:17:51.022536,Ruta 1 - Centro,130,6.0,6,50,2025-11-24 07:15:00,2025-11-24 07:16:23.099111196,23.901507607186595,Monday,0.0,46.0,92.0,1.38,A Tiempo,Mañana,True
2025-11-24 07:57:51.022536,Ruta 6 - Express,130,8.0,8,60,2025-11-24 07:45:00,2025-11-24 07:45:46.942396122,26.60835413914642,Monday,0.0,46.0,76.67,0.78,A Tiempo,Mañana,True
2025-11-24 11:57:51.022536,Ruta 1 - Centro,130,10.0,9,60,2025-11-24 11:45:00,2025-11-24 11:49:54.948970830,19.89696788940809,Monday,1.0,47.0,78.33,4.92,Retraso Leve,Mañana,False
2025-11-24 23:27:51.022536,Ruta 5 - Oeste,130,10.0,7,60,2025-11-24 23:15:00,2025-11-24 23:17:46.929326502,23.61957446817869,Monday,3.0,50.0,83.33,2.78,Retraso Leve,Noche,False
2025-11-25 02:17:51.022536,Ruta 5 - Oeste,130,13.0,6,50,2025-11-25 02:15:00,2025-11-25 02:17:15.399667062,16.426322065674093,Tuesday,7.0,57.0,100.0,2.26,Retraso Leve,Madrugada,False
2025-11-25 02:57:51.022536,Ruta 2 - Norte,130,9.0,2,60,2025-11-25 02:45:00,2025-11-25 02:45:22.460581602,28.17472615375272,Tuesday,7.0,64.0,100.0,0.37,A Tiempo,Madrugada,False
2025-11-26 05:32:51.022536,Ruta 1 - Centro,130,6.0,8,60,2025-11-26 05:30:00,2025-11-26 05:30:01.321466028,30.40436090062375,Wednesday,-2.0,62.0,100.0,0.02,A Tiempo,Madrugada,False
2025-11-26 08:02:51.022536,Ruta 1 - Centro,130,4.0,6,50,2025-11-26 08:00:00,2025-11-26 08:01:07.655121348,32.44776024770422,Wednesday,-2.0,60.0,100.0,1.13,A Tiempo,Mañana,True
2025-11-26 09:47:51.022536,Ruta 1 - Centro,130,6.0,5,50,2025-11-26 09:45:00,2025-11-26 09:49:26.098187262,24.60884057022788,Wednesday,1.0,61.0,100.0,4.43,Retraso Leve,Mañana,True
2025-11-26 13:17:51.022536,Ruta 6 - Express,130,5.0,5,50,2025-11-26 13:15:00,2025-11-26 13:18:35.461813590,16.95055014411598,Wednesday,0.0,61.0,100.0,3.59,Retraso Leve,Tarde,False
2025-11-26 15:47:51.022536,Ruta 1 - Centro,130,6.0,11,50,2025-11-26 15:45:00,2025-11-26 15:45:44.963824836,25.639779071091883,Wednesday,-5.0,56.0,100.0,0.75,A Tiempo,Tarde,False
2025-11-26 18:07:51.022536,Ruta 3 - Sur,130,5.0,2,60,2025-11-26 18:00:00,2025-11-26 18:01:40.400368422,32.312358874169846,Wednesday,3.0,59.0,98.33,1.67,A Tiempo,Tarde,True
2025-11-10 08:57:51.022536,Ruta 4 - Este,131,6.0,7,50,2025-11-10 08:45:00,2025-11-10 08:48:04.320172836,28.94088118584706,Monday,-1.0,0.0,0.0,3.07,Retraso Leve,Mañana,True
2025-11-10 12:47:51.022536,Ruta 3 - Sur,131,12.0,6,40,2025-11-10 12:45:00,2025-11-10 12:45:47.600447928,11.842712589632916,Monday,6.0,5.0,12.5,0.79,A Tiempo,Mañana,False
2025-11-10 22:47:51.022536,Ruta 3 - Sur,131,7.0,5,60,2025-11-10 22:45:00,2025-11-10 22:46:36.154079124,28.196693496560943,Monday,2.0,7.0,11.67,1.6,A Tiempo,Noche,False
2025-11-11 05:17:51.022536,Ruta 1 - Centro,131,6.0,5,60,2025-11-11 05:15:00,2025-11-11 05:15:18.477872754,24.426224439608426,Tuesday,1.0,8.0,13.33,0.31,A Tiempo,Madrugada,False
2025-11-11 08:57:51.022536,Ruta 4 - Este,131,11.0,9,60,2025-11-11 08:45:00,2025-11-11 08:47:29.479727832,18.91109840022326,Tuesday,2.0,10.0,16.67,2.49,Retraso Leve,Mañana,True
2025-11-11 10:42:51.022536,Ruta 5 - Oeste,131,10.0,1,60,2025-11-11 10:30:00,2025-11-11 10:30:20.009599158,22.75471672769894,Tuesday,9.0,19.0,31.67,0.33,A Tiempo,Mañana,False
2025-11-11 18:12:51.022536,Ruta 4 - Este,131,7.0,2,50,2025-11-11 18:00:00,2025-11-11 18:00:44.619953436,22.63526491204328,Tuesday,5.0,24.0,48.0,0.74,A Tiempo,Tarde,True
2025-11-11 19:47:51.022536,Ruta 5 - Oeste,131,8.0,2,60,2025-11-11 19:45:00,2025-11-11 19:45:28.360918302,20.812009201176583,Tuesday,6.0,30.0,50.0,0.47,A Tiempo,Noche,True
2025-11-11 23:17:51.022536,Ruta 4 - Este,131,7.0,7,60,2025-11-11 23:15:00,2025-11-11 23:19:34.774796706,26.084102054280663,Tuesday,0.0,30.0,50.0,4.58,Retraso Leve,Noche,False
2025-11-12 17:42:51.022536,Ruta 4 - Este,131,10.0,9,50,2025-11-12 17:30:00,2025-11-12 17:35:05.088698958,25.25933959186183,Wednesday,1.0,31.0,62.0,5.08,Retraso Grave,Tarde,True
2025-11-12 18:32:51.022536,Ruta 3 - Sur,131,9.0,4,40,2025-11-12 18:30:00,2025-11-12 18:33:08.116074984,16.714543928302426,Wednesday,5.0,36.0,90.0,3.14,Retraso Leve,Tarde,True
2025-11-12 23:07:51.022536,Ruta 2 - Norte,131,7.0,6,50,2025-11-12 23:00:00,2025-11-12 23:00:50.392915692,27.01616653959073,Wednesday,1.0,37.0,74.0,0.84,A Tiempo,Noche,False
2025-11-13 00:57:51.022536,Ruta 3 - Sur,131,7.0,4,60,2025-11-13 00:45:00,2025-11-13 00:45:24.841743024,26.761523270860465,Thursday,3.0,40.0,66.67,0.41,A Tiempo,Madrugada,False
2025-11-13 14:17:51.022536,Ruta 4 - Este,131,5.0,6,60,2025-11-13 14:15:00,2025-11-13 14:19:29.063592864,22.370763124708034,Thursday,-1.0,39.0,65.0,4.48,Retraso Leve,Tarde,False
2025-11-13 16:57:51.022536,Ruta 5 - Oeste,131,12.0,0,40,2025-11-13 16:45:00,2025-11-13 16:46:07.075369584,20.797052203899387,Thursday,12.0,51.0,100.0,1.12,A Tiempo,Tarde,False
2025-11-13 23:32:51.022536,Ruta 2 - Norte,131,8.0,6,40,2025-11-13 23:30:00,2025-11-13 23:33:22.069317618,34.529774386319154,Thursday,2.0,53.0,100.0,3.37,Retraso Leve,Noche,False
2025-11-14 06:22:51.022536,Ruta 1 - Centro,131,10.0,8,50,2025-11-14 06:15:00,2025-11-14 06:16:45.851254944,32.418130693272914,Friday,2.0,55.0,100.0,1.76,A Tiempo,Madrugada,False
2025-11-14 08:17:51.022536,Ruta 3 - Sur,131,15.0,11,60,2025-11-14 08:15:00,2025-11-14 08:16:58.576201572,21.28145753534085,Friday,4.0,59.0,98.33,1.98,A Tiempo,Mañana,True
2025-11-15 01:57:51.022536,Ruta 1 - Centro,131,11.0,11,50,2025-11-15 01:45:00,2025-11-15 01:46:13.532960040,24.334774939267582,Saturday,0.0,59.0,100.0,1.23,A Tiempo,Madrugada,False
2025-11-15 10:42:51.022536,Ruta 3 - Sur,131,3.0,9,60,2025-11-15 10:30:00,2025-11-15 10:30:22.336328358,18.01989784364172,Saturday,-6.0,53.0,88.33,0.37,A Tiempo,Mañana,False
2025-11-15 18:07:51.022536,Ruta 6 - Express,131,11.0,9,50,2025-11-15 18:00:00,2025-11-15 18:01:25.762115910,24.300474775176276,Saturday,2.0,55.0,100.0,1.43,A Tiempo,Tarde,True
2025-11-17 04:37:51.022536,Ruta 6 - Express,131,10.0,4,60,2025-11-17 04:30:00,2025-11-17 04:32:05.543136096,23.72798244303124,Monday,6.0,61.0,100.0,2.09,Retraso Leve,Madrugada,False
2025-11-17 11:32:51.022536,Ruta 1 - Centro,131,10.0,3,60,2025-11-17 11:30:00,2025-11-17 11:31:23.624645670,19.115983288005587,Monday,7.0,68.0,100.0,1.39,A Tiempo,Mañana,False
2025-11-17 23:52:51.022536,Ruta 3 - Sur,131,8.0,11,40,2025-11-17 23:45:00,2025-11-17 23:45:16.664908302,17.12516580337861,Monday,-3.0,65.0,100.0,0.28,A Tiempo,Noche,False
2025-11-18 04:12:51.022536,Ruta 2 - Norte,131,5.0,4,60,2025-11-18 04:00:00,2025-11-18 04:01:55.438551180,24.381616540016875,Tuesday,1.0,66.0,100.0,1.92,A Tiempo,Madrugada,False
2025-11-18 06:42:51.022536,Ruta 6 - Express,131,7.0,4,50,2025-11-18 06:30:00,2025-11-18 06:31:07.476099174,26.469823878057287,Tuesday,3.0,69.0,100.0,1.12,A Tiempo,Madrugada,False
2025-11-19 10:47:51.022536,Ruta 6 - Express,131,5.0,4,40,2025-11-19 10:45:00,2025-11-19 10:45:57.155809758,14.78700204369371,Wednesday,1.0,70.0,100.0,0.95,A Tiempo,Mañana,False
2025-11-19 18:17:51.022536,Ruta 5 - Oeste,131,5.0,5,60,2025-11-19 18:15:00,2025-11-19 18:15:35.795576022,20.13130855460507,Wednesday,0.0,70.0,100.0,0.6,A Tiempo,Tarde,True
2025-11-19 19:32:51.022536,Ruta 3 - Sur,131,16.0,6,50,2025-11-19 19:30:00,2025-11-19 19:34:47.451697092,23.56832157503106,Wednesday,10.0,80.0,100.0,4.79,Retraso Leve,Noche,True
2025-11-21 00:12:51.022536,Ruta 2 - Norte,131,6.0,5,60,2025-11-21 00:00:00,2025-11-21 00:03:02.168685750,26.688343031874417,Friday,1.0,81.0,100.0,3.04,Retraso Leve,Madrugada,False
2025-11-21 02:12:51.022536,Ruta 4 - Este,131,11.0,6,40,2025-11-21 02:00:00,2025-11-21 02:02:31.361963748,22.384613461505143,Friday,5.0,86.0,100.0,2.52,Retraso Leve,Madrugada,False
2025-11-21 08:47:51.022536,Ruta 3 - Sur,131,6.0,9,40,2025-11-21 08:45:00,2025-11-21 08:46:09.580576410,21.213096781469577,Friday,-3.0,83.0,100.0,1.16,A Tiempo,Mañana,True
2025-11-21 17:32:51.022536,Ruta 6 - Express,131,4.0,3,60,2025-11-21 17:30:00,2025-11-21 17:34:32.467282104,33.5010652224177,Friday,1.0,84.0,100.0,4.54,Retraso Leve,Tarde,True
2025-11-22 20:17:51.022536,Ruta 4 - Este,131,6.0,5,40,2025-11-22 20:15:00,2025-11-22 20:15:33.453142218,29.43267819460901,Saturday,1.0,85.0,100.0,0.56,A Tiempo,Noche,False
2025-11-22 20:37:51.022536,Ruta 3 - Sur,131,7.0,7,60,2025-11-22 20:30:00,2025-11-22 20:30:10.578399360,25.505589714839587,Saturday,0.0,85.0,100.0,0.18,A Tiempo,Noche,False
2025-11-23 02:52:51.022536,Ruta 2 - Norte,131,6.0,6,50,2025-11-23 02:45:00,2025-11-23 02:45:19.776885588,23.92700706447072,Sunday,0.0,85.0,100.0,0.33,A Tiempo,Madrugada,False
2025-11-23 07:37:51.022536,Ruta 2 - Norte,131,10.0,6,60,2025-11-23 07:30:00,2025-11-23 07:30:04.241830770,27.33085630601652,Sunday,4.0,89.0,100.0,0.07,A Tiempo,Mañana,True
2025-11-24 03:07:51.022536,Ruta 3 - Sur,131,7.0,6,60,2025-11-24 03:00:00,2025-11-24 03:02:32.948679521,26.796976023358724,Monday,1.0,90.0,100.0,2.55,Retraso Leve,Madrugada,False
2025-11-24 09:37:51.022536,Ruta 4 - Este,131,9.0,9,50,2025-11-24 09:30:00,2025-11-24 09:35:07.044685686,33.02438265173576,Monday,0.0,90.0,100.0,5.12,Retraso Grave,Mañana,True
2025-11-24 18:07:51.022536,Ruta 5 - Oeste,131,10.0,7,60,2025-11-24 18:00:00,2025-11-24 18:00:50.430725790,21.843644687050784,Monday,3.0,93.0,100.0,0.84,A Tiempo,Tarde,True
2025-11-24 21:02:51.022536,Ruta 3 - Sur,131,10.0,3,60,2025-11-24 21:00:00,2025-11-24 21:01:12.634128888,22.4312600749446,Monday,7.0,100.0,100.0,1.21,A Tiempo,Noche,False
2025-11-25 00:42:51.022536,Ruta 4 - Este,131,7.0,6,60,2025-11-25 00:30:00,2025-11-25 00:32:17.602273254,17.680654215115723,Tuesday,1.0,101.0,100.0,2.29,Retraso Leve,Madrugada,False
2025-11-25 10:37:51.022536,Ruta 2 - Norte,131,7.0,6,40,2025-11-25 10:30:00,2025-11-25 10:30:54.891797730,29.086854623114355,Tuesday,1.0,102.0,100.0,0.91,A Tiempo,Mañana,False
2025-11-25 22:02:51.022536,Ruta 6 - Express,131,8.0,3,50,2025-11-25 22:00:00,2025-11-25 22:00:38.265167826,29.39574646305312,Tuesday,5.0,107.0,100.0,0.64,A Tiempo,Noche,False
2025-11-26 20:52:51.022536,Ruta 3 - Sur,131,7.0,5,40,2025-11-26 20:45:00,2025-11-26 20:46:12.344520294,32.73370850068564,Wednesday,2.0,109.0,100.0,1.21,A Tiempo,Noche,False
2025-11-10 03:27:51.022536,Ruta 2 - Norte,132,8.0,5,40,2025-11-10 03:15:00,2025-11-10 03:16:13.245854328,24.111970086486107,Monday,3.0,3.0,7.5,1.22,A Tiempo,Madrugada,False
2025-11-10 15:57:51.022536,Ruta 1 - Centro,132,8.0,4,40,2025-11-10 15:45:00,2025-11-10 15:49:09.067731780,23.21139825587281,Monday,4.0,7.0,17.5,4.15,Retraso Leve,Tarde,False
2025-11-11 17:12:51.022536,Ruta 4 - Este,132,7.0,3,60,2025-11-11 17:00:00,2025-11-11 17:09:12.570808626,23.243075859808656,Tuesday,4.0,11.0,18.33,9.21,Retraso Grave,Tarde,True
2025-11-14 04:12:51.022536,Ruta 4 - Este,132,5.0,6,50,2025-11-14 04:00:00,2025-11-14 04:03:31.820363682,21.448025550336432,Friday,-1.0,10.0,20.0,3.53,Retraso Leve,Madrugada,False
2025-11-14 12:17:51.022536,Ruta 2 - Norte,132,8.0,10,40,2025-11-14 12:15:00,2025-11-14 12:16:19.251476694,13.55521495312388,Friday,-2.0,8.0,20.0,1.32,A Tiempo,Mañana,False
2025-11-14 23:52:51.022536,Ruta 5 - Oeste,132,5.0,7,60,2025-11-14 23:45:00,2025-11-14 23:47:47.782445988,27.708549601860707,Friday,-2.0,6.0,10.0,2.8,Retraso Leve,Noche,False
2025-11-15 05:57:51.022536,Ruta 4 - Este,132,7.0,8,60,2025-11-15 05:45:00,2025-11-15 05:45:35.985898734,32.01700437405775,Saturday,-1.0,5.0,8.33,0.6,A Tiempo,Madrugada,False
2025-11-15 06:47:51.022536,Ruta 1 - Centro,132,7.0,4,40,2025-11-15 06:45:00,2025-11-15 06:52:01.975171704,27.715496866715416,Saturday,3.0,8.0,20.0,7.03,Retraso Grave,Madrugada,False
2025-11-15 08:02:51.022536,Ruta 2 - Norte,132,7.0,11,50,2025-11-15 08:00:00,2025-11-15 08:00:47.560087074,27.959953476648906,Saturday,-4.0,4.0,8.0,0.79,A Tiempo,Mañana,True
2025-11-15 22:42:51.022536,Ruta 4 - Este,132,7.0,6,40,2025-11-15 22:30:00,2025-11-15 22:32:25.411113300,33.244501452529185,Saturday,1.0,5.0,12.5,2.42,Retraso Leve,Noche,False
2025-11-17 00:57:51.022536,Ruta 1 - Centro,132,11.0,1,60,2025-11-17 00:45:00,2025-11-17 00:45:13.606555656,17.729522409230153,Monday,10.0,15.0,25.0,0.23,A Tiempo,Madrugada,False
2025-11-17 11:37:51.022536,Ruta 1 - Centro,132,7.0,6,50,2025-11-17 11:30:00,2025-11-17 11:38:04.018792356,30.7461509749108,Monday,1.0,16.0,32.0,8.07,Retraso Grave,Mañana,False
2025-11-18 14:42:51.022536,Ruta 5 - Oeste,132,8.0,4,50,2025-11-18 14:30:00,2025-11-18 14:30:00.619346364,24.058128068748147,Tuesday,4.0,20.0,40.0,0.01,A Tiempo,Tarde,False
2025-11-18 18:17:51.022536,Ruta 5 - Oeste,132,15.0,7,60,2025-11-18 18:15:00,2025-11-18 18:15:13.258384542,27.593902631533787,Tuesday,8.0,28.0,46.67,0.22,A Tiempo,Tarde,True
2025-11-18 19:42:51.022536,Ruta 6 - Express,132,3.0,7,40,2025-11-18 19:30:00,2025-11-18 19:32:26.580187776,28.523554540037367,Tuesday,-4.0,24.0,60.0,2.44,Retraso Leve,Noche,True
2025-11-19 09:37:51.022536,Ruta 2 - Norte,132,6.0,6,50,2025-11-19 09:30:00,2025-11-19 09:33:20.924662920,26.52522151000561,Wednesday,0.0,24.0,48.0,3.35,Retraso Leve,Mañana,True
2025-11-19 11:52:51.022536,Ruta 5 - Oeste,132,6.0,15,40,2025-11-19 11:45:00,2025-11-19 11:45:12.547472862,43.42180047726558,Wednesday,-9.0,15.0,37.5,0.21,A Tiempo,Mañana,False
2025-11-19 12:17:51.022536,Ruta 1 - Centro,132,8.0,5,40,2025-11-19 12:15:00,2025-11-19 12:15:27.685650972,29.20185756893214,Wednesday,3.0,18.0,45.0,0.46,A Tiempo,Mañana,False
2025-11-19 13:57:51.022536,Ruta 3 - Sur,132,8.0,7,60,2025-11-19 13:45:00,2025-11-19 13:45:40.627837578,24.052702126238,Wednesday,1.0,19.0,31.67,0.68,A Tiempo,Tarde,False
2025-11-19 23:47:51.022536,Ruta 5 - Oeste,132,7.0,14,50,2025-11-19 23:45:00,2025-11-19 23:47:11.137551426,20.682962112222707,Wednesday,-7.0,12.0,24.0,2.19,Retraso Leve,Noche,False
2025-11-20 14:42:51.022536,Ruta 6 - Express,132,8.0,5,60,2025-11-20 14:30:00,2025-11-20 14:30:44.861394660,21.11203786024087,Thursday,3.0,15.0,25.0,0.75,A Tiempo,Tarde,False
2025-11-21 19:52:51.022536,Ruta 6 - Express,132,5.0,5,40,2025-11-21 19:45:00,2025-11-21 19:51:33.091876200,33.90948614500061,Friday,0.0,15.0,37.5,6.55,Retraso Grave,Noche,True
2025-11-22 19:52:51.022536,Ruta 3 - Sur,132,5.0,11,60,2025-11-22 19:45:00,2025-11-22 19:47:22.088790018,24.421811859826175,Saturday,-6.0,9.0,15.0,2.37,Retraso Leve,Noche,True
2025-11-23 03:32:51.022536,Ruta 2 - Norte,132,10.0,6,60,2025-11-23 03:30:00,2025-11-23 03:34:53.042664804,23.92550275094376,Sunday,4.0,13.0,21.67,4.88,Retraso Leve,Madrugada,False
2025-11-23 07:42:51.022536,Ruta 2 - Norte,132,8.0,3,40,2025-11-23 07:30:00,2025-11-23 07:35:51.113727516,25.208558989010832,Sunday,5.0,18.0,45.0,5.85,Retraso Grave,Mañana,True
2025-11-23 16:17:51.022536,Ruta 4 - Este,132,3.0,7,60,2025-11-23 16:15:00,2025-11-23 16:17:09.628581606,35.303646456019266,Sunday,-4.0,14.0,23.33,2.16,Retraso Leve,Tarde,False
2025-11-23 18:02:51.022536,Ruta 6 - Express,132,6.0,5,60,2025-11-23 18:00:00,2025-11-23 18:01:18.161543142,24.96884685284247,Sunday,1.0,15.0,25.0,1.3,A Tiempo,Tarde,True
2025-11-23 18:47:51.022536,Ruta 6 - Express,132,7.0,11,50,2025-11-23 18:45:00,2025-11-23 18:45:04.744492512,30.041754405920575,Sunday,-4.0,11.0,22.0,0.08,A Tiempo,Tarde,True
2025-11-24 07:22:51.022536,Ruta 1 - Centro,132,12.0,4,60,2025-11-24 07:15:00,2025-11-24 07:15:18.536721444,22.36431146581291,Monday,8.0,19.0,31.67,0.31,A Tiempo,Mañana,True
2025-11-24 12:12:51.022536,Ruta 4 - Este,132,6.0,6,40,2025-11-24 12:00:00,2025-11-24 12:01:56.121436800,23.49409800828316,Monday,0.0,19.0,47.5,1.94,A Tiempo,Mañana,False
2025-11-24 16:12:51.022536,Ruta 5 - Oeste,132,9.0,11,50,2025-11-24 16:00:00,2025-11-24 16:02:25.433205678,33.056811169061895,Monday,-2.0,17.0,34.0,2.42,Retraso Leve,Tarde,False
2025-11-24 17:47:51.022536,Ruta 1 - Centro,132,8.0,7,50,2025-11-24 17:45:00,2025-11-24 17:47:21.676883274,25.008040617338334,Monday,1.0,18.0,36.0,2.36,Retraso Leve,Tarde,True
2025-11-24 18:02:51.022536,Ruta 2 - Norte,132,8.0,3,40,2025-11-24 18:00:00,2025-11-24 18:03:04.068128412,26.729999144437866,Monday,5.0,23.0,57.5,3.07,Retraso Leve,Tarde,True
2025-11-25 19:12:51.022536,Ruta 2 - Norte,132,2.0,5,60,2025-11-25 19:00:00,2025-11-25 19:03:35.601176250,25.3961461302358,Tuesday,-3.0,20.0,33.33,3.59,Retraso Leve,Noche,True
2025-11-25 21:52:51.022536,Ruta 4 - Este,132,6.0,7,50,2025-11-25 21:45:00,2025-11-25 21:45:15.194110290,31.6380298275743,Tuesday,-1.0,19.0,38.0,0.25,A Tiempo,Noche,False
2025-11-26 01:32:51.022536,Ruta 3 - Sur,132,7.0,3,40,2025-11-26 01:30:00,2025-11-26 01:31:08.039242002,19.2630716039676,Wednesday,4.0,23.0,57.5,1.13,A Tiempo,Madrugada,False
2025-11-26 02:02:51.022536,Ruta 5 - Oeste,132,11.0,6,50,2025-11-26 02:00:00,2025-11-26 02:06:56.806222254,24.00409730702046,Wednesday,5.0,28.0,56.0,6.95,Retraso Grave,Madrugada,False
2025-11-26 08:42:51.022536,Ruta 4 - Este,132,6.0,4,50,2025-11-26 08:30:00,2025-11-26 08:30:12.431285802,34.85872661602843,Wednesday,2.0,30.0,60.0,0.21,A Tiempo,Mañana,True
2025-11-26 11:32:51.022536,Ruta 2 - Norte,132,10.0,5,40,2025-11-26 11:30:00,2025-11-26 11:32:02.160136806,16.963862876205397,Wednesday,5.0,35.0,87.5,2.04,Retraso Leve,Mañana,False
2025-11-26 18:02:51.022536,Ruta 1 - Centro,132,9.0,5,50,2025-11-26 18:00:00,2025-11-26 18:01:37.999523124,32.53124631959735,Wednesday,4.0,39.0,78.0,1.63,A Tiempo,Tarde,True
2025-11-10 22:22:51.022536,Ruta 1 - Centro,133,7.0,7,60,2025-11-10 22:15:00,2025-11-10 22:16:11.587323786,27.059824393554788,Monday,0.0,0.0,0.0,1.19,A Tiempo,Noche,False
2025-11-12 01:52:51.022536,Ruta 6 - Express,133,4.0,9,50,2025-11-12 01:45:00,2025-11-12 01:46:26.911067136,26.499035279734787,Wednesday,-5.0,0.0,0.0,1.45,A Tiempo,Madrugada,False
2025-11-12 03:47:51.022536,Ruta 1 - Centro,133,3.0,2,40,2025-11-12 03:45:00,2025-11-12 03:49:00.630177210,19.67277078030216,Wednesday,1.0,0.0,0.0,4.01,Retraso Leve,Madrugada,False
2025-11-12 11:02:51.022536,Ruta 6 - Express,133,10.0,5,50,2025-11-12 11:00:00,2025-11-12 11:01:20.437792002,24.979437205074213,Wednesday,5.0,1.0,2.0,1.34,A Tiempo,Mañana,False
2025-11-12 15:22:51.022536,Ruta 4 - Este,133,5.0,4,50,2025-11-12 15:15:00,2025-11-12 15:17:19.954011930,31.257745252287062,Wednesday,1.0,2.0,4.0,2.33,Retraso Leve,Tarde,False
2025-11-13 12:47:51.022536,Ruta 3 - Sur,133,6.0,9,60,2025-11-13 12:45:00,2025-11-13 12:46:47.747830404,22.591957936517996,Thursday,-3.0,0.0,0.0,1.8,A Tiempo,Mañana,False
2025-11-13 15:27:51.022536,Ruta 1 - Centro,133,16.0,6,50,2025-11-13 15:15:00,2025-11-13 15:17:20.724628944,29.954575002060963,Thursday,10.0,9.0,18.0,2.35,Retraso Leve,Tarde,False
2025-11-13 23:27:51.022536,Ruta 2 - Norte,133,9.0,7,60,2025-11-13 23:15:00,2025-11-13 23:15:26.681692380,17.130889876330524,Thursday,2.0,11.0,18.33,0.44,A Tiempo,Noche,False
2025-11-14 02:52:51.022536,Ruta 3 - Sur,133,3.0,10,50,2025-11-14 02:45:00,2025-11-14 02:48:27.623456712,25.506639467599395,Friday,-7.0,4.0,8.0,3.46,Retraso Leve,Madrugada,False
2025-11-15 00:12:51.022536,Ruta 3 - Sur,133,4.0,5,60,2025-11-15 00:00:00,2025-11-15 00:00:51.445159302,23.28268746266675,Saturday,-1.0,3.0,5.0,0.86,A Tiempo,Madrugada,False
2025-11-16 08:52:51.022536,Ruta 4 - Este,133,8.0,5,60,2025-11-16 08:45:00,2025-11-16 08:46:38.399372046,22.059373015823887,Sunday,3.0,6.0,10.0,1.64,A Tiempo,Mañana,True
2025-11-16 09:12:51.022536,Ruta 4 - Este,133,8.0,4,50,2025-11-16 09:00:00,2025-11-16 09:02:34.101969222,15.585684632115177,Sunday,4.0,10.0,20.0,2.57,Retraso Leve,Mañana,True
2025-11-16 20:07:51.022536,Ruta 4 - Este,133,6.0,9,50,2025-11-16 20:00:00,2025-11-16 20:01:26.348444388,30.35885461175102,Sunday,-3.0,7.0,14.0,1.44,A Tiempo,Noche,False
2025-11-17 04:57:51.022536,Ruta 4 - Este,133,10.0,9,40,2025-11-17 04:45:00,2025-11-17 04:47:03.807365982,20.16347351546661,Monday,1.0,8.0,20.0,2.06,Retraso Leve,Madrugada,False
2025-11-17 10:07:51.022536,Ruta 1 - Centro,133,7.0,5,50,2025-11-17 10:00:00,2025-11-17 10:03:39.019938396,23.448367538760237,Monday,2.0,10.0,20.0,3.65,Retraso Leve,Mañana,False
2025-11-17 12:17:51.022536,Ruta 6 - Express,133,8.0,1,50,2025-11-17 12:15:00,2025-11-17 12:17:30.105651858,21.981837540491966,Monday,7.0,17.0,34.0,2.5,Retraso Leve,Mañana,False
2025-11-17 22:32:51.022536,Ruta 5 - Oeste,133,4.0,5,50,2025-11-17 22:30:00,2025-11-17 22:33:19.892270556,22.027620121395763,Monday,-1.0,16.0,32.0,3.33,Retraso Leve,Noche,False
2025-11-18 03:32:51.022536,Ruta 6 - Express,133,12.0,8,50,2025-11-18 03:30:00,2025-11-18 03:32:02.193823848,28.53894546825369,Tuesday,4.0,20.0,40.0,2.04,Retraso Leve,Madrugada,False
2025-11-18 22:27:51.022536,Ruta 5 - Oeste,133,9.0,7,50,2025-11-18 22:15:00,2025-11-18 22:15:10.224937056,22.981447079552893,Tuesday,2.0,22.0,44.0,0.17,A Tiempo,Noche,False
2025-11-19 02:47:51.022536,Ruta 1 - Centro,133,6.0,6,50,2025-11-19 02:45:00,2025-11-19 02:45:25.539252366,36.44181215675971,Wednesday,0.0,22.0,44.0,0.43,A Tiempo,Madrugada,False
2025-11-19 15:27:51.022536,Ruta 4 - Este,133,6.0,4,60,2025-11-19 15:15:00,2025-11-19 15:15:32.858669585,21.91340801377946,Wednesday,2.0,24.0,40.0,0.55,A Tiempo,Tarde,False
2025-11-20 11:22:51.022536,Ruta 2 - Norte,133,6.0,2,40,2025-11-20 11:15:00,2025-11-20 11:17:52.165922904,25.77418417319861,Thursday,4.0,28.0,70.0,2.87,Retraso Leve,Mañana,False
2025-11-21 03:12:51.022536,Ruta 4 - Este,133,5.0,5,50,2025-11-21 03:00:00,2025-11-21 03:00:24.733839270,29.299120809617083,Friday,0.0,28.0,56.0,0.41,A Tiempo,Madrugada,False
2025-11-21 07:52:51.022536,Ruta 5 - Oeste,133,2.0,9,40,2025-11-21 07:45:00,2025-11-21 07:48:41.921508120,22.692972828003526,Friday,-7.0,21.0,52.5,3.7,Retraso Leve,Mañana,True
2025-11-21 08:17:51.022536,Ruta 1 - Centro,133,5.0,9,40,2025-11-21 08:15:00,2025-11-21 08:20:03.553005924,20.65591327615272,Friday,-4.0,17.0,42.5,5.06,Retraso Grave,Mañana,True
2025-11-21 16:42:51.022536,Ruta 3 - Sur,133,11.0,6,50,2025-11-21 16:30:00,2025-11-21 16:31:19.709879940,29.4928639434888,Friday,5.0,22.0,44.0,1.33,A Tiempo,Tarde,False
2025-11-22 04:22:51.022536,Ruta 4 - Este,133,6.0,6,60,2025-11-22 04:15:00,2025-11-22 04:15:34.186950467,24.130617709773908,Saturday,0.0,22.0,36.67,0.57,A Tiempo,Madrugada,False
2025-11-23 11:12:51.022536,Ruta 1 - Centro,133,6.0,8,50,2025-11-23 11:00:00,2025-11-23 11:00:07.303026594,15.321798218833688,Sunday,-2.0,20.0,40.0,0.12,A Tiempo,Mañana,False
2025-11-23 22:57:51.022536,Ruta 4 - Este,133,4.0,9,40,2025-11-23 22:45:00,2025-11-23 22:47:10.910813490,24.74819148363684,Sunday,-5.0,15.0,37.5,2.18,Retraso Leve,Noche,False
2025-11-24 18:47:51.022536,Ruta 3 - Sur,133,9.0,7,50,2025-11-24 18:45:00,2025-11-24 18:45:29.068750308,30.700176607470866,Monday,2.0,17.0,34.0,0.48,A Tiempo,Tarde,True
2025-11-25 11:17:51.022536,Ruta 3 - Sur,133,8.0,3,40,2025-11-25 11:15:00,2025-11-25 11:17:21.536811906,32.74942061233689,Tuesday,5.0,22.0,55.0,2.36,Retraso Leve,Mañana,False
2025-11-25 12:37:51.022536,Ruta 1 - Centro,133,4.0,4,60,2025-11-25 12:30:00,2025-11-25 12:30:51.264627774,22.827243511243168,Tuesday,0.0,22.0,36.67,0.85,A Tiempo,Mañana,False
2025-11-25 17:12:51.022536,Ruta 3 - Sur,133,5.0,5,40,2025-11-25 17:00:00,2025-11-25 17:01:38.233399026,26.256707461315862,Tuesday,0.0,22.0,55.0,1.64,A Tiempo,Tarde,True
2025-11-26 01:12:51.022536,Ruta 2 - Norte,133,13.0,11,50,2025-11-26 01:00:00,2025-11-26 01:00:08.907999030,25.00162797429536,Wednesday,2.0,24.0,48.0,0.15,A Tiempo,Madrugada,False
2025-11-26 17:52:51.022536,Ruta 1 - Centro,133,6.0,10,60,2025-11-26 17:45:00,2025-11-26 17:45:42.718652142,26.121627360915767,Wednesday,-4.0,20.0,33.33,0.71,A Tiempo,Tarde,True
2025-11-26 18:22:51.022536,Ruta 2 - Norte,133,5.0,6,40,2025-11-26 18:15:00,2025-11-26 18:17:05.461131030,25.9208784690789,Wednesday,-1.0,19.0,47.5,2.09,Retraso Leve,Tarde,True
2025-11-26 19:22:51.022536,Ruta 1 - Centro,133,7.0,5,60,2025-11-26 19:15:00,2025-11-26 19:18:30.013523580,27.16523350765029,Wednesday,2.0,21.0,35.0,3.5,Retraso Leve,Noche,True
2025-11-26 21:22:51.022536,Ruta 5 - Oeste,133,5.0,7,50,2025-11-26 21:15:00,2025-11-26 21:15:05.683115364,26.90532644963632,Wednesday,-2.0,19.0,38.0,0.09,A Tiempo,Noche,False
2025-11-10 04:17:51.022536,Ruta 5 - Oeste,134,12.0,7,60,2025-11-10 04:15:00,2025-11-10 04:23:51.845376912,24.717692295206717,Monday,5.0,5.0,8.33,8.86,Retraso Grave,Madrugada,False
2025-11-10 07:07:51.022536,Ruta 4 - Este,134,6.0,4,40,2025-11-10 07:00:00,2025-11-10 07:04:07.952135423,27.773197454115,Monday,2.0,7.0,17.5,4.13,Retraso Leve,Mañana,True
2025-11-10 07:32:51.022536,Ruta 3 - Sur,134,7.0,3,50,2025-11-10 07:30:00,2025-11-10 07:45:24.167263470,26.009585168284296,Monday,4.0,11.0,22.0,15.4,Retraso Grave,Mañana,True
2025-11-10 08:12:51.022536,Ruta 3 - Sur,134,8.0,6,50,2025-11-10 08:00:00,2025-11-10 08:01:49.018720422,20.66667892737003,Monday,2.0,13.0,26.0,1.82,A Tiempo,Mañana,True
2025-11-10 20:12:51.022536,Ruta 1 - Centro,134,8.0,5,60,2025-11-10 20:00:00,2025-11-10 20:01:50.459546490,33.500767924904075,Monday,3.0,16.0,26.67,1.84,A Tiempo,Noche,False
2025-11-12 03:17:51.022536,Ruta 4 - Este,134,13.0,8,40,2025-11-12 03:15:00,2025-11-12 03:19:52.804797264,24.899651571345228,Wednesday,5.0,21.0,52.5,4.88,Retraso Leve,Madrugada,False
2025-11-12 13:52:51.022536,Ruta 2 - Norte,134,5.0,9,60,2025-11-12 13:45:00,2025-11-12 13:51:21.968550636,24.12888990939929,Wednesday,-4.0,17.0,28.33,6.37,Retraso Grave,Tarde,False
2025-11-12 14:37:51.022536,Ruta 2 - Norte,134,9.0,3,60,2025-11-12 14:30:00,2025-11-12 14:32:42.182526474,29.970889474842707,Wednesday,6.0,23.0,38.33,2.7,Retraso Leve,Tarde,False
2025-11-12 17:07:51.022536,Ruta 3 - Sur,134,14.0,6,60,2025-11-12 17:00:00,2025-11-12 17:02:48.455440650,26.709504974851654,Wednesday,8.0,31.0,51.67,2.81,Retraso Leve,Tarde,True
2025-11-12 17:17:51.022536,Ruta 3 - Sur,134,7.0,6,60,2025-11-12 17:15:00,2025-11-12 17:16:05.005731960,23.09999582649405,Wednesday,1.0,32.0,53.33,1.08,A Tiempo,Tarde,True
2025-11-12 17:37:51.022536,Ruta 6 - Express,134,6.0,3,60,2025-11-12 17:30:00,2025-11-12 17:35:17.994334932,28.623485095327283,Wednesday,3.0,35.0,58.33,5.3,Retraso Grave,Tarde,True
2025-11-13 01:12:51.022536,Ruta 2 - Norte,134,11.0,4,40,2025-11-13 01:00:00,2025-11-13 01:02:32.449224941,30.026620088265588,Thursday,7.0,42.0,100.0,2.54,Retraso Leve,Madrugada,False
2025-11-13 16:17:51.022536,Ruta 6 - Express,134,7.0,6,60,2025-11-13 16:15:00,2025-11-13 16:15:40.778956500,28.670824073073767,Thursday,1.0,43.0,71.67,0.68,A Tiempo,Tarde,False
2025-11-14 08:37:51.022536,Ruta 2 - Norte,134,14.0,1,40,2025-11-14 08:30:00,2025-11-14 08:40:56.349303828,26.09749847319335,Friday,13.0,56.0,100.0,10.94,Retraso Grave,Mañana,True
2025-11-14 12:32:51.022536,Ruta 5 - Oeste,134,12.0,4,60,2025-11-14 12:30:00,2025-11-14 12:30:00.217040340,27.498369447319035,Friday,8.0,64.0,100.0,0.0,A Tiempo,Mañana,False
2025-11-14 21:17:51.022536,Ruta 3 - Sur,134,9.0,8,50,2025-11-14 21:15:00,2025-11-14 21:17:15.677592299,22.54197656107604,Friday,1.0,65.0,100.0,2.26,Retraso Leve,Noche,False
2025-11-15 01:17:51.022536,Ruta 4 - Este,134,9.0,7,60,2025-11-15 01:15:00,2025-11-15 01:18:17.265891984,17.110678913956544,Saturday,2.0,67.0,100.0,3.29,Retraso Leve,Madrugada,False
2025-11-15 12:17:51.022536,Ruta 1 - Centro,134,9.0,3,40,2025-11-15 12:15:00,2025-11-15 12:18:11.872654800,20.36619161328108,Saturday,6.0,73.0,100.0,3.2,Retraso Leve,Mañana,False
2025-11-15 20:57:51.022536,Ruta 2 - Norte,134,6.0,4,40,2025-11-15 20:45:00,2025-11-15 20:45:41.854077522,17.57078925680665,Saturday,2.0,75.0,100.0,0.7,A Tiempo,Noche,False
2025-11-16 00:17:51.022536,Ruta 1 - Centro,134,6.0,3,40,2025-11-16 00:15:00,2025-11-16 00:16:19.123216116,24.463071120517867,Sunday,3.0,78.0,100.0,1.32,A Tiempo,Madrugada,False
2025-11-16 06:57:51.022536,Ruta 2 - Norte,134,9.0,5,50,2025-11-16 06:45:00,2025-11-16 06:47:39.148087386,18.48598382654172,Sunday,4.0,82.0,100.0,2.65,Retraso Leve,Madrugada,False
2025-11-16 17:57:51.022536,Ruta 4 - Este,134,9.0,5,40,2025-11-16 17:45:00,2025-11-16 17:45:25.908776292,26.057443809948428,Sunday,4.0,86.0,100.0,0.43,A Tiempo,Tarde,True
2025-11-16 23:52:51.022536,Ruta 3 - Sur,134,6.0,5,40,2025-11-16 23:45:00,2025-11-16 23:45:37.727207232,25.601894606353216,Sunday,1.0,87.0,100.0,0.63,A Tiempo,Noche,False
2025-11-17 07:17:51.022536,Ruta 1 - Centro,134,8.0,5,60,2025-11-17 07:15:00,2025-11-17 07:15:31.837196106,25.96082439601589,Monday,3.0,90.0,100.0,0.53,A Tiempo,Mañana,True
2025-11-17 19:47:51.022536,Ruta 2 - Norte,134,10.0,4,40,2025-11-17 19:45:00,2025-11-17 19:45:24.112104270,22.87094967870838,Monday,6.0,96.0,100.0,0.4,A Tiempo,Noche,True
2025-11-18 03:07:51.022536,Ruta 6 - Express,134,7.0,6,60,2025-11-18 03:00:00,2025-11-18 03:00:09.532346040,21.42456282298127,Tuesday,1.0,97.0,100.0,0.16,A Tiempo,Madrugada,False
2025-11-19 02:17:51.022536,Ruta 4 - Este,134,12.0,7,40,2025-11-19 02:15:00,2025-11-19 02:15:22.851262194,26.25000049578317,Wednesday,5.0,102.0,100.0,0.38,A Tiempo,Madrugada,False
2025-11-19 12:32:51.022536,Ruta 3 - Sur,134,12.0,10,60,2025-11-19 12:30:00,2025-11-19 12:33:23.606014440,23.115416185596796,Wednesday,2.0,104.0,100.0,3.39,Retraso Leve,Mañana,False
2025-11-20 02:32:51.022536,Ruta 3 - Sur,134,7.0,8,60,2025-11-20 02:30:00,2025-11-20 02:31:45.595227270,14.825120655550162,Thursday,-1.0,103.0,100.0,1.76,A Tiempo,Madrugada,False
2025-11-20 04:27:51.022536,Ruta 4 - Este,134,5.0,5,50,2025-11-20 04:15:00,2025-11-20 04:18:00.439708164,21.207764839421976,Thursday,0.0,103.0,100.0,3.01,Retraso Leve,Madrugada,False
2025-11-21 00:42:51.022536,Ruta 4 - Este,134,12.0,5,40,2025-11-21 00:30:00,2025-11-21 00:32:45.137984688,21.172708897462417,Friday,7.0,110.0,100.0,2.75,Retraso Leve,Madrugada,False
2025-11-21 04:02:51.022536,Ruta 6 - Express,134,6.0,3,40,2025-11-21 04:00:00,2025-11-21 04:01:10.901123106,22.35942829856375,Friday,3.0,113.0,100.0,1.18,A Tiempo,Madrugada,False
2025-11-21 12:07:51.022536,Ruta 1 - Centro,134,9.0,7,50,2025-11-21 12:00:00,2025-11-21 12:00:00.952918247,31.569709095533305,Friday,2.0,115.0,100.0,0.02,A Tiempo,Mañana,False
2025-11-21 16:02:51.022536,Ruta 3 - Sur,134,12.0,6,40,2025-11-21 16:00:00,2025-11-21 16:00:44.832918414,21.573519892881198,Friday,6.0,121.0,100.0,0.75,A Tiempo,Tarde,False
2025-11-21 21:27:51.022536,Ruta 2 - Norte,134,10.0,4,40,2025-11-21 21:15:00,2025-11-21 21:15:19.285353156,28.390048018231067,Friday,6.0,127.0,100.0,0.32,A Tiempo,Noche,False
2025-11-22 02:57:51.022536,Ruta 1 - Centro,134,10.0,9,60,2025-11-22 02:45:00,2025-11-22 02:51:16.028951550,21.79234697355311,Saturday,1.0,128.0,100.0,6.27,Retraso Grave,Madrugada,False
2025-11-22 16:47:51.022536,Ruta 3 - Sur,134,9.0,1,40,2025-11-22 16:45:00,2025-11-22 16:45:49.708674156,25.51364919670559,Saturday,8.0,136.0,100.0,0.83,A Tiempo,Tarde,False
2025-11-22 21:07:51.022536,Ruta 1 - Centro,134,6.0,7,60,2025-11-22 21:00:00,2025-11-22 21:05:19.390850718,26.1028704237644,Saturday,-1.0,135.0,100.0,5.32,Retraso Grave,Noche,False
2025-11-23 09:22:51.022536,Ruta 5 - Oeste,134,8.0,3,50,2025-11-23 09:15:00,2025-11-23 09:17:39.452055906,19.263498133368955,Sunday,5.0,140.0,100.0,2.66,Retraso Leve,Mañana,True
2025-11-23 23:02:51.022536,Ruta 5 - Oeste,134,13.0,6,60,2025-11-23 23:00:00,2025-11-23 23:01:44.054392284,23.06333132226694,Sunday,7.0,147.0,100.0,1.73,A Tiempo,Noche,False
2025-11-24 02:17:51.022536,Ruta 1 - Centro,134,12.0,7,60,2025-11-24 02:15:00,2025-11-24 02:18:48.687560190,20.24684935423232,Monday,5.0,152.0,100.0,3.81,Retraso Leve,Madrugada,False
2025-11-24 10:52:51.022536,Ruta 6 - Express,134,6.0,2,50,2025-11-24 10:45:00,2025-11-24 10:46:10.937290662,23.589371024348956,Monday,4.0,156.0,100.0,1.18,A Tiempo,Mañana,False
2025-11-24 20:32:51.022536,Ruta 4 - Este,134,8.0,5,60,2025-11-24 20:30:00,2025-11-24 20:33:31.351632881,30.25255832132228,Monday,3.0,159.0,100.0,3.52,Retraso Leve,Noche,False
2025-11-25 08:02:51.022536,Ruta 2 - Norte,134,6.0,2,40,2025-11-25 08:00:00,2025-11-25 08:06:00.818571600,28.970931069721143,Tuesday,4.0,163.0,100.0,6.01,Retraso Grave,Mañana,True
2025-11-25 12:52:51.022536,Ruta 4 - Este,134,14.0,10,50,2025-11-25 12:45:00,2025-11-25 12:56:18.036307026,25.101088095724386,Tuesday,4.0,167.0,100.0,11.3,Retraso Grave,Mañana,False
2025-11-25 22:47:51.022536,Ruta 1 - Centro,134,12.0,6,60,2025-11-25 22:45:00,2025-11-25 22:45:05.296621224,15.981575013225738,Tuesday,6.0,173.0,100.0,0.09,A Tiempo,Noche,False
2025-11-26 00:22:51.022536,Ruta 4 - Este,134,11.0,2,50,2025-11-26 00:15:00,2025-11-26 00:15:11.949513276,22.686533627811,Wednesday,9.0,182.0,100.0,0.2,A Tiempo,Madrugada,False
2025-11-26 05:17:51.022536,Ruta 5 - Oeste,134,8.0,5,40,2025-11-26 05:15:00,2025-11-26 05:15:02.816025048,23.267208100256884,Wednesday,3.0,185.0,100.0,0.05,A Tiempo,Madrugada,False
2025-11-26 14:47:51.022536,Ruta 1 - Centro,134,11.0,4,60,2025-11-26 14:45:00,2025-11-26 14:49:11.337440472,22.9342739581392,Wednesday,7.0,192.0,100.0,4.19,Retraso Leve,Tarde,False
2025-11-09 15:52:51.022536,Ruta 3 - Sur,135,8.0,3,40,2025-11-09 15:45:00,2025-11-09 15:46:53.916176910,23.590702040267846,Sunday,5.0,5.0,12.5,1.9,A Tiempo,Tarde,False
2025-11-09 19:27:51.022536,Ruta 1 - Centro,135,5.0,3,60,2025-11-09 19:15:00,2025-11-09 19:18:37.384721676,14.291553057231749,Sunday,2.0,7.0,11.67,3.62,Retraso Leve,Noche,True
2025-11-09 22:02:51.022536,Ruta 2 - Norte,135,11.0,9,40,2025-11-09 22:00:00,2025-11-09 22:02:59.694515112,17.07311734197158,Sunday,2.0,9.0,22.5,2.99,Retraso Leve,Noche,False
2025-11-10 17:37:51.022536,Ruta 5 - Oeste,135,5.0,3,40,2025-11-10 17:30:00,2025-11-10 17:30:12.631165668,26.54555341637378,Monday,2.0,11.0,27.5,0.21,A Tiempo,Tarde,True
2025-11-11 00:37:51.022536,Ruta 2 - Norte,135,10.0,5,60,2025-11-11 00:30:00,2025-11-11 00:30:21.071326896,27.15465674653212,Tuesday,5.0,16.0,26.67,0.35,A Tiempo,Madrugada,False
2025-11-11 00:52:51.022536,Ruta 1 - Centro,135,10.0,3,60,2025-11-11 00:45:00,2025-11-11 00:45:44.027866446,25.256413739931176,Tuesday,7.0,23.0,38.33,0.73,A Tiempo,Madrugada,False
2025-11-11 13:02:51.022536,Ruta 6 - Express,135,10.0,9,40,2025-11-11 13:00:00,2025-11-11 13:03:05.432255736,19.94730207597181,Tuesday,1.0,24.0,60.0,3.09,Retraso Leve,Tarde,False
2025-11-11 22:52:51.022536,Ruta 1 - Centro,135,9.0,4,60,2025-11-11 22:45:00,2025-11-11 22:45:24.045045570,22.84355196720146,Tuesday,5.0,29.0,48.33,0.4,A Tiempo,Noche,False
2025-11-12 18:37:51.022536,Ruta 3 - Sur,135,8.0,5,60,2025-11-12 18:30:00,2025-11-12 18:30:20.593259634,20.335199695791022,Wednesday,3.0,32.0,53.33,0.34,A Tiempo,Tarde,True
2025-11-13 08:32:51.022536,Ruta 2 - Norte,135,14.0,8,50,2025-11-13 08:30:00,2025-11-13 08:30:55.793696790,28.30436330961309,Thursday,6.0,38.0,76.0,0.93,A Tiempo,Mañana,True
2025-11-13 09:02:51.022536,Ruta 1 - Centro,135,8.0,15,50,2025-11-13 09:00:00,2025-11-13 09:02:46.676721252,20.867892616439377,Thursday,-7.0,31.0,62.0,2.78,Retraso Leve,Mañana,True
2025-11-13 11:42:51.022536,Ruta 5 - Oeste,135,6.0,5,60,2025-11-13 11:30:00,2025-11-13 11:30:12.375017058,21.481970002402207,Thursday,1.0,32.0,53.33,0.21,A Tiempo,Mañana,False
2025-11-13 13:32:51.022536,Ruta 6 - Express,135,11.0,5,40,2025-11-13 13:30:00,2025-11-13 13:35:43.139341224,27.750701079691996,Thursday,6.0,38.0,95.0,5.72,Retraso Grave,Tarde,False
2025-11-14 01:12:51.022536,Ruta 2 - Norte,135,8.0,8,60,2025-11-14 01:00:00,2025-11-14 01:00:20.361733086,19.191018525931568,Friday,0.0,38.0,63.33,0.34,A Tiempo,Madrugada,False
2025-11-14 03:17:51.022536,Ruta 5 - Oeste,135,9.0,2,40,2025-11-14 03:15:00,2025-11-14 03:17:52.982359980,18.05688932236089,Friday,7.0,45.0,100.0,2.88,Retraso Leve,Madrugada,False
2025-11-14 03:27:51.022536,Ruta 6 - Express,135,13.0,6,50,2025-11-14 03:15:00,2025-11-14 03:15:54.181862058,18.914024049647097,Friday,7.0,52.0,100.0,0.9,A Tiempo,Madrugada,False
2025-11-14 04:22:51.022536,Ruta 2 - Norte,135,6.0,4,40,2025-11-14 04:15:00,2025-11-14 04:15:17.028712440,24.73616650572003,Friday,2.0,54.0,100.0,0.28,A Tiempo,Madrugada,False
2025-11-14 21:02:51.022536,Ruta 5 - Oeste,135,9.0,4,60,2025-11-14 21:00:00,2025-11-14 21:03:38.212376664,26.072544047125717,Friday,5.0,59.0,98.33,3.64,Retraso Leve,Noche,False
2025-11-15 01:37:51.022536,Ruta 5 - Oeste,135,14.0,15,40,2025-11-15 01:30:00,2025-11-15 01:31:44.792261598,25.288041429007706,Saturday,-1.0,58.0,100.0,1.75,A Tiempo,Madrugada,False
2025-11-15 04:12:51.022536,Ruta 1 - Centro,135,14.0,3,60,2025-11-15 04:00:00,2025-11-15 04:03:49.246176420,24.830871360331106,Saturday,11.0,69.0,100.0,3.82,Retraso Leve,Madrugada,False
2025-11-15 16:17:51.022536,Ruta 3 - Sur,135,13.0,6,40,2025-11-15 16:15:00,2025-11-15 16:15:24.915282900,33.46274651940135,Saturday,7.0,76.0,100.0,0.42,A Tiempo,Tarde,False
2025-11-16 13:32:51.022536,Ruta 3 - Sur,135,6.0,6,40,2025-11-16 13:30:00,2025-11-16 13:31:51.192375264,26.253322935219806,Sunday,0.0,76.0,100.0,1.85,A Tiempo,Tarde,False
2025-11-16 20:12:51.022536,Ruta 6 - Express,135,6.0,6,50,2025-11-16 20:00:00,2025-11-16 20:00:15.168391721,35.039885948938434,Sunday,0.0,76.0,100.0,0.25,A Tiempo,Noche,False
2025-11-17 03:42:51.022536,Ruta 3 - Sur,135,3.0,3,60,2025-11-17 03:30:00,2025-11-17 03:33:24.353680416,18.958377700895312,Monday,0.0,76.0,100.0,3.41,Retraso Leve,Madrugada,False
2025-11-18 01:42:51.022536,Ruta 1 - Centro,135,15.0,4,50,2025-11-18 01:30:00,2025-11-18 01:33:27.552448848,24.701501498079736,Tuesday,11.0,87.0,100.0,3.46,Retraso Leve,Madrugada,False
2025-11-18 07:32:51.022536,Ruta 4 - Este,135,10.0,7,50,2025-11-18 07:30:00,2025-11-18 07:31:02.236307970,24.400487099131823,Tuesday,3.0,90.0,100.0,1.04,A Tiempo,Mañana,True
2025-11-19 06:17:51.022536,Ruta 2 - Norte,135,8.0,8,60,2025-11-19 06:15:00,2025-11-19 06:16:13.740673674,27.345061788670257,Wednesday,0.0,90.0,100.0,1.23,A Tiempo,Madrugada,False
2025-11-19 13:52:51.022536,Ruta 2 - Norte,135,5.0,8,50,2025-11-19 13:45:00,2025-11-19 13:51:13.115554728,27.36105238907321,Wednesday,-3.0,87.0,100.0,6.22,Retraso Grave,Tarde,False
2025-11-20 01:32:51.022536,Ruta 5 - Oeste,135,4.0,6,40,2025-11-20 01:30:00,2025-11-20 01:34:07.589261472,26.80546251534073,Thursday,-2.0,85.0,100.0,4.13,Retraso Leve,Madrugada,False
2025-11-20 01:57:51.022536,Ruta 5 - Oeste,135,1.0,3,50,2025-11-20 01:45:00,2025-11-20 01:45:36.971257920,28.71839491517376,Thursday,-2.0,83.0,100.0,0.62,A Tiempo,Madrugada,False
2025-11-20 07:52:51.022536,Ruta 1 - Centro,135,7.0,8,40,2025-11-20 07:45:00,2025-11-20 07:47:14.694483324,27.171265389434367,Thursday,-1.0,82.0,100.0,2.24,Retraso Leve,Mañana,True
2025-11-20 10:37:51.022536,Ruta 1 - Centro,135,6.0,8,60,2025-11-20 10:30:00,2025-11-20 10:30:41.904488544,24.96884685284247,Thursday,-2.0,80.0,100.0,0.7,A Tiempo,Mañana,False
2025-11-20 15:22:51.022536,Ruta 3 - Sur,135,9.0,7,60,2025-11-20 15:15:00,2025-11-20 15:17:31.803259092,25.359793024632765,Thursday,2.0,82.0,100.0,2.53,Retraso Leve,Tarde,False
2025-11-20 21:32:51.022536,Ruta 6 - Express,135,6.0,4,50,2025-11-20 21:30:00,2025-11-20 21:30:38.675839638,22.587361639348625,Thursday,2.0,84.0,100.0,0.64,A Tiempo,Noche,False
2025-11-21 03:22:51.022536,Ruta 1 - Centro,135,9.0,5,50,2025-11-21 03:15:00,2025-11-21 03:20:10.543244748,21.008523106895744,Friday,4.0,88.0,100.0,5.18,Retraso Grave,Madrugada,False
2025-11-21 13:12:51.022536,Ruta 6 - Express,135,12.0,7,60,2025-11-21 13:00:00,2025-11-21 13:00:13.121926284,23.92746500506664,Friday,5.0,93.0,100.0,0.22,A Tiempo,Tarde,False
2025-11-22 02:27:51.022536,Ruta 1 - Centro,135,4.0,8,50,2025-11-22 02:15:00,2025-11-22 02:15:48.206354814,27.970908163235656,Saturday,-4.0,89.0,100.0,0.8,A Tiempo,Madrugada,False
2025-11-22 04:52:51.022536,Ruta 4 - Este,135,9.0,6,60,2025-11-22 04:45:00,2025-11-22 04:46:47.341143462,26.6976623044636,Saturday,3.0,92.0,100.0,1.79,A Tiempo,Madrugada,False
2025-11-22 09:57:51.022536,Ruta 5 - Oeste,135,7.0,4,60,2025-11-22 09:45:00,2025-11-22 09:49:16.412654604,16.385536309708563,Saturday,3.0,95.0,100.0,4.27,Retraso Leve,Mañana,True
2025-11-22 12:42:51.022536,Ruta 6 - Express,135,7.0,10,50,2025-11-22 12:30:00,2025-11-22 12:30:17.518592142,29.236776467830776,Saturday,-3.0,92.0,100.0,0.29,A Tiempo,Mañana,False
2025-11-22 20:32:51.022536,Ruta 5 - Oeste,135,14.0,2,40,2025-11-22 20:30:00,2025-11-22 20:30:52.907509464,21.23487662808293,Saturday,12.0,104.0,100.0,0.88,A Tiempo,Noche,False
2025-11-22 21:22:51.022536,Ruta 6 - Express,135,10.0,14,40,2025-11-22 21:15:00,2025-11-22 21:17:46.217676474,34.69682669945682,Saturday,-4.0,100.0,100.0,2.77,Retraso Leve,Noche,False
2025-11-22 22:27:51.022536,Ruta 6 - Express,135,5.0,4,60,2025-11-22 22:15:00,2025-11-22 22:17:10.565501304,32.29971177243606,Saturday,1.0,101.0,100.0,2.18,Retraso Leve,Noche,False
2025-11-22 22:37:51.022536,Ruta 2 - Norte,135,8.0,8,40,2025-11-22 22:30:00,2025-11-22 22:30:25.056047100,34.06641104289702,Saturday,0.0,101.0,100.0,0.42,A Tiempo,Noche,False
2025-11-24 14:02:51.022536,Ruta 1 - Centro,135,10.0,7,50,2025-11-24 14:00:00,2025-11-24 14:00:36.425728128,20.430673536593478,Monday,3.0,104.0,100.0,0.61,A Tiempo,Tarde,False
2025-11-25 00:07:51.022536,Ruta 3 - Sur,135,7.0,6,60,2025-11-25 00:00:00,2025-11-25 00:02:04.236034692,31.596091844709253,Tuesday,1.0,105.0,100.0,2.07,Retraso Leve,Madrugada,False
2025-11-26 04:22:51.022536,Ruta 3 - Sur,135,4.0,7,50,2025-11-26 04:15:00,2025-11-26 04:15:23.766542892,23.67604482541222,Wednesday,-3.0,102.0,100.0,0.4,A Tiempo,Madrugada,False
2025-11-26 07:27:51.022536,Ruta 5 - Oeste,135,8.0,9,50,2025-11-26 07:15:00,2025-11-26 07:20:28.411946556,29.193376785522958,Wednesday,-1.0,101.0,100.0,5.47,Retraso Grave,Mañana,True
2025-11-26 23:47:51.022536,Ruta 6 - Express,135,10.0,3,40,2025-11-26 23:45:00,2025-11-26 23:49:08.121187350,27.89707083644064,Wednesday,7.0,108.0,100.0,4.14,Retraso Leve,Noche,False
2025-11-10 03:47:51.022536,Ruta 1 - Centro,136,6.0,10,40,2025-11-10 03:45:00,2025-11-10 03:47:28.213478088,21.01038061840457,Monday,-4.0,0.0,0.0,2.47,Retraso Leve,Madrugada,False
2025-11-10 17:22:51.022536,Ruta 2 - Norte,136,13.0,7,40,2025-11-10 17:15:00,2025-11-10 17:15:13.697693112,24.108555655641247,Monday,6.0,2.0,5.0,0.23,A Tiempo,Tarde,True
2025-11-10 20:27:51.022536,Ruta 5 - Oeste,136,6.0,3,50,2025-11-10 20:15:00,2025-11-10 20:15:14.032662576,24.082519248318334,Monday,3.0,5.0,10.0,0.23,A Tiempo,Noche,False
2025-11-10 23:12:51.022536,Ruta 2 - Norte,136,5.0,5,50,2025-11-10 23:00:00,2025-11-10 23:00:19.779426648,24.841741718121774,Monday,0.0,5.0,10.0,0.33,A Tiempo,Noche,False
2025-11-11 20:37:51.022536,Ruta 2 - Norte,136,6.0,6,40,2025-11-11 20:30:00,2025-11-11 20:36:08.317410882,26.12645584476585,Tuesday,0.0,5.0,12.5,6.14,Retraso Grave,Noche,False
2025-11-11 22:22:51.022536,Ruta 3 - Sur,136,6.0,5,40,2025-11-11 22:15:00,2025-11-11 22:18:22.239999792,37.51807590066026,Tuesday,1.0,6.0,15.0,3.37,Retraso Leve,Noche,False
2025-11-12 08:32:51.022536,Ruta 5 - Oeste,136,7.0,9,40,2025-11-12 08:30:00,2025-11-12 08:32:59.549825310,35.95945779660293,Wednesday,-2.0,4.0,10.0,2.99,Retraso Leve,Mañana,True
2025-11-12 19:02:51.022536,Ruta 2 - Norte,136,10.0,6,40,2025-11-12 19:00:00,2025-11-12 19:03:04.171065630,27.24482883308092,Wednesday,4.0,8.0,20.0,3.07,Retraso Leve,Noche,True
2025-11-13 10:02:51.022536,Ruta 5 - Oeste,136,11.0,8,50,2025-11-13 10:00:00,2025-11-13 10:01:30.006224478,21.39140060500408,Thursday,3.0,11.0,22.0,1.5,A Tiempo,Mañana,False
2025-11-13 11:02:51.022536,Ruta 1 - Centro,136,6.0,6,60,2025-11-13 11:00:00,2025-11-13 11:01:33.347503692,26.46775840694511,Thursday,0.0,11.0,18.33,1.56,A Tiempo,Mañana,False
2025-11-13 14:57:51.022536,Ruta 6 - Express,136,14.0,5,40,2025-11-13 14:45:00,2025-11-13 14:47:09.761352720,27.291445709187386,Thursday,9.0,20.0,50.0,2.16,Retraso Leve,Tarde,False
2025-11-13 22:47:51.022536,Ruta 2 - Norte,136,8.0,5,60,2025-11-13 22:45:00,2025-11-13 22:46:05.242248258,28.35012866457094,Thursday,3.0,23.0,38.33,1.09,A Tiempo,Noche,False
2025-11-14 18:42:51.022536,Ruta 5 - Oeste,136,10.0,8,60,2025-11-14 18:30:00,2025-11-14 18:30:13.458430626,32.74028833406806,Friday,2.0,25.0,41.67,0.22,A Tiempo,Tarde,True
2025-11-15 02:52:51.022536,Ruta 6 - Express,136,8.0,9,50,2025-11-15 02:45:00,2025-11-15 02:45:02.481366450,20.93021603800057,Saturday,-1.0,24.0,48.0,0.04,A Tiempo,Madrugada,False
2025-11-15 07:52:51.022536,Ruta 6 - Express,136,8.0,2,50,2025-11-15 07:45:00,2025-11-15 07:48:00.299150988,20.681998445315184,Saturday,6.0,30.0,60.0,3.0,Retraso Leve,Mañana,True
2025-11-15 23:07:51.022536,Ruta 1 - Centro,136,11.0,8,50,2025-11-15 23:00:00,2025-11-15 23:00:17.400962964,23.842160809204916,Saturday,3.0,33.0,66.0,0.29,A Tiempo,Noche,False
2025-11-16 13:47:51.022536,Ruta 4 - Este,136,7.0,5,50,2025-11-16 13:45:00,2025-11-16 13:49:02.766589008,25.81493367006083,Sunday,2.0,35.0,70.0,4.05,Retraso Leve,Tarde,False
2025-11-17 01:17:51.022536,Ruta 6 - Express,136,12.0,7,50,2025-11-17 01:15:00,2025-11-17 01:16:21.212421246,31.162438871253364,Monday,5.0,40.0,80.0,1.35,A Tiempo,Madrugada,False
2025-11-17 09:07:51.022536,Ruta 4 - Este,136,5.0,5,40,2025-11-17 09:00:00,2025-11-17 09:00:58.713234366,31.91349455217517,Monday,0.0,40.0,100.0,0.98,A Tiempo,Mañana,True
2025-11-17 20:17:51.022536,Ruta 2 - Norte,136,13.0,3,50,2025-11-17 20:15:00,2025-11-17 20:20:08.918059956,29.14473707530223,Monday,10.0,50.0,100.0,5.15,Retraso Grave,Noche,False
2025-11-19 01:02:51.022536,Ruta 2 - Norte,136,3.0,5,40,2025-11-19 01:00:00,2025-11-19 01:01:26.827244526,24.14805862441372,Wednesday,-2.0,48.0,100.0,1.45,A Tiempo,Madrugada,False
2025-11-19 20:27:51.022536,Ruta 2 - Norte,136,10.0,6,60,2025-11-19 20:15:00,2025-11-19 20:16:29.176214388,21.480284597883465,Wednesday,4.0,52.0,86.67,1.49,A Tiempo,Noche,False
2025-11-20 09:37:51.022536,Ruta 4 - Este,136,8.0,3,50,2025-11-20 09:30:00,2025-11-20 09:30:23.430692106,27.5895281718754,Thursday,5.0,57.0,100.0,0.39,A Tiempo,Mañana,True
2025-11-20 09:57:51.022536,Ruta 6 - Express,136,5.0,7,60,2025-11-20 09:45:00,2025-11-20 09:49:20.409738252,30.942538306723137,Thursday,-2.0,55.0,91.67,4.34,Retraso Leve,Mañana,True
2025-11-21 19:37:51.022536,Ruta 1 - Centro,136,7.0,10,40,2025-11-21 19:30:00,2025-11-21 19:33:20.737476858,29.310118394141696,Friday,-3.0,52.0,100.0,3.35,Retraso Leve,Noche,True
2025-11-21 20:17:51.022536,Ruta 5 - Oeste,136,10.0,5,50,2025-11-21 20:15:00,2025-11-21 20:15:28.706836416,31.787980146492643,Friday,5.0,57.0,100.0,0.48,A Tiempo,Noche,False
2025-11-22 06:27:51.022536,Ruta 5 - Oeste,136,7.0,5,50,2025-11-22 06:15:00,2025-11-22 06:15:43.484089440,19.331173830929167,Saturday,2.0,59.0,100.0,0.72,A Tiempo,Madrugada,False
2025-11-22 10:07:51.022536,Ruta 2 - Norte,136,7.0,7,60,2025-11-22 10:00:00,2025-11-22 10:00:50.178732966,20.60808825050916,Saturday,0.0,59.0,98.33,0.84,A Tiempo,Mañana,False
2025-11-22 14:57:51.022536,Ruta 3 - Sur,136,7.0,7,50,2025-11-22 14:45:00,2025-11-22 14:45:35.519965722,22.20140813947486,Saturday,0.0,59.0,100.0,0.59,A Tiempo,Tarde,False
2025-11-23 06:52:51.022536,Ruta 6 - Express,136,5.0,10,40,2025-11-23 06:45:00,2025-11-23 06:51:23.410348848,23.739847839441826,Sunday,-5.0,54.0,100.0,6.39,Retraso Grave,Madrugada,False
2025-11-24 01:17:51.022536,Ruta 2 - Norte,136,9.0,5,50,2025-11-24 01:15:00,2025-11-24 01:15:57.844308792,29.32895836445437,Monday,4.0,58.0,100.0,0.96,A Tiempo,Madrugada,False
2025-11-24 07:42:51.022536,Ruta 3 - Sur,136,8.0,5,60,2025-11-24 07:30:00,2025-11-24 07:30:29.717275320,23.74910164301889,Monday,3.0,61.0,100.0,0.5,A Tiempo,Mañana,True
2025-11-25 00:57:51.022536,Ruta 5 - Oeste,136,8.0,6,50,2025-11-25 00:45:00,2025-11-25 00:45:57.099066846,19.172527341837515,Tuesday,2.0,63.0,100.0,0.95,A Tiempo,Madrugada,False
2025-11-25 03:07:51.022536,Ruta 1 - Centro,136,5.0,2,40,2025-11-25 03:00:00,2025-11-25 03:02:43.403795112,27.672570579464097,Tuesday,3.0,66.0,100.0,2.72,Retraso Leve,Madrugada,False
2025-11-25 14:57:51.022536,Ruta 5 - Oeste,136,15.0,9,50,2025-11-25 14:45:00,2025-11-25 14:45:21.587687358,25.6037004168204,Tuesday,6.0,72.0,100.0,0.36,A Tiempo,Tarde,False
2025-11-26 00:52:51.022536,Ruta 5 - Oeste,136,8.0,9,50,2025-11-26 00:45:00,2025-11-26 00:46:16.508903670,29.38315499593328,Wednesday,-1.0,71.0,100.0,1.28,A Tiempo,Madrugada,False
2025-11-26 11:02:51.022536,Ruta 4 - Este,136,8.0,5,60,2025-11-26 11:00:00,2025-11-26 11:01:29.853364206,28.240751665183115,Wednesday,3.0,74.0,100.0,1.5,A Tiempo,Mañana,False
2025-11-26 17:42:51.022536,Ruta 5 - Oeste,136,11.0,5,60,2025-11-26 17:30:00,2025-11-26 17:32:30.176575938,21.626036738754635,Wednesday,6.0,80.0,100.0,2.5,Retraso Leve,Tarde,True
2025-11-26 23:57:51.022536,Ruta 2 - Norte,136,9.0,6,50,2025-11-26 23:45:00,2025-11-26 23:46:54.178604976,21.56098715294897,Wednesday,3.0,83.0,100.0,1.9,A Tiempo,Noche,False
2025-11-10 01:02:51.022536,Ruta 3 - Sur,137,6.0,8,50,2025-11-10 01:00:00,2025-11-10 01:01:26.168630628,27.65486022961592,Monday,-2.0,0.0,0.0,1.44,A Tiempo,Madrugada,False
2025-11-10 01:12:51.022536,Ruta 2 - Norte,137,7.0,11,50,2025-11-10 01:00:00,2025-11-10 01:03:54.688373382,31.02849908015109,Monday,-4.0,0.0,0.0,3.91,Retraso Leve,Madrugada,False
2025-11-10 05:57:51.022536,Ruta 4 - Este,137,11.0,5,40,2025-11-10 05:45:00,2025-11-10 05:46:17.691385038,19.670526233412847,Monday,6.0,0.0,0.0,1.29,A Tiempo,Madrugada,False
2025-11-10 08:22:51.022536,Ruta 1 - Centro,137,9.0,8,60,2025-11-10 08:15:00,2025-11-10 08:17:43.936316238,31.218353706131523,Monday,1.0,1.0,1.67,2.73,Retraso Leve,Mañana,True
2025-11-10 12:27:51.022536,Ruta 4 - Este,137,5.0,8,50,2025-11-10 12:15:00,2025-11-10 12:15:25.010505348,26.804381103027534,Monday,-3.0,0.0,0.0,0.42,A Tiempo,Mañana,False
2025-11-10 16:37:51.022536,Ruta 3 - Sur,137,15.0,8,50,2025-11-10 16:30:00,2025-11-10 16:33:36.397118178,25.24033697538588,Monday,7.0,5.0,10.0,3.61,Retraso Leve,Tarde,False
2025-11-11 01:27:51.022536,Ruta 4 - Este,137,9.0,4,40,2025-11-11 01:15:00,2025-11-11 01:15:03.891106962,23.823222098630563,Tuesday,5.0,10.0,25.0,0.06,A Tiempo,Madrugada,False
2025-11-11 06:27:51.022536,Ruta 2 - Norte,137,12.0,7,60,2025-11-11 06:15:00,2025-11-11 06:18:37.267350666,24.01374537926264,Tuesday,5.0,15.0,25.0,3.62,Retraso Leve,Madrugada,False
2025-11-11 09:12:51.022536,Ruta 5 - Oeste,137,11.0,7,60,2025-11-11 09:00:00,2025-11-11 09:02:02.474821860,29.306483186695427,Tuesday,4.0,19.0,31.67,2.04,Retraso Leve,Mañana,True
2025-11-11 10:07:51.022536,Ruta 2 - Norte,137,14.0,6,60,2025-11-11 10:00:00,2025-11-11 10:06:26.003599338,31.588092623270917,Tuesday,8.0,27.0,45.0,6.43,Retraso Grave,Mañana,False
2025-11-11 22:17:51.022536,Ruta 6 - Express,137,7.0,6,40,2025-11-11 22:15:00,2025-11-11 22:17:58.115560842,21.864328267782525,Tuesday,1.0,28.0,70.0,2.97,Retraso Leve,Noche,False
2025-11-12 01:02:51.022536,Ruta 1 - Centro,137,6.0,5,50,2025-11-12 01:00:00,2025-11-12 01:00:45.484759440,25.374383060793832,Wednesday,1.0,29.0,58.0,0.76,A Tiempo,Madrugada,False
2025-11-12 05:47:51.022536,Ruta 4 - Este,137,7.0,4,50,2025-11-12 05:45:00,2025-11-12 05:45:05.139632928,24.93400627761121,Wednesday,3.0,32.0,64.0,0.09,A Tiempo,Madrugada,False
2025-11-12 12:32:51.022536,Ruta 3 - Sur,137,11.0,8,40,2025-11-12 12:30:00,2025-11-12 12:31:09.822074100,26.17345750193851,Wednesday,3.0,35.0,87.5,1.16,A Tiempo,Mañana,False
2025-11-12 13:27:51.022536,Ruta 1 - Centro,137,9.0,9,60,2025-11-12 13:15:00,2025-11-12 13:15:15.152857325,24.907878532497456,Wednesday,0.0,35.0,58.33,0.25,A Tiempo,Tarde,False
2025-11-13 13:47:51.022536,Ruta 3 - Sur,137,8.0,3,50,2025-11-13 13:45:00,2025-11-13 13:46:26.515664622,18.86932683271364,Thursday,5.0,40.0,80.0,1.44,A Tiempo,Tarde,False
2025-11-13 21:47:51.022536,Ruta 1 - Centro,137,13.0,4,60,2025-11-13 21:45:00,2025-11-13 21:45:40.426601706,19.40442323215237,Thursday,9.0,49.0,81.67,0.67,A Tiempo,Noche,False
2025-11-14 04:37:51.022536,Ruta 3 - Sur,137,7.0,6,60,2025-11-14 04:30:00,2025-11-14 04:32:39.687845832,23.506329937720757,Friday,1.0,50.0,83.33,2.66,Retraso Leve,Madrugada,False
2025-11-14 16:37:51.022536,Ruta 2 - Norte,137,8.0,7,50,2025-11-14 16:30:00,2025-11-14 16:31:35.538907230,26.795009821797613,Friday,1.0,51.0,100.0,1.59,A Tiempo,Tarde,False
2025-11-14 22:32:51.022536,Ruta 1 - Centro,137,11.0,10,40,2025-11-14 22:30:00,2025-11-14 22:35:30.509419320,15.57914079327538,Friday,1.0,52.0,100.0,5.51,Retraso Grave,Noche,False
2025-11-15 07:47:51.022536,Ruta 3 - Sur,137,11.0,7,60,2025-11-15 07:45:00,2025-11-15 07:48:55.215286740,29.510042577573152,Saturday,4.0,56.0,93.33,3.92,Retraso Leve,Mañana,True
2025-11-15 12:32:51.022536,Ruta 4 - Este,137,5.0,4,60,2025-11-15 12:30:00,2025-11-15 12:31:42.212115504,27.432203429321294,Saturday,1.0,57.0,95.0,1.7,A Tiempo,Mañana,False
2025-11-15 23:42:51.022536,Ruta 6 - Express,137,8.0,7,60,2025-11-15 23:30:00,2025-11-15 23:31:28.679522394,26.620782660256943,Saturday,1.0,58.0,96.67,1.48,A Tiempo,Noche,False
2025-11-16 05:42:51.022536,Ruta 4 - Este,137,9.0,6,40,2025-11-16 05:30:00,2025-11-16 05:32:12.466519314,25.1069719631567,Sunday,3.0,61.0,100.0,2.21,Retraso Leve,Madrugada,False
2025-11-16 21:47:51.022536,Ruta 1 - Centro,137,12.0,9,60,2025-11-16 21:45:00,2025-11-16 21:45:34.565516712,21.57958608293636,Sunday,3.0,64.0,100.0,0.58,A Tiempo,Noche,False
2025-11-17 05:57:51.022536,Ruta 1 - Centro,137,5.0,11,50,2025-11-17 05:45:00,2025-11-17 05:46:57.483977082,27.81793540413793,Monday,-6.0,58.0,100.0,1.96,A Tiempo,Madrugada,False
2025-11-17 10:22:51.022536,Ruta 3 - Sur,137,6.0,6,60,2025-11-17 10:15:00,2025-11-17 10:15:33.113536320,20.55909376701623,Monday,0.0,58.0,96.67,0.55,A Tiempo,Mañana,False
2025-11-17 16:17:51.022536,Ruta 4 - Este,137,8.0,7,60,2025-11-17 16:15:00,2025-11-17 16:16:16.943756610,30.31454639449022,Monday,1.0,59.0,98.33,1.28,A Tiempo,Tarde,False
2025-11-17 18:42:51.022536,Ruta 6 - Express,137,7.0,5,50,2025-11-17 18:30:00,2025-11-17 18:35:43.271160162,26.55320008564348,Monday,2.0,61.0,100.0,5.72,Retraso Grave,Tarde,True
2025-11-18 02:42:51.022536,Ruta 3 - Sur,137,10.0,4,50,2025-11-18 02:30:00,2025-11-18 02:31:37.726987242,36.11275260829949,Tuesday,6.0,67.0,100.0,1.63,A Tiempo,Madrugada,False
2025-11-18 08:52:51.022536,Ruta 3 - Sur,137,5.0,9,50,2025-11-18 08:45:00,2025-11-18 08:45:58.527388062,25.408571339190573,Tuesday,-4.0,63.0,100.0,0.98,A Tiempo,Mañana,True
2025-11-19 02:02:51.022536,Ruta 5 - Oeste,137,6.0,10,40,2025-11-19 02:00:00,2025-11-19 02:01:51.501690618,26.02536147483907,Wednesday,-4.0,59.0,100.0,1.86,A Tiempo,Madrugada,False
2025-11-19 02:42:51.022536,Ruta 3 - Sur,137,12.0,4,40,2025-11-19 02:30:00,2025-11-19 02:31:17.232609252,27.38161040376321,Wednesday,8.0,67.0,100.0,1.29,A Tiempo,Madrugada,False
2025-11-19 07:47:51.022536,Ruta 3 - Sur,137,7.0,5,40,2025-11-19 07:45:00,2025-11-19 07:47:08.588121060,33.997636490986324,Wednesday,2.0,69.0,100.0,2.14,Retraso Leve,Mañana,True
2025-11-19 07:52:51.022536,Ruta 6 - Express,137,4.0,4,50,2025-11-19 07:45:00,2025-11-19 07:46:34.265898468,17.63341543036298,Wednesday,0.0,69.0,100.0,1.57,A Tiempo,Mañana,True
2025-11-19 08:42:51.022536,Ruta 4 - Este,137,9.0,4,60,2025-11-19 08:30:00,2025-11-19 08:30:41.526962202,29.28577520892553,Wednesday,5.0,74.0,100.0,0.69,A Tiempo,Mañana,True
2025-11-19 23:32:51.022536,Ruta 2 - Norte,137,8.0,7,40,2025-11-19 23:30:00,2025-11-19 23:30:36.021599484,22.541087169220823,Wednesday,1.0,75.0,100.0,0.6,A Tiempo,Noche,False
2025-11-20 00:27:51.022536,Ruta 1 - Centro,137,7.0,4,50,2025-11-20 00:15:00,2025-11-20 00:18:37.104125472,22.403328897478577,Thursday,3.0,78.0,100.0,3.62,Retraso Leve,Madrugada,False
2025-11-20 05:02:51.022536,Ruta 6 - Express,137,9.0,5,40,2025-11-20 05:00:00,2025-11-20 05:00:43.694076642,22.4355599541042,Thursday,4.0,82.0,100.0,0.73,A Tiempo,Madrugada,False
2025-11-20 14:12:51.022536,Ruta 3 - Sur,137,8.0,6,60,2025-11-20 14:00:00,2025-11-20 14:01:17.756644074,21.20590708379209,Thursday,2.0,84.0,100.0,1.3,A Tiempo,Tarde,False
2025-11-21 03:32:51.022536,Ruta 3 - Sur,137,8.0,9,50,2025-11-21 03:30:00,2025-11-21 03:31:18.285567210,15.167147124522732,Friday,-1.0,83.0,100.0,1.3,A Tiempo,Madrugada,False
2025-11-21 05:42:51.022536,Ruta 6 - Express,137,11.0,6,40,2025-11-21 05:30:00,2025-11-21 05:32:09.590937864,18.52302911055096,Friday,5.0,88.0,100.0,2.16,Retraso Leve,Madrugada,False
2025-11-21 18:57:51.022536,Ruta 1 - Centro,137,9.0,5,60,2025-11-21 18:45:00,2025-11-21 18:48:24.292305372,25.04698286909052,Friday,4.0,92.0,100.0,3.4,Retraso Leve,Tarde,True
2025-11-21 20:12:51.022536,Ruta 6 - Express,137,4.0,7,50,2025-11-21 20:00:00,2025-11-21 20:01:30.802053966,33.73105673895363,Friday,-3.0,89.0,100.0,1.51,A Tiempo,Noche,False
2025-11-21 23:37:51.022536,Ruta 1 - Centro,137,9.0,3,40,2025-11-21 23:30:00,2025-11-21 23:32:51.579983790,19.269673896972066,Friday,6.0,95.0,100.0,2.86,Retraso Leve,Noche,False
2025-11-22 07:27:51.022536,Ruta 6 - Express,137,11.0,6,60,2025-11-22 07:15:00,2025-11-22 07:15:52.927660776,25.71668243690334,Saturday,5.0,100.0,100.0,0.88,A Tiempo,Mañana,True
2025-11-22 10:52:51.022536,Ruta 6 - Express,137,9.0,7,60,2025-11-22 10:45:00,2025-11-22 10:48:19.404038364,26.57326898906983,Saturday,2.0,102.0,100.0,3.32,Retraso Leve,Mañana,False
2025-11-23 19:07:51.022536,Ruta 4 - Este,137,7.0,5,40,2025-11-23 19:00:00,2025-11-23 19:00:09.724180686,23.40513117122378,Sunday,2.0,104.0,100.0,0.16,A Tiempo,Noche,True
2025-11-23 19:32:51.022536,Ruta 3 - Sur,137,7.0,7,50,2025-11-23 19:30:00,2025-11-23 19:30:39.988191762,30.31594975917622,Sunday,0.0,104.0,100.0,0.67,A Tiempo,Noche,True
2025-11-24 03:37:51.022536,Ruta 6 - Express,137,12.0,4,60,2025-11-24 03:30:00,2025-11-24 03:30:25.742598390,30.872506724498663,Monday,8.0,112.0,100.0,0.43,A Tiempo,Madrugada,False
2025-11-24 04:47:51.022536,Ruta 6 - Express,137,7.0,7,50,2025-11-24 04:45:00,2025-11-24 04:45:24.634966626,26.10429659258737,Monday,0.0,112.0,100.0,0.41,A Tiempo,Madrugada,False
2025-11-24 09:17:51.022536,Ruta 6 - Express,137,8.0,7,50,2025-11-24 09:15:00,2025-11-24 09:19:16.786867530,27.002657823481293,Monday,1.0,113.0,100.0,4.28,Retraso Leve,Mañana,True
2025-11-24 22:02:51.022536,Ruta 2 - Norte,137,6.0,11,40,2025-11-24 22:00:00,2025-11-24 22:02:27.682091460,22.30534806391121,Monday,-5.0,108.0,100.0,2.46,Retraso Leve,Noche,False
2025-11-25 03:57:51.022536,Ruta 3 - Sur,137,12.0,3,60,2025-11-25 03:45:00,2025-11-25 03:45:57.106622850,16.79011320214101,Tuesday,9.0,117.0,100.0,0.95,A Tiempo,Madrugada,False
2025-11-26 00:37:51.022536,Ruta 1 - Centro,137,12.0,4,60,2025-11-26 00:30:00,2025-11-26 00:33:02.297444502,30.553020217865274,Wednesday,8.0,125.0,100.0,3.04,Retraso Leve,Madrugada,False
2025-11-26 10:37:51.022536,Ruta 4 - Este,137,11.0,6,60,2025-11-26 10:30:00,2025-11-26 10:32:51.142417158,17.35902821081902,Wednesday,5.0,130.0,100.0,2.85,Retraso Leve,Mañana,False
2025-11-26 12:47:51.022536,Ruta 5 - Oeste,137,12.0,9,50,2025-11-26 12:45:00,2025-11-26 12:46:51.760767006,24.07695326674399,Wednesday,3.0,133.0,100.0,1.86,A Tiempo,Mañana,False
2025-11-26 12:52:51.022536,Ruta 1 - Centro,137,8.0,3,60,2025-11-26 12:45:00,2025-11-26 12:45:06.845629782,27.582624807210344,Wednesday,5.0,138.0,100.0,0.11,A Tiempo,Mañana,False
2025-11-26 19:12:51.022536,Ruta 5 - Oeste,137,9.0,11,50,2025-11-26 19:00:00,2025-11-26 19:00:06.243720234,20.220438207743214,Wednesday,-2.0,136.0,100.0,0.1,A Tiempo,Noche,True
2025-11-09 19:57:51.022536,Ruta 2 - Norte,138,5.0,6,60,2025-11-09 19:45:00,2025-11-09 19:45:22.389863280,29.32475862466112,Sunday,-1.0,0.0,0.0,0.37,A Tiempo,Noche,True
2025-11-11 00:22:51.022536,Ruta 6 - Express,138,9.0,6,40,2025-11-11 00:15:00,2025-11-11 00:20:36.267625368,22.12758860948968,Tuesday,3.0,2.0,5.0,5.6,Retraso Grave,Madrugada,False
2025-11-11 05:02:51.022536,Ruta 2 - Norte,138,7.0,6,50,2025-11-11 05:00:00,2025-11-11 05:02:14.597575578,26.78086781124188,Tuesday,1.0,3.0,6.0,2.24,Retraso Leve,Madrugada,False
2025-11-11 07:12:51.022536,Ruta 5 - Oeste,138,3.0,8,60,2025-11-11 07:00:00,2025-11-11 07:00:24.810978444,22.279467266000644,Tuesday,-5.0,0.0,0.0,0.41,A Tiempo,Mañana,True
2025-11-11 08:37:51.022536,Ruta 6 - Express,138,8.0,10,40,2025-11-11 08:30:00,2025-11-11 08:32:13.515911304,25.03157757644553,Tuesday,-2.0,0.0,0.0,2.23,Retraso Leve,Mañana,True
2025-11-11 14:32:51.022536,Ruta 5 - Oeste,138,9.0,10,50,2025-11-11 14:30:00,2025-11-11 14:40:52.549794042,25.371149974969505,Tuesday,-1.0,0.0,0.0,10.88,Retraso Grave,Tarde,False
2025-11-12 09:47:51.022536,Ruta 4 - Este,138,5.0,8,50,2025-11-12 09:45:00,2025-11-12 09:49:26.429099928,22.466865645906537,Wednesday,-3.0,0.0,0.0,4.44,Retraso Leve,Mañana,True
2025-11-12 21:57:51.022536,Ruta 2 - Norte,138,10.0,4,60,2025-11-12 21:45:00,2025-11-12 21:46:39.482834700,20.508920123605456,Wednesday,6.0,0.0,0.0,1.66,A Tiempo,Noche,False
2025-11-13 18:02:51.022536,Ruta 5 - Oeste,138,6.0,4,40,2025-11-13 18:00:00,2025-11-13 18:02:23.638563582,19.62586796167569,Thursday,2.0,0.0,0.0,2.39,Retraso Leve,Tarde,True
2025-11-14 00:47:51.022536,Ruta 1 - Centro,138,10.0,7,60,2025-11-14 00:45:00,2025-11-14 00:50:46.090404726,22.18156063062752,Friday,3.0,3.0,5.0,5.77,Retraso Grave,Madrugada,False
2025-11-14 10:17:51.022536,Ruta 4 - Este,138,3.0,5,60,2025-11-14 10:15:00,2025-11-14 10:21:14.647105176,24.308298097383503,Friday,-2.0,1.0,1.67,6.24,Retraso Grave,Mañana,False
2025-11-14 13:07:51.022536,Ruta 2 - Norte,138,12.0,5,60,2025-11-14 13:00:00,2025-11-14 13:01:30.803071590,24.96884685284247,Friday,7.0,8.0,13.33,1.51,A Tiempo,Tarde,False
2025-11-14 15:37:51.022536,Ruta 6 - Express,138,13.0,8,60,2025-11-14 15:30:00,2025-11-14 15:30:20.063160810,32.98814810455638,Friday,5.0,13.0,21.67,0.33,A Tiempo,Tarde,False
2025-11-15 03:02:51.022536,Ruta 3 - Sur,138,9.0,5,60,2025-11-15 03:00:00,2025-11-15 03:03:42.977744214,25.93302305451408,Saturday,4.0,17.0,28.33,3.72,Retraso Leve,Madrugada,False
2025-11-15 03:27:51.022536,Ruta 5 - Oeste,138,9.0,5,40,2025-11-15 03:15:00,2025-11-15 03:15:22.807980576,27.2817092805207,Saturday,4.0,21.0,52.5,0.38,A Tiempo,Madrugada,False
2025-11-15 06:22:51.022536,Ruta 1 - Centro,138,8.0,2,60,2025-11-15 06:15:00,2025-11-15 06:15:26.613022224,25.447657040129094,Saturday,6.0,27.0,45.0,0.44,A Tiempo,Madrugada,False
2025-11-15 09:52:51.022536,Ruta 5 - Oeste,138,6.0,4,40,2025-11-15 09:45:00,2025-11-15 09:49:27.297891276,41.512903471091256,Saturday,2.0,29.0,72.5,4.45,Retraso Leve,Mañana,True
2025-11-15 11:27:51.022536,Ruta 6 - Express,138,13.0,7,50,2025-11-15 11:15:00,2025-11-15 11:16:01.859443584,25.23217953931532,Saturday,6.0,35.0,70.0,1.03,A Tiempo,Mañana,False
2025-11-16 09:52:51.022536,Ruta 1 - Centro,138,15.0,8,50,2025-11-16 09:45:00,2025-11-16 09:48:13.296798942,20.757024804128537,Sunday,7.0,42.0,84.0,3.22,Retraso Leve,Mañana,True
2025-11-17 08:07:51.022536,Ruta 2 - Norte,138,6.0,7,50,2025-11-17 08:00:00,2025-11-17 08:02:17.819170080,13.09896749499338,Monday,-1.0,41.0,82.0,2.3,Retraso Leve,Mañana,True
2025-11-17 13:07:51.022536,Ruta 6 - Express,138,11.0,6,40,2025-11-17 13:00:00,2025-11-17 13:02:20.989184688,18.232570952965915,Monday,5.0,46.0,100.0,2.35,Retraso Leve,Tarde,False
2025-11-19 07:07:51.022536,Ruta 4 - Este,138,4.0,5,60,2025-11-19 07:00:00,2025-11-19 07:00:07.985257788,30.15263052192701,Wednesday,-1.0,45.0,75.0,0.13,A Tiempo,Mañana,True
2025-11-19 09:27:51.022536,Ruta 4 - Este,138,11.0,10,50,2025-11-19 09:15:00,2025-11-19 09:18:31.182289548,25.871038838453423,Wednesday,1.0,46.0,92.0,3.52,Retraso Leve,Mañana,True
2025-11-20 03:57:51.022536,Ruta 4 - Este,138,2.0,6,40,2025-11-20 03:45:00,2025-11-20 03:46:51.697841190,26.000129725325923,Thursday,-4.0,42.0,100.0,1.86,A Tiempo,Madrugada,False
2025-11-20 04:42:51.022536,Ruta 6 - Express,138,9.0,9,40,2025-11-20 04:30:00,2025-11-20 04:32:33.956598444,31.80143358285028,Thursday,0.0,42.0,100.0,2.57,Retraso Leve,Madrugada,False
2025-11-20 21:07:51.022536,Ruta 5 - Oeste,138,8.0,2,50,2025-11-20 21:00:00,2025-11-20 21:03:13.514157132,27.720391269069147,Thursday,6.0,48.0,96.0,3.23,Retraso Leve,Noche,False
2025-11-20 21:27:51.022536,Ruta 4 - Este,138,9.0,7,40,2025-11-20 21:15:00,2025-11-20 21:15:40.231635846,36.63198526777073,Thursday,2.0,50.0,100.0,0.67,A Tiempo,Noche,False
2025-11-21 02:32:51.022536,Ruta 5 - Oeste,138,11.0,6,50,2025-11-21 02:30:00,2025-11-21 02:33:07.858868412,20.055749517144218,Friday,5.0,55.0,100.0,3.13,Retraso Leve,Madrugada,False
2025-11-21 04:37:51.022536,Ruta 6 - Express,138,7.0,7,50,2025-11-21 04:30:00,2025-11-21 04:30:25.506332742,36.596837261937054,Friday,0.0,55.0,100.0,0.43,A Tiempo,Madrugada,False
2025-11-21 14:57:51.022536,Ruta 1 - Centro,138,6.0,4,60,2025-11-21 14:45:00,2025-11-21 14:52:18.582492402,22.520320966105903,Friday,2.0,57.0,95.0,7.31,Retraso Grave,Tarde,False
2025-11-21 18:17:51.022536,Ruta 5 - Oeste,138,6.0,9,50,2025-11-21 18:15:00,2025-11-21 18:17:28.564706688,27.553659587219173,Friday,-3.0,54.0,100.0,2.48,Retraso Leve,Tarde,True
2025-11-22 01:02:51.022536,Ruta 3 - Sur,138,10.0,8,50,2025-11-22 01:00:00,2025-11-22 01:00:55.603244910,19.524139153532435,Saturday,2.0,56.0,100.0,0.93,A Tiempo,Madrugada,False
2025-11-22 02:02:51.022536,Ruta 1 - Centro,138,10.0,8,60,2025-11-22 02:00:00,2025-11-22 02:06:17.612709936,27.79082004370041,Saturday,2.0,58.0,96.67,6.29,Retraso Grave,Madrugada,False
2025-11-22 19:22:51.022536,Ruta 3 - Sur,138,5.0,8,40,2025-11-22 19:15:00,2025-11-22 19:15:01.209366750,20.157667827278463,Saturday,-3.0,55.0,100.0,0.02,A Tiempo,Noche,True
2025-11-22 23:47:51.022536,Ruta 1 - Centro,138,7.0,6,60,2025-11-22 23:45:00,2025-11-22 23:45:46.393127418,15.532271249183472,Saturday,1.0,56.0,93.33,0.77,A Tiempo,Noche,False
2025-11-23 16:02:51.022536,Ruta 5 - Oeste,138,8.0,7,60,2025-11-23 16:00:00,2025-11-23 16:03:48.484792224,32.38643917023587,Sunday,1.0,57.0,95.0,3.81,Retraso Leve,Tarde,False
2025-11-23 18:42:51.022536,Ruta 5 - Oeste,138,12.0,2,50,2025-11-23 18:30:00,2025-11-23 18:30:39.102921030,27.223411312771265,Sunday,10.0,67.0,100.0,0.65,A Tiempo,Tarde,True
2025-11-23 20:57:51.022536,Ruta 1 - Centro,138,12.0,4,50,2025-11-23 20:45:00,2025-11-23 20:49:51.999571308,27.83064847527674,Sunday,8.0,75.0,100.0,4.87,Retraso Leve,Noche,False
2025-11-24 07:27:51.022536,Ruta 3 - Sur,138,3.0,7,50,2025-11-24 07:15:00,2025-11-24 07:16:58.950974028,26.568049302592144,Monday,-4.0,71.0,100.0,1.98,A Tiempo,Mañana,True
2025-11-24 12:52:51.022536,Ruta 4 - Este,138,8.0,12,40,2025-11-24 12:45:00,2025-11-24 12:50:53.807825520,23.37512121197227,Monday,-4.0,67.0,100.0,5.9,Retraso Grave,Mañana,False
2025-11-25 05:52:51.022536,Ruta 5 - Oeste,138,7.0,7,50,2025-11-25 05:45:00,2025-11-25 05:45:13.835999850,31.978389463106005,Tuesday,0.0,67.0,100.0,0.23,A Tiempo,Madrugada,False
2025-11-25 06:17:51.022536,Ruta 4 - Este,138,6.0,2,60,2025-11-25 06:15:00,2025-11-25 06:15:34.992328806,16.098507807086406,Tuesday,4.0,71.0,100.0,0.58,A Tiempo,Madrugada,False
2025-11-25 15:22:51.022536,Ruta 2 - Norte,138,7.0,4,40,2025-11-25 15:15:00,2025-11-25 15:15:02.203201710,26.688997812068628,Tuesday,3.0,74.0,100.0,0.04,A Tiempo,Tarde,False
2025-11-25 18:17:51.022536,Ruta 5 - Oeste,138,7.0,1,60,2025-11-25 18:15:00,2025-11-25 18:16:19.886409678,26.140811408989485,Tuesday,6.0,80.0,100.0,1.33,A Tiempo,Tarde,True
2025-11-26 00:17:51.022536,Ruta 3 - Sur,138,7.0,4,40,2025-11-26 00:15:00,2025-11-26 00:20:01.555788528,20.20144851311304,Wednesday,3.0,83.0,100.0,5.03,Retraso Grave,Madrugada,False
2025-11-26 04:27:51.022536,Ruta 2 - Norte,138,8.0,8,60,2025-11-26 04:15:00,2025-11-26 04:15:11.742476808,19.622307903069064,Wednesday,0.0,83.0,100.0,0.2,A Tiempo,Madrugada,False
2025-11-26 10:57:51.022536,Ruta 4 - Este,138,7.0,4,60,2025-11-26 10:45:00,2025-11-26 10:47:06.882982938,28.877094648829264,Wednesday,3.0,86.0,100.0,2.11,Retraso Leve,Mañana,False
2025-11-26 13:52:51.022536,Ruta 3 - Sur,138,6.0,7,50,2025-11-26 13:45:00,2025-11-26 13:45:00.653680554,17.768041193998176,Wednesday,-1.0,85.0,100.0,0.01,A Tiempo,Tarde,False
2025-11-26 17:37:51.022536,Ruta 3 - Sur,138,4.0,8,60,2025-11-26 17:30:00,2025-11-26 17:33:50.744078244,27.66314464948906,Wednesday,-4.0,81.0,100.0,3.85,Retraso Leve,Tarde,True
2025-11-26 23:07:51.022536,Ruta 3 - Sur,138,9.0,2,50,2025-11-26 23:00:00,2025-11-26 23:03:09.026788092,27.62242396058916,Wednesday,7.0,88.0,100.0,3.15,Retraso Leve,Noche,False
2025-11-09 17:37:51.022536,Ruta 2 - Norte,139,12.0,4,60,2025-11-09 17:30:00,2025-11-09 17:30:34.184944092,18.29938958602497,Sunday,8.0,8.0,13.33,0.57,A Tiempo,Tarde,True
2025-11-09 23:12:51.022536,Ruta 2 - Norte,139,7.0,4,60,2025-11-09 23:00:00,2025-11-09 23:01:14.141412846,28.253585315288134,Sunday,3.0,11.0,18.33,1.24,A Tiempo,Noche,False
2025-11-10 16:22:51.022536,Ruta 6 - Express,139,8.0,5,50,2025-11-10 16:15:00,2025-11-10 16:15:03.237542574,23.767333327030578,Monday,3.0,14.0,28.0,0.05,A Tiempo,Tarde,False
2025-11-10 18:02:51.022536,Ruta 1 - Centro,139,8.0,10,60,2025-11-10 18:00:00,2025-11-10 18:02:23.393435274,23.034116627070787,Monday,-2.0,12.0,20.0,2.39,Retraso Leve,Tarde,True
2025-11-10 18:32:51.022536,Ruta 1 - Centro,139,13.0,6,60,2025-11-10 18:30:00,2025-11-10 18:32:27.919796268,19.601483820082727,Monday,7.0,19.0,31.67,2.47,Retraso Leve,Tarde,True
2025-11-10 23:17:51.022536,Ruta 3 - Sur,139,13.0,10,50,2025-11-10 23:15:00,2025-11-10 23:15:00.093970734,32.78925819476693,Monday,3.0,22.0,44.0,0.0,A Tiempo,Noche,False
2025-11-10 23:27:51.022536,Ruta 2 - Norte,139,5.0,9,60,2025-11-10 23:15:00,2025-11-10 23:23:18.971824206,21.32270911074104,Monday,-4.0,18.0,30.0,8.32,Retraso Grave,Noche,False
2025-11-11 02:37:51.022536,Ruta 5 - Oeste,139,9.0,7,40,2025-11-11 02:30:00,2025-11-11 02:32:45.475526634,25.84666517303867,Tuesday,2.0,20.0,50.0,2.76,Retraso Leve,Madrugada,False
2025-11-11 04:32:51.022536,Ruta 6 - Express,139,8.0,10,60,2025-11-11 04:30:00,2025-11-11 04:30:51.546405594,26.179094424187834,Tuesday,-2.0,18.0,30.0,0.86,A Tiempo,Madrugada,False
2025-11-11 05:27:51.022536,Ruta 4 - Este,139,9.0,2,60,2025-11-11 05:15:00,2025-11-11 05:15:12.317682450,21.582755953862677,Tuesday,7.0,25.0,41.67,0.21,A Tiempo,Madrugada,False
2025-11-11 16:17:51.022536,Ruta 5 - Oeste,139,8.0,7,50,2025-11-11 16:15:00,2025-11-11 16:15:04.446718254,17.446805652987386,Tuesday,1.0,26.0,52.0,0.07,A Tiempo,Tarde,False
2025-11-11 20:07:51.022536,Ruta 2 - Norte,139,9.0,5,60,2025-11-11 20:00:00,2025-11-11 20:04:24.203608608,20.092255640817665,Tuesday,4.0,30.0,50.0,4.4,Retraso Leve,Noche,False
2025-11-12 00:22:51.022536,Ruta 2 - Norte,139,10.0,6,40,2025-11-12 00:15:00,2025-11-12 00:18:04.462757832,34.287715555611086,Wednesday,4.0,34.0,85.0,3.07,Retraso Leve,Madrugada,False
2025-11-12 07:37:51.022536,Ruta 6 - Express,139,9.0,5,60,2025-11-12 07:30:00,2025-11-12 07:33:03.368937834,14.421193869735824,Wednesday,4.0,38.0,63.33,3.06,Retraso Leve,Mañana,True
2025-11-12 11:42:51.022536,Ruta 6 - Express,139,5.0,4,60,2025-11-12 11:30:00,2025-11-12 11:31:04.793766642,27.19032236158157,Wednesday,1.0,39.0,65.0,1.08,A Tiempo,Mañana,False
2025-11-12 19:17:51.022536,Ruta 5 - Oeste,139,11.0,5,60,2025-11-12 19:15:00,2025-11-12 19:16:04.019798190,21.413697376121696,Wednesday,6.0,45.0,75.0,1.07,A Tiempo,Noche,True
2025-11-12 23:22:51.022536,Ruta 3 - Sur,139,7.0,5,40,2025-11-12 23:15:00,2025-11-12 23:20:19.460909856,25.569446372530702,Wednesday,2.0,47.0,100.0,5.32,Retraso Grave,Noche,False
2025-11-13 20:22:51.022536,Ruta 2 - Norte,139,8.0,7,50,2025-11-13 20:15:00,2025-11-13 20:17:33.429393012,25.578788809269955,Thursday,1.0,48.0,96.0,2.56,Retraso Leve,Noche,False
2025-11-13 22:22:51.022536,Ruta 1 - Centro,139,4.0,8,50,2025-11-13 22:15:00,2025-11-13 22:15:20.084316240,31.184572277137445,Thursday,-4.0,44.0,88.0,0.33,A Tiempo,Noche,False
2025-11-13 23:57:51.022536,Ruta 3 - Sur,139,8.0,5,50,2025-11-13 23:45:00,2025-11-13 23:45:39.868726830,25.94848461583637,Thursday,3.0,47.0,94.0,0.66,A Tiempo,Noche,False
2025-11-14 08:22:51.022536,Ruta 4 - Este,139,3.0,5,60,2025-11-14 08:15:00,2025-11-14 08:17:52.072111974,22.78159721926124,Friday,-2.0,45.0,75.0,2.87,Retraso Leve,Mañana,True
2025-11-15 23:32:51.022536,Ruta 2 - Norte,139,7.0,7,40,2025-11-15 23:30:00,2025-11-15 23:30:09.547275774,15.899499797377544,Saturday,0.0,45.0,100.0,0.16,A Tiempo,Noche,False
2025-11-16 03:07:51.022536,Ruta 1 - Centro,139,6.0,5,40,2025-11-16 03:00:00,2025-11-16 03:00:17.399730216,21.702548530992303,Sunday,1.0,46.0,100.0,0.29,A Tiempo,Madrugada,False
2025-11-16 04:22:51.022536,Ruta 4 - Este,139,11.0,8,60,2025-11-16 04:15:00,2025-11-16 04:16:39.957991524,26.502356659333177,Sunday,3.0,49.0,81.67,1.67,A Tiempo,Madrugada,False
2025-11-16 06:12:51.022536,Ruta 6 - Express,139,13.0,7,60,2025-11-16 06:00:00,2025-11-16 06:02:43.153160490,25.61803652455799,Sunday,6.0,55.0,91.67,2.72,Retraso Leve,Madrugada,False
2025-11-16 10:52:51.022536,Ruta 2 - Norte,139,8.0,3,40,2025-11-16 10:45:00,2025-11-16 10:45:33.405857196,24.97480052461105,Sunday,5.0,60.0,100.0,0.56,A Tiempo,Mañana,False
2025-11-16 14:32:51.022536,Ruta 4 - Este,139,7.0,4,40,2025-11-16 14:30:00,2025-11-16 14:33:26.655436128,23.789217513349072,Sunday,3.0,63.0,100.0,3.44,Retraso Leve,Tarde,False
2025-11-17 14:27:51.022536,Ruta 4 - Este,139,4.0,2,60,2025-11-17 14:15:00,2025-11-17 14:15:08.951088576,34.004291619736925,Monday,2.0,65.0,100.0,0.15,A Tiempo,Tarde,False
2025-11-17 21:07:51.022536,Ruta 2 - Norte,139,7.0,9,40,2025-11-17 21:00:00,2025-11-17 21:01:56.565865014,29.835989044993774,Monday,-2.0,63.0,100.0,1.94,A Tiempo,Noche,False
2025-11-18 09:12:51.022536,Ruta 2 - Norte,139,4.0,5,60,2025-11-18 09:00:00,2025-11-18 09:02:25.971501264,24.941450754052862,Tuesday,-1.0,62.0,100.0,2.43,Retraso Leve,Mañana,True
2025-11-18 10:27:51.022536,Ruta 6 - Express,139,4.0,7,50,2025-11-18 10:15:00,2025-11-18 10:18:02.473835352,38.93366306880668,Tuesday,-3.0,59.0,100.0,3.04,Retraso Leve,Mañana,False
2025-11-18 20:32:51.022536,Ruta 6 - Express,139,9.0,10,50,2025-11-18 20:30:00,2025-11-18 20:30:36.438932766,24.90763907101462,Tuesday,-1.0,58.0,100.0,0.61,A Tiempo,Noche,False
2025-11-18 21:57:51.022536,Ruta 4 - Este,139,12.0,5,50,2025-11-18 21:45:00,2025-11-18 21:46:26.713764582,20.737457879329195,Tuesday,7.0,65.0,100.0,1.45,A Tiempo,Noche,False
2025-11-19 14:12:51.022536,Ruta 5 - Oeste,139,7.0,5,40,2025-11-19 14:00:00,2025-11-19 14:01:48.567483048,32.64338572740861,Wednesday,2.0,67.0,100.0,1.81,A Tiempo,Tarde,False
2025-11-19 18:02:51.022536,Ruta 4 - Este,139,15.0,8,60,2025-11-19 18:00:00,2025-11-19 18:00:50.570005110,30.191765217944088,Wednesday,7.0,74.0,100.0,0.84,A Tiempo,Tarde,True
2025-11-19 19:22:51.022536,Ruta 6 - Express,139,3.0,5,60,2025-11-19 19:15:00,2025-11-19 19:16:58.289394090,22.8994899036895,Wednesday,-2.0,72.0,100.0,1.97,A Tiempo,Noche,True
2025-11-19 20:52:51.022536,Ruta 5 - Oeste,139,2.0,7,40,2025-11-19 20:45:00,2025-11-19 20:45:26.481111120,21.14606306743077,Wednesday,-5.0,67.0,100.0,0.44,A Tiempo,Noche,False
2025-11-20 06:17:51.022536,Ruta 3 - Sur,139,9.0,5,50,2025-11-20 06:15:00,2025-11-20 06:15:54.704024844,29.28597690860496,Thursday,4.0,71.0,100.0,0.91,A Tiempo,Madrugada,False
2025-11-20 14:07:51.022536,Ruta 6 - Express,139,11.0,6,50,2025-11-20 14:00:00,2025-11-20 14:00:08.823630264,17.697606293759375,Thursday,5.0,76.0,100.0,0.15,A Tiempo,Tarde,False
2025-11-20 18:02:51.022536,Ruta 5 - Oeste,139,12.0,7,50,2025-11-20 18:00:00,2025-11-20 18:00:04.644402264,17.801085949596615,Thursday,5.0,81.0,100.0,0.08,A Tiempo,Tarde,True
2025-11-20 21:37:51.022536,Ruta 2 - Norte,139,12.0,3,50,2025-11-20 21:30:00,2025-11-20 21:31:20.864136456,20.289000272152457,Thursday,9.0,90.0,100.0,1.35,A Tiempo,Noche,False
2025-11-21 11:52:51.022536,Ruta 1 - Centro,139,4.0,9,50,2025-11-21 11:45:00,2025-11-21 11:46:56.290740798,26.252464451171942,Friday,-5.0,85.0,100.0,1.94,A Tiempo,Mañana,False
2025-11-21 12:27:51.022536,Ruta 4 - Este,139,4.0,7,50,2025-11-21 12:15:00,2025-11-21 12:18:48.448847190,27.8452018477706,Friday,-3.0,82.0,100.0,3.81,Retraso Leve,Mañana,False
2025-11-21 15:47:51.022536,Ruta 6 - Express,139,5.0,3,40,2025-11-21 15:45:00,2025-11-21 15:45:37.166020200,28.800204181136905,Friday,2.0,84.0,100.0,0.62,A Tiempo,Tarde,False
2025-11-23 15:17:51.022536,Ruta 1 - Centro,139,8.0,6,40,2025-11-23 15:15:00,2025-11-23 15:17:26.661165900,28.9838325560954,Sunday,2.0,86.0,100.0,2.44,Retraso Leve,Tarde,False
2025-11-24 05:47:51.022536,Ruta 6 - Express,139,6.0,4,60,2025-11-24 05:45:00,2025-11-24 05:48:28.131637344,24.96884685284247,Monday,2.0,88.0,100.0,3.47,Retraso Leve,Madrugada,False
2025-11-24 20:22:51.022536,Ruta 3 - Sur,139,6.0,8,50,2025-11-24 20:15:00,2025-11-24 20:16:06.994501128,27.665256081535304,Monday,-2.0,86.0,100.0,1.12,A Tiempo,Noche,False
2025-11-25 11:22:51.022536,Ruta 3 - Sur,139,6.0,4,60,2025-11-25 11:15:00,2025-11-25 11:17:08.217118200,35.8462425237315,Tuesday,2.0,88.0,100.0,2.14,Retraso Leve,Mañana,False
2025-11-25 15:12:51.022536,Ruta 1 - Centro,139,10.0,5,60,2025-11-25 15:00:00,2025-11-25 15:04:59.412851226,21.400482561336787,Tuesday,5.0,93.0,100.0,4.99,Retraso Leve,Tarde,False
2025-11-25 20:17:51.022536,Ruta 3 - Sur,139,8.0,4,50,2025-11-25 20:15:00,2025-11-25 20:16:39.534245376,16.507082742267166,Tuesday,4.0,97.0,100.0,1.66,A Tiempo,Noche,False
2025-11-25 21:57:51.022536,Ruta 2 - Norte,139,8.0,9,60,2025-11-25 21:45:00,2025-11-25 21:46:17.930472282,20.952973437565035,Tuesday,-1.0,96.0,100.0,1.3,A Tiempo,Noche,False
2025-11-26 01:07:51.022536,Ruta 3 - Sur,139,7.0,5,50,2025-11-26 01:00:00,2025-11-26 01:01:06.783128748,16.875933319264362,Wednesday,2.0,98.0,100.0,1.11,A Tiempo,Madrugada,False
2025-11-26 21:52:51.022536,Ruta 4 - Este,139,16.0,4,50,2025-11-26 21:45:00,2025-11-26 21:47:07.422411324,26.91894964915581,Wednesday,12.0,110.0,100.0,2.12,Retraso Leve,Noche,False
2025-11-10 13:57:51.022536,Ruta 2 - Norte,140,9.0,1,60,2025-11-10 13:45:00,2025-11-10 13:45:46.563420420,20.8092663666804,Monday,8.0,8.0,13.33,0.78,A Tiempo,Tarde,False
2025-11-11 11:52:51.022536,Ruta 5 - Oeste,140,11.0,2,60,2025-11-11 11:45:00,2025-11-11 11:45:25.343554602,24.03679613067348,Tuesday,9.0,17.0,28.33,0.42,A Tiempo,Mañana,False
2025-11-13 00:42:51.022536,Ruta 1 - Centro,140,9.0,11,50,2025-11-13 00:30:00,2025-11-13 00:31:15.172290689,29.153318267141763,Thursday,-2.0,15.0,30.0,1.25,A Tiempo,Madrugada,False
2025-11-13 03:52:51.022536,Ruta 1 - Centro,140,9.0,7,60,2025-11-13 03:45:00,2025-11-13 03:45:21.005577288,33.69884340134683,Thursday,2.0,17.0,28.33,0.35,A Tiempo,Madrugada,False
2025-11-13 23:17:51.022536,Ruta 3 - Sur,140,3.0,5,40,2025-11-13 23:15:00,2025-11-13 23:19:47.296337022,26.969535490066093,Thursday,-2.0,15.0,37.5,4.79,Retraso Leve,Noche,False
2025-11-14 06:42:51.022536,Ruta 1 - Centro,140,5.0,6,60,2025-11-14 06:30:00,2025-11-14 06:30:23.534719932,21.36396989229689,Friday,-1.0,14.0,23.33,0.39,A Tiempo,Madrugada,False
2025-11-14 23:12:51.022536,Ruta 2 - Norte,140,8.0,7,40,2025-11-14 23:00:00,2025-11-14 23:01:41.371866270,18.91033195360722,Friday,1.0,15.0,37.5,1.69,A Tiempo,Noche,False
2025-11-15 14:47:51.022536,Ruta 1 - Centro,140,3.0,4,60,2025-11-15 14:45:00,2025-11-15 14:46:01.579050834,22.978658727494683,Saturday,-1.0,14.0,23.33,1.03,A Tiempo,Tarde,False
2025-11-15 16:12:51.022536,Ruta 3 - Sur,140,6.0,7,50,2025-11-15 16:00:00,2025-11-15 16:01:14.623182336,27.12626694868527,Saturday,-1.0,13.0,26.0,1.24,A Tiempo,Tarde,False
2025-11-16 05:07:51.022536,Ruta 6 - Express,140,14.0,3,50,2025-11-16 05:00:00,2025-11-16 05:01:56.140809378,17.714737716317902,Sunday,11.0,24.0,48.0,1.94,A Tiempo,Madrugada,False
2025-11-16 05:27:51.022536,Ruta 1 - Centro,140,11.0,8,40,2025-11-16 05:15:00,2025-11-16 05:15:46.085236170,33.321506974972166,Sunday,3.0,27.0,67.5,0.77,A Tiempo,Madrugada,False
2025-11-17 00:42:51.022536,Ruta 5 - Oeste,140,12.0,8,60,2025-11-17 00:30:00,2025-11-17 00:32:31.086937800,28.83288548383593,Monday,4.0,31.0,51.67,2.52,Retraso Leve,Madrugada,False
2025-11-17 18:02:51.022536,Ruta 1 - Centro,140,5.0,2,60,2025-11-17 18:00:00,2025-11-17 18:00:09.859583616,17.454690004997698,Monday,3.0,34.0,56.67,0.16,A Tiempo,Tarde,True
2025-11-18 03:42:51.022536,Ruta 2 - Norte,140,6.0,6,60,2025-11-18 03:30:00,2025-11-18 03:33:22.353156498,29.468042991284783,Tuesday,0.0,34.0,56.67,3.37,Retraso Leve,Madrugada,False
2025-11-18 03:47:51.022536,Ruta 4 - Este,140,8.0,9,40,2025-11-18 03:45:00,2025-11-18 03:45:27.621595776,24.624088766176826,Tuesday,-1.0,33.0,82.5,0.46,A Tiempo,Madrugada,False
2025-11-18 06:37:51.022536,Ruta 1 - Centro,140,6.0,2,50,2025-11-18 06:30:00,2025-11-18 06:30:19.803837750,30.74779326620624,Tuesday,4.0,37.0,74.0,0.33,A Tiempo,Madrugada,False
2025-11-18 08:57:51.022536,Ruta 3 - Sur,140,7.0,6,40,2025-11-18 08:45:00,2025-11-18 08:45:27.803614776,20.14890994505604,Tuesday,1.0,38.0,95.0,0.46,A Tiempo,Mañana,True
2025-11-19 02:52:51.022536,Ruta 5 - Oeste,140,3.0,10,40,2025-11-19 02:45:00,2025-11-19 02:46:52.458605790,33.502132118076325,Wednesday,-7.0,31.0,77.5,1.87,A Tiempo,Madrugada,False
2025-11-19 18:57:51.022536,Ruta 2 - Norte,140,5.0,4,50,2025-11-19 18:45:00,2025-11-19 18:45:07.460468244,26.46579513796049,Wednesday,1.0,32.0,64.0,0.12,A Tiempo,Tarde,True
2025-11-20 03:02:51.022536,Ruta 6 - Express,140,9.0,7,40,2025-11-20 03:00:00,2025-11-20 03:00:07.355280822,24.234571571739096,Thursday,2.0,34.0,85.0,0.12,A Tiempo,Madrugada,False
2025-11-20 11:57:51.022536,Ruta 3 - Sur,140,5.0,6,60,2025-11-20 11:45:00,2025-11-20 11:46:39.084577980,22.95406784888734,Thursday,-1.0,33.0,55.0,1.65,A Tiempo,Mañana,False
2025-11-21 07:42:51.022536,Ruta 6 - Express,140,6.0,4,60,2025-11-21 07:30:00,2025-11-21 07:31:23.548706640,27.23757039810301,Friday,2.0,35.0,58.33,1.39,A Tiempo,Mañana,True
2025-11-21 15:07:51.022536,Ruta 6 - Express,140,10.0,9,50,2025-11-21 15:00:00,2025-11-21 15:00:04.639215324,19.90187437936622,Friday,1.0,36.0,72.0,0.08,A Tiempo,Tarde,False
2025-11-21 17:22:51.022536,Ruta 6 - Express,140,4.0,2,60,2025-11-21 17:15:00,2025-11-21 17:15:11.039148672,30.845551485715983,Friday,2.0,38.0,63.33,0.18,A Tiempo,Tarde,True
2025-11-21 21:57:51.022536,Ruta 5 - Oeste,140,6.0,8,40,2025-11-21 21:45:00,2025-11-21 21:46:34.229272632,22.90682865695007,Friday,-2.0,36.0,90.0,1.57,A Tiempo,Noche,False
2025-11-22 10:27:51.022536,Ruta 5 - Oeste,140,7.0,6,40,2025-11-22 10:15:00,2025-11-22 10:18:19.351836672,18.159251845391644,Saturday,1.0,37.0,92.5,3.32,Retraso Leve,Mañana,False
2025-11-22 18:57:51.022536,Ruta 4 - Este,140,8.0,3,40,2025-11-22 18:45:00,2025-11-22 18:51:23.311534248,27.685847450775864,Saturday,5.0,42.0,100.0,6.39,Retraso Grave,Tarde,True
2025-11-22 23:07:51.022536,Ruta 3 - Sur,140,6.0,8,40,2025-11-22 23:00:00,2025-11-22 23:01:24.627602130,27.71183537213653,Saturday,-2.0,40.0,100.0,1.41,A Tiempo,Noche,False
2025-11-23 01:47:51.022536,Ruta 3 - Sur,140,9.0,8,50,2025-11-23 01:45:00,2025-11-23 01:46:26.984814522,24.073668429605934,Sunday,1.0,41.0,82.0,1.45,A Tiempo,Madrugada,False
2025-11-23 09:52:51.022536,Ruta 3 - Sur,140,9.0,7,60,2025-11-23 09:45:00,2025-11-23 09:47:08.849304300,24.021810448616492,Sunday,2.0,43.0,71.67,2.15,Retraso Leve,Mañana,True
2025-11-23 16:12:51.022536,Ruta 1 - Centro,140,10.0,8,40,2025-11-23 16:00:00,2025-11-23 16:00:40.543230414,33.77357189936836,Sunday,2.0,45.0,100.0,0.68,A Tiempo,Tarde,False
2025-11-23 19:52:51.022536,Ruta 6 - Express,140,7.0,6,50,2025-11-23 19:45:00,2025-11-23 19:45:07.188632340,16.537636725983845,Sunday,1.0,46.0,92.0,0.12,A Tiempo,Noche,True
2025-11-24 01:07:51.022536,Ruta 5 - Oeste,140,11.0,4,40,2025-11-24 01:00:00,2025-11-24 01:03:19.093461888,28.049840989640703,Monday,7.0,53.0,100.0,3.32,Retraso Leve,Madrugada,False
2025-11-24 09:52:51.022536,Ruta 5 - Oeste,140,11.0,4,40,2025-11-24 09:45:00,2025-11-24 09:46:43.877369340,18.21431368813674,Monday,7.0,60.0,100.0,1.73,A Tiempo,Mañana,True
2025-11-24 14:27:51.022536,Ruta 1 - Centro,140,9.0,5,40,2025-11-24 14:15:00,2025-11-24 14:17:04.583008092,21.21694061787321,Monday,4.0,64.0,100.0,2.08,Retraso Leve,Tarde,False
2025-11-24 21:07:51.022536,Ruta 5 - Oeste,140,5.0,6,60,2025-11-24 21:00:00,2025-11-24 21:01:31.740438144,19.84306483345395,Monday,-1.0,63.0,100.0,1.53,A Tiempo,Noche,False
2025-11-25 17:42:51.022536,Ruta 4 - Este,140,10.0,6,60,2025-11-25 17:30:00,2025-11-25 17:31:45.089029026,17.890398909082457,Tuesday,4.0,67.0,100.0,1.75,A Tiempo,Tarde,True
2025-11-09 22:17:51.022536,Ruta 2 - Norte,141,9.0,6,40,2025-11-09 22:15:00,2025-11-09 22:15:19.164813816,34.5376038497274,Sunday,3.0,3.0,7.5,0.32,A Tiempo,Noche,False
2025-11-09 22:27:51.022536,Ruta 6 - Express,141,2.0,6,60,2025-11-09 22:15:00,2025-11-09 22:17:41.212633062,24.376188301568167,Sunday,-4.0,0.0,0.0,2.69,Retraso Leve,Noche,False
2025-11-10 12:17:51.022536,Ruta 5 - Oeste,141,8.0,5,50,2025-11-10 12:15:00,2025-11-10 12:16:48.249207156,25.01084195521373,Monday,3.0,2.0,4.0,1.8,A Tiempo,Mañana,False
2025-11-10 21:37:51.022536,Ruta 4 - Este,141,9.0,3,60,2025-11-10 21:30:00,2025-11-10 21:30:54.791380908,22.75291214933619,Monday,6.0,8.0,13.33,0.91,A Tiempo,Noche,False
2025-11-11 12:32:51.022536,Ruta 2 - Norte,141,4.0,4,40,2025-11-11 12:30:00,2025-11-11 12:31:59.711023224,24.716583165237168,Tuesday,0.0,8.0,20.0,2.0,A Tiempo,Mañana,False
2025-11-11 19:12:51.022536,Ruta 4 - Este,141,7.0,6,50,2025-11-11 19:00:00,2025-11-11 19:02:08.694610950,23.240206294462823,Tuesday,1.0,9.0,18.0,2.14,Retraso Leve,Noche,True
2025-11-12 00:07:51.022536,Ruta 3 - Sur,141,11.0,3,50,2025-11-12 00:00:00,2025-11-12 00:01:17.361019440,27.79239901043814,Wednesday,8.0,17.0,34.0,1.29,A Tiempo,Madrugada,False
2025-11-12 12:07:51.022536,Ruta 2 - Norte,141,6.0,6,50,2025-11-12 12:00:00,2025-11-12 12:00:25.071481224,29.649043086807826,Wednesday,0.0,17.0,34.0,0.42,A Tiempo,Mañana,False
2025-11-13 05:32:51.022536,Ruta 3 - Sur,141,7.0,6,40,2025-11-13 05:30:00,2025-11-13 05:31:13.397323620,23.693506568356867,Thursday,1.0,18.0,45.0,1.22,A Tiempo,Madrugada,False
2025-11-13 06:42:51.022536,Ruta 1 - Centro,141,6.0,2,40,2025-11-13 06:30:00,2025-11-13 06:31:35.234171640,28.248434098053025,Thursday,4.0,22.0,55.0,1.59,A Tiempo,Madrugada,False
2025-11-13 15:37:51.022536,Ruta 4 - Este,141,4.0,10,60,2025-11-13 15:30:00,2025-11-13 15:30:14.103328584,26.72093194551005,Thursday,-6.0,16.0,26.67,0.24,A Tiempo,Tarde,False
2025-11-13 22:17:51.022536,Ruta 5 - Oeste,141,8.0,4,60,2025-11-13 22:15:00,2025-11-13 22:15:02.521109358,25.154121036427654,Thursday,4.0,20.0,33.33,0.04,A Tiempo,Noche,False
2025-11-13 22:37:51.022536,Ruta 1 - Centro,141,15.0,4,60,2025-11-13 22:30:00,2025-11-13 22:30:01.525551198,21.474034071002364,Thursday,11.0,31.0,51.67,0.03,A Tiempo,Noche,False
2025-11-14 14:42:51.022536,Ruta 2 - Norte,141,9.0,9,40,2025-11-14 14:30:00,2025-11-14 14:31:47.731038390,28.09547564472569,Friday,0.0,31.0,77.5,1.8,A Tiempo,Tarde,False
2025-11-14 16:22:51.022536,Ruta 5 - Oeste,141,8.0,4,60,2025-11-14 16:15:00,2025-11-14 16:16:02.608886052,23.17137703257677,Friday,4.0,35.0,58.33,1.04,A Tiempo,Tarde,False
2025-11-14 17:12:51.022536,Ruta 3 - Sur,141,4.0,2,60,2025-11-14 17:00:00,2025-11-14 17:00:07.264916598,23.041943060641756,Friday,2.0,37.0,61.67,0.12,A Tiempo,Tarde,True
2025-11-15 05:52:51.022536,Ruta 2 - Norte,141,9.0,3,60,2025-11-15 05:45:00,2025-11-15 05:47:30.494459525,30.98913163914391,Saturday,6.0,43.0,71.67,2.51,Retraso Leve,Madrugada,False
2025-11-15 09:12:51.022536,Ruta 2 - Norte,141,6.0,9,40,2025-11-15 09:00:00,2025-11-15 09:05:09.471058398,32.59294656784767,Saturday,-3.0,40.0,100.0,5.16,Retraso Grave,Mañana,True
2025-11-15 11:02:51.022536,Ruta 2 - Norte,141,8.0,7,40,2025-11-15 11:00:00,2025-11-15 11:00:10.835893458,26.630901495598195,Saturday,1.0,41.0,100.0,0.18,A Tiempo,Mañana,False
2025-11-16 03:17:51.022536,Ruta 4 - Este,141,14.0,3,40,2025-11-16 03:15:00,2025-11-16 03:19:04.756994526,20.097211384184156,Sunday,11.0,52.0,100.0,4.08,Retraso Leve,Madrugada,False
2025-11-16 08:37:51.022536,Ruta 6 - Express,141,6.0,4,50,2025-11-16 08:30:00,2025-11-16 08:35:53.467532718,32.57986046931619,Sunday,2.0,54.0,100.0,5.89,Retraso Grave,Mañana,True
2025-11-16 12:27:51.022536,Ruta 3 - Sur,141,9.0,5,60,2025-11-16 12:15:00,2025-11-16 12:17:20.929909626,21.943009538568504,Sunday,4.0,58.0,96.67,2.35,Retraso Leve,Mañana,False
2025-11-16 13:22:51.022536,Ruta 2 - Norte,141,14.0,11,60,2025-11-16 13:15:00,2025-11-16 13:17:02.635232232,17.601140064149472,Sunday,3.0,61.0,100.0,2.04,Retraso Leve,Tarde,False
2025-11-16 19:27:51.022536,Ruta 2 - Norte,141,5.0,6,50,2025-11-16 19:15:00,2025-11-16 19:17:15.020892630,21.34784788943748,Sunday,-1.0,60.0,100.0,2.25,Retraso Leve,Noche,True
2025-11-17 00:52:51.022536,Ruta 5 - Oeste,141,8.0,6,50,2025-11-17 00:45:00,2025-11-17 00:47:33.126194094,26.320525432215756,Monday,2.0,62.0,100.0,2.55,Retraso Leve,Madrugada,False
2025-11-17 09:22:51.022536,Ruta 6 - Express,141,9.0,9,50,2025-11-17 09:15:00,2025-11-17 09:18:24.788707842,25.666123336956414,Monday,0.0,62.0,100.0,3.41,Retraso Leve,Mañana,True
2025-11-17 13:17:51.022536,Ruta 5 - Oeste,141,14.0,7,50,2025-11-17 13:15:00,2025-11-17 13:17:40.422863526,17.17656955510816,Monday,7.0,69.0,100.0,2.67,Retraso Leve,Tarde,False
2025-11-17 15:37:51.022536,Ruta 5 - Oeste,141,10.0,7,60,2025-11-17 15:30:00,2025-11-17 15:30:54.465308886,26.53044941873701,Monday,3.0,72.0,100.0,0.91,A Tiempo,Tarde,False
2025-11-17 18:07:51.022536,Ruta 2 - Norte,141,4.0,0,40,2025-11-17 18:00:00,2025-11-17 18:00:12.761203494,24.850281584879056,Monday,4.0,76.0,100.0,0.21,A Tiempo,Tarde,True
2025-11-18 06:07:51.022536,Ruta 3 - Sur,141,6.0,4,60,2025-11-18 06:00:00,2025-11-18 06:01:27.865952424,23.984921568029925,Tuesday,2.0,78.0,100.0,1.46,A Tiempo,Madrugada,False
2025-11-18 11:27:51.022536,Ruta 1 - Centro,141,9.0,6,50,2025-11-18 11:15:00,2025-11-18 11:16:36.823200408,25.680373521414253,Tuesday,3.0,81.0,100.0,1.61,A Tiempo,Mañana,False
2025-11-18 14:27:51.022536,Ruta 4 - Este,141,8.0,2,50,2025-11-18 14:15:00,2025-11-18 14:16:07.565693526,26.09472083234228,Tuesday,6.0,87.0,100.0,1.13,A Tiempo,Tarde,False
2025-11-19 03:42:51.022536,Ruta 3 - Sur,141,6.0,10,60,2025-11-19 03:30:00,2025-11-19 03:30:56.423313978,20.587776662987885,Wednesday,-4.0,83.0,100.0,0.94,A Tiempo,Madrugada,False
2025-11-19 10:22:51.022536,Ruta 3 - Sur,141,7.0,6,50,2025-11-19 10:15:00,2025-11-19 10:18:44.380334760,27.75558412449357,Wednesday,1.0,84.0,100.0,3.74,Retraso Leve,Mañana,False
2025-11-19 10:42:51.022536,Ruta 1 - Centro,141,9.0,7,60,2025-11-19 10:30:00,2025-11-19 10:34:18.276195942,32.55392927148048,Wednesday,2.0,86.0,100.0,4.3,Retraso Leve,Mañana,False
2025-11-19 14:27:51.022536,Ruta 3 - Sur,141,7.0,9,60,2025-11-19 14:15:00,2025-11-19 14:15:55.692360756,24.52385958000115,Wednesday,-2.0,84.0,100.0,0.93,A Tiempo,Tarde,False
2025-11-19 23:27:51.022536,Ruta 5 - Oeste,141,8.0,9,60,2025-11-19 23:15:00,2025-11-19 23:15:54.837096312,21.10993894995272,Wednesday,-1.0,83.0,100.0,0.91,A Tiempo,Noche,False
2025-11-20 03:27:51.022536,Ruta 1 - Centro,141,8.0,5,40,2025-11-20 03:15:00,2025-11-20 03:15:49.481461800,30.87902960663697,Thursday,3.0,86.0,100.0,0.82,A Tiempo,Madrugada,False
2025-11-20 04:37:51.022536,Ruta 2 - Norte,141,12.0,5,40,2025-11-20 04:30:00,2025-11-20 04:30:33.093895650,21.860682842555832,Thursday,7.0,93.0,100.0,0.55,A Tiempo,Madrugada,False
2025-11-20 11:52:51.022536,Ruta 4 - Este,141,6.0,8,60,2025-11-20 11:45:00,2025-11-20 11:45:59.507900796,16.796115659101364,Thursday,-2.0,91.0,100.0,0.99,A Tiempo,Mañana,False
2025-11-20 17:47:51.022536,Ruta 5 - Oeste,141,7.0,3,50,2025-11-20 17:45:00,2025-11-20 17:47:10.038550290,16.109748656013636,Thursday,4.0,95.0,100.0,2.17,Retraso Leve,Tarde,True
2025-11-20 19:52:51.022536,Ruta 3 - Sur,141,6.0,6,40,2025-11-20 19:45:00,2025-11-20 19:45:07.953900414,22.89713536420583,Thursday,0.0,95.0,100.0,0.13,A Tiempo,Noche,True
2025-11-20 19:57:51.022536,Ruta 3 - Sur,141,7.0,4,50,2025-11-20 19:45:00,2025-11-20 19:45:21.140061828,33.34165146985434,Thursday,3.0,98.0,100.0,0.35,A Tiempo,Noche,True
2025-11-20 23:02:51.022536,Ruta 6 - Express,141,6.0,8,40,2025-11-20 23:00:00,2025-11-20 23:04:27.668149278,24.41059538257782,Thursday,-2.0,96.0,100.0,4.46,Retraso Leve,Noche,False
2025-11-21 06:47:51.022536,Ruta 4 - Este,141,7.0,6,40,2025-11-21 06:45:00,2025-11-21 06:45:20.303072370,34.59863056814297,Friday,1.0,97.0,100.0,0.34,A Tiempo,Madrugada,False
2025-11-21 20:47:51.022536,Ruta 5 - Oeste,141,9.0,8,50,2025-11-21 20:45:00,2025-11-21 20:46:51.579012414,25.58045357456601,Friday,1.0,98.0,100.0,1.86,A Tiempo,Noche,False
2025-11-21 23:17:51.022536,Ruta 1 - Centro,141,12.0,5,40,2025-11-21 23:15:00,2025-11-21 23:15:38.166757962,25.63148078138634,Friday,7.0,105.0,100.0,0.64,A Tiempo,Noche,False
2025-11-22 12:27:51.022536,Ruta 5 - Oeste,141,4.0,8,40,2025-11-22 12:15:00,2025-11-22 12:16:42.612364026,15.886941536900636,Saturday,-4.0,101.0,100.0,1.71,A Tiempo,Mañana,False
2025-11-22 12:37:51.022536,Ruta 5 - Oeste,141,6.0,9,50,2025-11-22 12:30:00,2025-11-22 12:30:24.396807876,24.476591348958376,Saturday,-3.0,98.0,100.0,0.41,A Tiempo,Mañana,False
2025-11-22 13:37:51.022536,Ruta 5 - Oeste,141,4.0,5,50,2025-11-22 13:30:00,2025-11-22 13:30:50.957431746,28.47886370226899,Saturday,-1.0,97.0,100.0,0.85,A Tiempo,Tarde,False
2025-11-23 04:32:51.022536,Ruta 1 - Centro,141,7.0,5,40,2025-11-23 04:30:00,2025-11-23 04:30:43.676846880,32.03513463557461,Sunday,2.0,99.0,100.0,0.73,A Tiempo,Madrugada,False
2025-11-23 12:37:51.022536,Ruta 1 - Centro,141,6.0,4,50,2025-11-23 12:30:00,2025-11-23 12:30:52.466825640,20.63701122155703,Sunday,2.0,101.0,100.0,0.87,A Tiempo,Mañana,False
2025-11-23 15:52:51.022536,Ruta 5 - Oeste,141,5.0,10,40,2025-11-23 15:45:00,2025-11-23 15:46:08.782521882,30.479614051629845,Sunday,-5.0,96.0,100.0,1.15,A Tiempo,Tarde,False
2025-11-24 02:37:51.022536,Ruta 3 - Sur,141,8.0,9,50,2025-11-24 02:30:00,2025-11-24 02:31:54.871413528,31.018323450079272,Monday,-1.0,95.0,100.0,1.91,A Tiempo,Madrugada,False
2025-11-25 13:02:51.022536,Ruta 5 - Oeste,141,15.0,8,40,2025-11-25 13:00:00,2025-11-25 13:05:00.276182016,23.107935084768425,Tuesday,7.0,102.0,100.0,5.0,Retraso Leve,Tarde,False
2025-11-25 22:27:51.022536,Ruta 1 - Centro,141,6.0,5,50,2025-11-25 22:15:00,2025-11-25 22:16:00.983935308,26.185467450356672,Tuesday,1.0,103.0,100.0,1.02,A Tiempo,Noche,False
2025-11-26 08:52:51.022536,Ruta 3 - Sur,141,11.0,3,50,2025-11-26 08:45:00,2025-11-26 08:45:03.694597302,19.804414135740597,Wednesday,8.0,111.0,100.0,0.06,A Tiempo,Mañana,True
2025-11-26 11:42:51.022536,Ruta 1 - Centro,141,5.0,6,60,2025-11-26 11:30:00,2025-11-26 11:32:08.387932721,28.42653756757435,Wednesday,-1.0,110.0,100.0,2.14,Retraso Leve,Mañana,False
2025-11-26 13:57:51.022536,Ruta 6 - Express,141,6.0,7,40,2025-11-26 13:45:00,2025-11-26 13:45:10.160675994,29.96846002974214,Wednesday,-1.0,109.0,100.0,0.17,A Tiempo,Tarde,False
2025-11-10 06:22:51.022536,Ruta 4 - Este,142,8.0,9,40,2025-11-10 06:15:00,2025-11-10 06:16:09.313269060,25.175157021311588,Monday,-1.0,0.0,0.0,1.16,A Tiempo,Madrugada,False
2025-11-10 10:17:51.022536,Ruta 1 - Centro,142,8.0,9,50,2025-11-10 10:15:00,2025-11-10 10:17:19.536140538,26.233304271008755,Monday,-1.0,0.0,0.0,2.33,Retraso Leve,Mañana,False
2025-11-10 10:37:51.022536,Ruta 5 - Oeste,142,6.0,6,50,2025-11-10 10:30:00,2025-11-10 10:31:18.219129852,24.31818530183572,Monday,0.0,0.0,0.0,1.3,A Tiempo,Mañana,False
2025-11-10 16:07:51.022536,Ruta 3 - Sur,142,7.0,4,60,2025-11-10 16:00:00,2025-11-10 16:04:50.894900622,16.828977163564357,Monday,3.0,1.0,1.67,4.85,Retraso Leve,Tarde,False
2025-11-10 18:07:51.022536,Ruta 6 - Express,142,9.0,3,60,2025-11-10 18:00:00,2025-11-10 18:02:36.999128988,20.88121679075884,Monday,6.0,7.0,11.67,2.62,Retraso Leve,Tarde,True
2025-11-11 15:47:51.022536,Ruta 1 - Centro,142,5.0,1,40,2025-11-11 15:45:00,2025-11-11 15:45:57.375430134,26.03606331792263,Tuesday,4.0,11.0,27.5,0.96,A Tiempo,Tarde,False
2025-11-11 19:27:51.022536,Ruta 4 - Este,142,11.0,6,40,2025-11-11 19:15:00,2025-11-11 19:15:57.213743358,23.85570519091852,Tuesday,5.0,16.0,40.0,0.95,A Tiempo,Noche,True
2025-11-11 22:47:51.022536,Ruta 1 - Centro,142,11.0,6,60,2025-11-11 22:45:00,2025-11-11 22:46:09.233053416,32.01335881915205,Tuesday,5.0,21.0,35.0,1.15,A Tiempo,Noche,False
2025-11-12 20:42:51.022536,Ruta 1 - Centro,142,11.0,6,50,2025-11-12 20:30:00,2025-11-12 20:36:19.484982714,19.62040650518996,Wednesday,5.0,26.0,52.0,6.32,Retraso Grave,Noche,False
2025-11-12 22:12:51.022536,Ruta 2 - Norte,142,11.0,5,40,2025-11-12 22:00:00,2025-11-12 22:02:37.410279216,29.07496113161599,Wednesday,6.0,32.0,80.0,2.62,Retraso Leve,Noche,False
2025-11-13 00:07:51.022536,Ruta 2 - Norte,142,16.0,11,60,2025-11-13 00:00:00,2025-11-13 00:01:00.669499170,18.739228856852147,Thursday,5.0,37.0,61.67,1.01,A Tiempo,Madrugada,False
2025-11-13 08:12:51.022536,Ruta 2 - Norte,142,9.0,10,60,2025-11-13 08:00:00,2025-11-13 08:02:31.758072006,23.73605469551104,Thursday,-1.0,36.0,60.0,2.53,Retraso Leve,Mañana,True
2025-11-13 12:57:51.022536,Ruta 6 - Express,142,9.0,6,60,2025-11-13 12:45:00,2025-11-13 12:46:58.301342802,23.01912365555958,Thursday,3.0,39.0,65.0,1.97,A Tiempo,Mañana,False
2025-11-13 20:32:51.022536,Ruta 6 - Express,142,13.0,7,50,2025-11-13 20:30:00,2025-11-13 20:32:19.083701874,27.50851937356323,Thursday,6.0,45.0,90.0,2.32,Retraso Leve,Noche,False
2025-11-14 07:27:51.022536,Ruta 5 - Oeste,142,10.0,7,60,2025-11-14 07:15:00,2025-11-14 07:15:05.778833226,20.06101111133145,Friday,3.0,48.0,80.0,0.1,A Tiempo,Mañana,True
2025-11-14 13:32:51.022536,Ruta 1 - Centro,142,17.0,7,50,2025-11-14 13:30:00,2025-11-14 13:30:28.296160044,23.71570283396912,Friday,10.0,58.0,100.0,0.47,A Tiempo,Tarde,False
2025-11-14 14:22:51.022536,Ruta 3 - Sur,142,12.0,7,60,2025-11-14 14:15:00,2025-11-14 14:16:06.750997122,27.327791693582896,Friday,5.0,63.0,100.0,1.11,A Tiempo,Tarde,False
2025-11-14 15:02:51.022536,Ruta 5 - Oeste,142,9.0,7,50,2025-11-14 15:00:00,2025-11-14 15:01:42.465192186,27.215769910005704,Friday,2.0,65.0,100.0,1.71,A Tiempo,Tarde,False
2025-11-14 16:47:51.022536,Ruta 5 - Oeste,142,9.0,8,50,2025-11-14 16:45:00,2025-11-14 16:46:10.329691914,21.582736050548338,Friday,1.0,66.0,100.0,1.17,A Tiempo,Tarde,False
2025-11-14 18:32:51.022536,Ruta 6 - Express,142,2.0,7,50,2025-11-14 18:30:00,2025-11-14 18:30:57.543609414,17.364177508009377,Friday,-5.0,61.0,100.0,0.96,A Tiempo,Tarde,True
2025-11-15 00:32:51.022536,Ruta 4 - Este,142,7.0,4,50,2025-11-15 00:30:00,2025-11-15 00:31:39.565530432,29.099669364980816,Saturday,3.0,64.0,100.0,1.66,A Tiempo,Madrugada,False
2025-11-15 01:47:51.022536,Ruta 2 - Norte,142,5.0,7,40,2025-11-15 01:45:00,2025-11-15 01:45:35.495394324,29.74035545796524,Saturday,-2.0,62.0,100.0,0.59,A Tiempo,Madrugada,False
2025-11-15 07:37:51.022536,Ruta 6 - Express,142,6.0,5,50,2025-11-15 07:30:00,2025-11-15 07:36:35.171909802,31.9045717363696,Saturday,1.0,63.0,100.0,6.59,Retraso Grave,Mañana,True
2025-11-15 16:27:51.022536,Ruta 5 - Oeste,142,7.0,5,40,2025-11-15 16:15:00,2025-11-15 16:15:55.317691968,17.659697344632797,Saturday,2.0,65.0,100.0,0.92,A Tiempo,Tarde,False
2025-11-15 16:42:51.022536,Ruta 1 - Centro,142,5.0,7,40,2025-11-15 16:30:00,2025-11-15 16:34:06.282232578,18.3920649507256,Saturday,-2.0,63.0,100.0,4.1,Retraso Leve,Tarde,False
2025-11-15 17:07:51.022536,Ruta 6 - Express,142,4.0,6,50,2025-11-15 17:00:00,2025-11-15 17:00:28.474080204,23.31388657126683,Saturday,-2.0,61.0,100.0,0.47,A Tiempo,Tarde,True
2025-11-15 21:42:51.022536,Ruta 1 - Centro,142,15.0,9,50,2025-11-15 21:30:00,2025-11-15 21:31:55.099674000,23.060382798161225,Saturday,6.0,67.0,100.0,1.92,A Tiempo,Noche,False
2025-11-16 01:37:51.022536,Ruta 5 - Oeste,142,6.0,6,40,2025-11-16 01:30:00,2025-11-16 01:32:57.255457308,27.305287295369467,Sunday,0.0,67.0,100.0,2.95,Retraso Leve,Madrugada,False
2025-11-17 07:32:51.022536,Ruta 5 - Oeste,142,11.0,7,40,2025-11-17 07:30:00,2025-11-17 07:30:31.873031693,22.78438251600292,Monday,4.0,71.0,100.0,0.53,A Tiempo,Mañana,True
2025-11-17 11:22:51.022536,Ruta 5 - Oeste,142,3.0,8,50,2025-11-17 11:15:00,2025-11-17 11:17:50.301634842,21.527268416446383,Monday,-5.0,66.0,100.0,2.84,Retraso Leve,Mañana,False
2025-11-17 13:02:51.022536,Ruta 2 - Norte,142,14.0,7,50,2025-11-17 13:00:00,2025-11-17 13:03:45.304958832,23.172215671738336,Monday,7.0,73.0,100.0,3.76,Retraso Leve,Tarde,False
2025-11-17 21:47:51.022536,Ruta 5 - Oeste,142,4.0,8,40,2025-11-17 21:45:00,2025-11-17 21:46:21.624255006,25.63903152942463,Monday,-4.0,69.0,100.0,1.36,A Tiempo,Noche,False
2025-11-18 04:27:51.022536,Ruta 6 - Express,142,8.0,3,40,2025-11-18 04:15:00,2025-11-18 04:23:56.621897676,17.725432087667745,Tuesday,5.0,74.0,100.0,8.94,Retraso Grave,Madrugada,False
2025-11-18 08:47:51.022536,Ruta 1 - Centro,142,7.0,7,40,2025-11-18 08:45:00,2025-11-18 08:47:12.769123098,20.79963680047884,Tuesday,0.0,74.0,100.0,2.21,Retraso Leve,Mañana,True
2025-11-18 17:52:51.022536,Ruta 4 - Este,142,8.0,3,60,2025-11-18 17:45:00,2025-11-18 17:48:15.310237775,13.404436008388226,Tuesday,5.0,79.0,100.0,3.26,Retraso Leve,Tarde,True
2025-11-20 00:17:51.022536,Ruta 5 - Oeste,142,7.0,4,50,2025-11-20 00:15:00,2025-11-20 00:17:38.089165836,25.384899638054023,Thursday,3.0,82.0,100.0,2.63,Retraso Leve,Madrugada,False
2025-11-20 02:27:51.022536,Ruta 2 - Norte,142,11.0,4,50,2025-11-20 02:15:00,2025-11-20 02:18:05.218026966,28.374455976191943,Thursday,7.0,89.0,100.0,3.09,Retraso Leve,Madrugada,False
2025-11-20 06:32:51.022536,Ruta 3 - Sur,142,5.0,10,40,2025-11-20 06:30:00,2025-11-20 06:31:28.268261490,32.28086730564706,Thursday,-5.0,84.0,100.0,1.47,A Tiempo,Madrugada,False
2025-11-20 14:17:51.022536,Ruta 4 - Este,142,17.0,7,50,2025-11-20 14:15:00,2025-11-20 14:18:13.117080570,17.935638056507315,Thursday,10.0,94.0,100.0,3.22,Retraso Leve,Tarde,False
2025-11-20 15:12:51.022536,Ruta 3 - Sur,142,10.0,5,50,2025-11-20 15:00:00,2025-11-20 15:01:08.405869176,27.26058694856637,Thursday,5.0,99.0,100.0,1.14,A Tiempo,Tarde,False
2025-11-21 13:57:51.022536,Ruta 4 - Este,142,9.0,7,50,2025-11-21 13:45:00,2025-11-21 13:49:38.134203126,32.180646955245955,Friday,2.0,101.0,100.0,4.64,Retraso Leve,Tarde,False
2025-11-22 03:22:51.022536,Ruta 5 - Oeste,142,12.0,5,40,2025-11-22 03:15:00,2025-11-22 03:20:57.486643110,23.31502294820901,Saturday,7.0,108.0,100.0,5.96,Retraso Grave,Madrugada,False
2025-11-22 11:52:51.022536,Ruta 5 - Oeste,142,9.0,8,60,2025-11-22 11:45:00,2025-11-22 11:49:49.537938534,27.50915798314062,Saturday,1.0,109.0,100.0,4.83,Retraso Leve,Mañana,False
2025-11-22 18:17:51.022536,Ruta 3 - Sur,142,7.0,5,40,2025-11-22 18:15:00,2025-11-22 18:16:21.811613310,19.71378396380745,Saturday,2.0,111.0,100.0,1.36,A Tiempo,Tarde,True
2025-11-23 03:02:51.022536,Ruta 2 - Norte,142,15.0,7,50,2025-11-23 03:00:00,2025-11-23 03:02:54.798127098,14.94286802994462,Sunday,8.0,119.0,100.0,2.91,Retraso Leve,Madrugada,False
2025-11-23 11:02:51.022536,Ruta 3 - Sur,142,6.0,8,50,2025-11-23 11:00:00,2025-11-23 11:01:11.313207174,22.937230643937948,Sunday,-2.0,117.0,100.0,1.19,A Tiempo,Mañana,False
2025-11-23 12:17:51.022536,Ruta 5 - Oeste,142,8.0,7,40,2025-11-23 12:15:00,2025-11-23 12:21:56.911281450,22.57482133092473,Sunday,1.0,118.0,100.0,6.95,Retraso Grave,Mañana,False
2025-11-24 02:42:51.022536,Ruta 3 - Sur,142,7.0,7,50,2025-11-24 02:30:00,2025-11-24 02:31:55.530156246,25.087649856275657,Monday,0.0,118.0,100.0,1.93,A Tiempo,Madrugada,False
2025-11-24 20:47:51.022536,Ruta 3 - Sur,142,5.0,6,60,2025-11-24 20:45:00,2025-11-24 20:47:44.039053686,30.8071251293688,Monday,-1.0,117.0,100.0,2.73,Retraso Leve,Noche,False
2025-11-25 03:02:51.022536,Ruta 6 - Express,142,6.0,7,60,2025-11-25 03:00:00,2025-11-25 03:01:58.492506840,22.513158778049768,Tuesday,-1.0,116.0,100.0,1.97,A Tiempo,Madrugada,False
2025-11-25 06:37:51.022536,Ruta 1 - Centro,142,12.0,9,60,2025-11-25 06:30:00,2025-11-25 06:32:56.629829994,26.364764591549225,Tuesday,3.0,119.0,100.0,2.94,Retraso Leve,Madrugada,False
2025-11-25 08:37:51.022536,Ruta 5 - Oeste,142,11.0,6,50,2025-11-25 08:30:00,2025-11-25 08:30:14.117472558,21.18606910287465,Tuesday,5.0,124.0,100.0,0.24,A Tiempo,Mañana,True
2025-11-26 10:12:51.022536,Ruta 3 - Sur,142,11.0,9,40,2025-11-26 10:00:00,2025-11-26 10:01:12.522296478,23.94788496032957,Wednesday,2.0,126.0,100.0,1.21,A Tiempo,Mañana,False
2025-11-26 14:42:51.022536,Ruta 5 - Oeste,142,7.0,4,40,2025-11-26 14:30:00,2025-11-26 14:30:39.637338318,25.86510712327573,Wednesday,3.0,129.0,100.0,0.66,A Tiempo,Tarde,False
2025-11-26 23:02:51.022536,Ruta 3 - Sur,142,14.0,4,60,2025-11-26 23:00:00,2025-11-26 23:02:35.369224836,22.950921495334157,Wednesday,10.0,139.0,100.0,2.59,Retraso Leve,Noche,False
2025-11-09 20:32:51.022536,Ruta 4 - Este,143,6.0,6,60,2025-11-09 20:30:00,2025-11-09 20:30:28.570407066,24.914643341958687,Sunday,0.0,0.0,0.0,0.48,A Tiempo,Noche,False
2025-11-09 23:47:51.022536,Ruta 5 - Oeste,143,12.0,1,50,2025-11-09 23:45:00,2025-11-09 23:47:34.140410220,23.079425515666056,Sunday,11.0,11.0,22.0,2.57,Retraso Leve,Noche,False
2025-11-10 13:42:51.022536,Ruta 4 - Este,143,9.0,6,60,2025-11-10 13:30:00,2025-11-10 13:32:25.531472514,26.065576646371795,Monday,3.0,14.0,23.33,2.43,Retraso Leve,Tarde,False
2025-11-11 02:52:51.022536,Ruta 2 - Norte,143,10.0,7,40,2025-11-11 02:45:00,2025-11-11 02:45:00.593272602,28.29357152057713,Tuesday,3.0,17.0,42.5,0.01,A Tiempo,Madrugada,False
2025-11-11 06:22:51.022536,Ruta 2 - Norte,143,12.0,4,60,2025-11-11 06:15:00,2025-11-11 06:16:46.615109004,32.195392754533906,Tuesday,8.0,25.0,41.67,1.78,A Tiempo,Madrugada,False
2025-11-11 17:42:51.022536,Ruta 1 - Centro,143,5.0,3,50,2025-11-11 17:30:00,2025-11-11 17:31:04.472967084,29.444626946771397,Tuesday,2.0,27.0,54.0,1.07,A Tiempo,Tarde,True
2025-11-12 03:32:51.022536,Ruta 1 - Centro,143,5.0,7,40,2025-11-12 03:30:00,2025-11-12 03:35:46.739430648,32.10811212820434,Wednesday,-2.0,25.0,62.5,5.78,Retraso Grave,Madrugada,False
2025-11-12 16:47:51.022536,Ruta 5 - Oeste,143,7.0,5,40,2025-11-12 16:45:00,2025-11-12 16:45:18.068379456,24.96884685284247,Wednesday,2.0,27.0,67.5,0.3,A Tiempo,Tarde,False
2025-11-12 17:52:51.022536,Ruta 1 - Centro,143,10.0,7,40,2025-11-12 17:45:00,2025-11-12 17:46:14.888858304,20.79279252191806,Wednesday,3.0,30.0,75.0,1.25,A Tiempo,Tarde,True
2025-11-13 15:22:51.022536,Ruta 3 - Sur,143,3.0,6,60,2025-11-13 15:15:00,2025-11-13 15:17:18.415146102,22.154506198544865,Thursday,-3.0,27.0,45.0,2.31,Retraso Leve,Tarde,False
2025-11-14 06:32:51.022536,Ruta 3 - Sur,143,10.0,4,50,2025-11-14 06:30:00,2025-11-14 06:30:00.270030036,25.94017875076545,Friday,6.0,33.0,66.0,0.0,A Tiempo,Madrugada,False
2025-11-14 06:52:51.022536,Ruta 2 - Norte,143,11.0,4,50,2025-11-14 06:45:00,2025-11-14 06:48:12.166034532,34.16265206924609,Friday,7.0,40.0,80.0,3.2,Retraso Leve,Madrugada,False
2025-11-14 09:57:51.022536,Ruta 2 - Norte,143,8.0,4,40,2025-11-14 09:45:00,2025-11-14 09:46:53.949960186,34.081604828657014,Friday,4.0,44.0,100.0,1.9,A Tiempo,Mañana,True
2025-11-15 05:12:51.022536,Ruta 5 - Oeste,143,12.0,2,40,2025-11-15 05:00:00,2025-11-15 05:00:23.372314374,41.30978929983367,Saturday,10.0,54.0,100.0,0.39,A Tiempo,Madrugada,False
2025-11-15 07:12:51.022536,Ruta 5 - Oeste,143,3.0,4,40,2025-11-15 07:00:00,2025-11-15 07:01:55.805383098,26.32688018618336,Saturday,-1.0,53.0,100.0,1.93,A Tiempo,Mañana,True
2025-11-15 09:02:51.022536,Ruta 2 - Norte,143,9.0,5,60,2025-11-15 09:00:00,2025-11-15 09:00:12.053426526,22.17640494656942,Saturday,4.0,57.0,95.0,0.2,A Tiempo,Mañana,True
2025-11-15 15:02:51.022536,Ruta 6 - Express,143,4.0,5,60,2025-11-15 15:00:00,2025-11-15 15:01:31.007058629,28.334088920219934,Saturday,-1.0,56.0,93.33,1.52,A Tiempo,Tarde,False
2025-11-15 21:22:51.022536,Ruta 6 - Express,143,10.0,7,50,2025-11-15 21:15:00,2025-11-15 21:16:10.465787010,24.19465294871736,Saturday,3.0,59.0,100.0,1.17,A Tiempo,Noche,False
2025-11-16 02:47:51.022536,Ruta 6 - Express,143,7.0,8,60,2025-11-16 02:45:00,2025-11-16 02:45:00.372750882,22.77662557416019,Sunday,-1.0,58.0,96.67,0.01,A Tiempo,Madrugada,False
2025-11-17 00:32:51.022536,Ruta 3 - Sur,143,9.0,7,40,2025-11-17 00:30:00,2025-11-17 00:32:08.835726786,23.171269327065502,Monday,2.0,60.0,100.0,2.15,Retraso Leve,Madrugada,False
2025-11-17 19:37:51.022536,Ruta 4 - Este,143,6.0,4,40,2025-11-17 19:30:00,2025-11-17 19:31:38.862576294,23.03152562458532,Monday,2.0,62.0,100.0,1.65,A Tiempo,Noche,True
2025-11-17 22:12:51.022536,Ruta 1 - Centro,143,8.0,6,50,2025-11-17 22:00:00,2025-11-17 22:00:53.162909640,34.794571549848925,Monday,2.0,64.0,100.0,0.89,A Tiempo,Noche,False
2025-11-18 01:17:51.022536,Ruta 5 - Oeste,143,6.0,12,60,2025-11-18 01:15:00,2025-11-18 01:21:34.764744822,29.60206788640901,Tuesday,-6.0,58.0,96.67,6.58,Retraso Grave,Madrugada,False
2025-11-18 19:37:51.022536,Ruta 6 - Express,143,10.0,8,50,2025-11-18 19:30:00,2025-11-18 19:34:03.200170188,26.05508647690542,Tuesday,2.0,60.0,100.0,4.05,Retraso Leve,Noche,True
2025-11-18 22:32:51.022536,Ruta 4 - Este,143,5.0,7,40,2025-11-18 22:30:00,2025-11-18 22:30:04.601126658,21.68999549019386,Tuesday,-2.0,58.0,100.0,0.08,A Tiempo,Noche,False
2025-11-19 08:02:51.022536,Ruta 2 - Norte,143,6.0,7,50,2025-11-19 08:00:00,2025-11-19 08:00:34.881244260,25.45324600021568,Wednesday,-1.0,57.0,100.0,0.58,A Tiempo,Mañana,True
2025-11-19 08:12:51.022536,Ruta 2 - Norte,143,6.0,8,50,2025-11-19 08:00:00,2025-11-19 08:02:07.266160398,31.486266436377672,Wednesday,-2.0,55.0,100.0,2.12,Retraso Leve,Mañana,True
2025-11-19 13:02:51.022536,Ruta 2 - Norte,143,4.0,6,60,2025-11-19 13:00:00,2025-11-19 13:01:20.909461806,23.91260940737144,Wednesday,-2.0,53.0,88.33,1.35,A Tiempo,Tarde,False
2025-11-19 21:47:51.022536,Ruta 3 - Sur,143,8.0,8,50,2025-11-19 21:45:00,2025-11-19 21:49:35.024362644,19.819372070724956,Wednesday,0.0,53.0,100.0,4.58,Retraso Leve,Noche,False
2025-11-20 08:47:51.022536,Ruta 5 - Oeste,143,9.0,3,40,2025-11-20 08:45:00,2025-11-20 08:46:43.639874088,16.841124387158988,Thursday,6.0,59.0,100.0,1.73,A Tiempo,Mañana,True
2025-11-20 11:02:51.022536,Ruta 6 - Express,143,9.0,7,50,2025-11-20 11:00:00,2025-11-20 11:00:26.419837974,24.96884685284247,Thursday,2.0,61.0,100.0,0.44,A Tiempo,Mañana,False
2025-11-20 11:12:51.022536,Ruta 2 - Norte,143,8.0,3,40,2025-11-20 11:00:00,2025-11-20 11:00:00.784482396,18.82285096465269,Thursday,5.0,66.0,100.0,0.01,A Tiempo,Mañana,False
2025-11-20 18:32:51.022536,Ruta 3 - Sur,143,10.0,6,40,2025-11-20 18:30:00,2025-11-20 18:31:11.001768648,23.939002367011614,Thursday,4.0,70.0,100.0,1.18,A Tiempo,Tarde,True
2025-11-21 02:52:51.022536,Ruta 5 - Oeste,143,6.0,5,40,2025-11-21 02:45:00,2025-11-21 02:51:46.189232502,21.411274619161507,Friday,1.0,71.0,100.0,6.77,Retraso Grave,Madrugada,False
2025-11-21 08:22:51.022536,Ruta 4 - Este,143,8.0,7,60,2025-11-21 08:15:00,2025-11-21 08:17:08.886928194,23.193483200210046,Friday,1.0,72.0,100.0,2.15,Retraso Leve,Mañana,True
2025-11-21 20:57:51.022536,Ruta 4 - Este,143,5.0,5,60,2025-11-21 20:45:00,2025-11-21 20:45:42.452952576,19.794643004441795,Friday,0.0,72.0,100.0,0.71,A Tiempo,Noche,False
2025-11-22 23:37:51.022536,Ruta 2 - Norte,143,5.0,8,60,2025-11-22 23:30:00,2025-11-22 23:31:07.346936430,27.02152008950045,Saturday,-3.0,69.0,100.0,1.12,A Tiempo,Noche,False
2025-11-23 05:12:51.022536,Ruta 5 - Oeste,143,9.0,3,40,2025-11-23 05:00:00,2025-11-23 05:01:14.776921104,21.105564997486937,Sunday,6.0,75.0,100.0,1.25,A Tiempo,Madrugada,False
2025-11-23 07:02:51.022536,Ruta 4 - Este,143,10.0,3,40,2025-11-23 07:00:00,2025-11-23 07:05:19.137940458,19.73923958750344,Sunday,7.0,82.0,100.0,5.32,Retraso Grave,Mañana,True
2025-11-23 09:17:51.022536,Ruta 1 - Centro,143,8.0,4,60,2025-11-23 09:15:00,2025-11-23 09:15:30.171971310,23.431257040223908,Sunday,4.0,86.0,100.0,0.5,A Tiempo,Mañana,True
2025-11-23 09:57:51.022536,Ruta 1 - Centro,143,8.0,10,60,2025-11-23 09:45:00,2025-11-23 09:45:14.648297310,32.09376683138455,Sunday,-2.0,84.0,100.0,0.24,A Tiempo,Mañana,True
2025-11-23 10:47:51.022536,Ruta 1 - Centro,143,8.0,6,50,2025-11-23 10:45:00,2025-11-23 10:46:16.464346469,26.01752714061741,Sunday,2.0,86.0,100.0,1.27,A Tiempo,Mañana,False
2025-11-23 13:37:51.022536,Ruta 1 - Centro,143,4.0,8,40,2025-11-23 13:30:00,2025-11-23 13:32:25.349823726,27.635527946119808,Sunday,-4.0,82.0,100.0,2.42,Retraso Leve,Tarde,False
2025-11-24 05:22:51.022536,Ruta 2 - Norte,143,9.0,8,50,2025-11-24 05:15:00,2025-11-24 05:15:34.480109286,28.59918809011824,Monday,1.0,83.0,100.0,0.57,A Tiempo,Madrugada,False
2025-11-24 13:22:51.022536,Ruta 1 - Centro,143,10.0,6,50,2025-11-24 13:15:00,2025-11-24 13:15:02.067371514,19.716098424685978,Monday,4.0,87.0,100.0,0.03,A Tiempo,Tarde,False
2025-11-25 10:22:51.022536,Ruta 4 - Este,143,8.0,3,60,2025-11-25 10:15:00,2025-11-25 10:18:06.344834028,27.055491056336397,Tuesday,5.0,92.0,100.0,3.11,Retraso Leve,Mañana,False
2025-11-25 12:02:51.022536,Ruta 5 - Oeste,143,9.0,2,60,2025-11-25 12:00:00,2025-11-25 12:00:24.381494202,24.24536302832137,Tuesday,7.0,99.0,100.0,0.41,A Tiempo,Mañana,False
2025-11-26 07:42:51.022536,Ruta 2 - Norte,143,5.0,8,40,2025-11-26 07:30:00,2025-11-26 07:31:30.029283803,28.6512850417796,Wednesday,-3.0,96.0,100.0,1.5,A Tiempo,Mañana,True
2025-11-26 13:22:51.022536,Ruta 1 - Centro,143,6.0,4,50,2025-11-26 13:15:00,2025-11-26 13:17:45.866539530,27.088980539749976,Wednesday,2.0,98.0,100.0,2.76,Retraso Leve,Tarde,False
2025-11-26 18:17:51.022536,Ruta 2 - Norte,143,6.0,5,40,2025-11-26 18:15:00,2025-11-26 18:15:07.407700890,28.00640342354228,Wednesday,1.0,99.0,100.0,0.12,A Tiempo,Tarde,True
2025-11-26 19:27:51.022536,Ruta 5 - Oeste,143,7.0,8,40,2025-11-26 19:15:00,2025-11-26 19:17:00.852166458,29.095522843335143,Wednesday,-1.0,98.0,100.0,2.01,Retraso Leve,Noche,True
2025-11-09 16:17:51.022536,Ruta 3 - Sur,144,7.0,5,50,2025-11-09 16:15:00,2025-11-09 16:18:26.198857392,29.16327014039062,Sunday,2.0,2.0,4.0,3.44,Retraso Leve,Tarde,False
2025-11-09 16:37:51.022536,Ruta 3 - Sur,144,8.0,3,50,2025-11-09 16:30:00,2025-11-09 16:30:52.070891850,24.96884685284247,Sunday,5.0,7.0,14.0,0.87,A Tiempo,Tarde,False
2025-11-09 19:47:51.022536,Ruta 4 - Este,144,7.0,7,50,2025-11-09 19:45:00,2025-11-09 19:45:10.892357700,27.61591716375372,Sunday,0.0,7.0,14.0,0.18,A Tiempo,Noche,True
2025-11-10 01:42:51.022536,Ruta 2 - Norte,144,7.0,6,40,2025-11-10 01:30:00,2025-11-10 01:33:47.415926040,29.391610091480707,Monday,1.0,8.0,20.0,3.79,Retraso Leve,Madrugada,False
2025-11-10 19:27:51.022536,Ruta 3 - Sur,144,6.0,8,40,2025-11-10 19:15:00,2025-11-10 19:19:48.589094700,26.78043474955075,Monday,-2.0,6.0,15.0,4.81,Retraso Leve,Noche,True
2025-11-11 12:27:51.022536,Ruta 1 - Centro,144,4.0,5,60,2025-11-11 12:15:00,2025-11-11 12:19:52.672671048,22.877901483469596,Tuesday,-1.0,5.0,8.33,4.88,Retraso Leve,Mañana,False
2025-11-12 13:42:51.022536,Ruta 5 - Oeste,144,5.0,7,60,2025-11-12 13:30:00,2025-11-12 13:35:08.574340656,24.325217609044607,Wednesday,-2.0,3.0,5.0,5.14,Retraso Grave,Tarde,False
2025-11-12 19:52:51.022536,Ruta 6 - Express,144,6.0,5,60,2025-11-12 19:45:00,2025-11-12 19:48:04.893095634,23.609546065191168,Wednesday,1.0,4.0,6.67,3.08,Retraso Leve,Noche,True
2025-11-12 20:57:51.022536,Ruta 3 - Sur,144,2.0,7,50,2025-11-12 20:45:00,2025-11-12 20:45:09.963072486,21.9774425261859,Wednesday,-5.0,0.0,0.0,0.17,A Tiempo,Noche,False
2025-11-12 22:17:51.022536,Ruta 5 - Oeste,144,9.0,2,60,2025-11-12 22:15:00,2025-11-12 22:15:42.444448260,19.950347201702968,Wednesday,7.0,6.0,10.0,0.71,A Tiempo,Noche,False
2025-11-13 04:57:51.022536,Ruta 1 - Centro,144,10.0,6,40,2025-11-13 04:45:00,2025-11-13 04:45:06.229949298,19.20380102862081,Thursday,4.0,10.0,25.0,0.1,A Tiempo,Madrugada,False
2025-11-13 12:32:51.022536,Ruta 1 - Centro,144,5.0,8,50,2025-11-13 12:30:00,2025-11-13 12:30:21.487244316,24.22129921251586,Thursday,-3.0,7.0,14.0,0.36,A Tiempo,Mañana,False
2025-11-14 03:22:51.022536,Ruta 5 - Oeste,144,5.0,8,60,2025-11-14 03:15:00,2025-11-14 03:15:09.792798876,26.506569990265465,Friday,-3.0,4.0,6.67,0.16,A Tiempo,Madrugada,False
2025-11-14 04:17:51.022536,Ruta 1 - Centro,144,6.0,6,40,2025-11-14 04:15:00,2025-11-14 04:15:49.272780432,16.8714780048695,Friday,0.0,4.0,10.0,0.82,A Tiempo,Madrugada,False
2025-11-14 09:22:51.022536,Ruta 4 - Este,144,6.0,1,50,2025-11-14 09:15:00,2025-11-14 09:15:01.768519122,26.70949125464328,Friday,5.0,9.0,18.0,0.03,A Tiempo,Mañana,True
2025-11-14 13:27:51.022536,Ruta 2 - Norte,144,10.0,7,40,2025-11-14 13:15:00,2025-11-14 13:20:43.020783996,26.41074598125987,Friday,3.0,12.0,30.0,5.72,Retraso Grave,Tarde,False
2025-11-14 20:12:51.022536,Ruta 2 - Norte,144,5.0,5,50,2025-11-14 20:00:00,2025-11-14 20:03:01.872752454,31.415429396049117,Friday,0.0,12.0,24.0,3.03,Retraso Leve,Noche,False
2025-11-14 21:57:51.022536,Ruta 6 - Express,144,7.0,3,40,2025-11-14 21:45:00,2025-11-14 21:45:24.090819492,28.11637324390019,Friday,4.0,16.0,40.0,0.4,A Tiempo,Noche,False
2025-11-15 10:32:51.022536,Ruta 1 - Centro,144,12.0,5,60,2025-11-15 10:30:00,2025-11-15 10:32:13.663681374,20.159001692778887,Saturday,7.0,23.0,38.33,2.23,Retraso Leve,Mañana,False
2025-11-15 13:37:51.022536,Ruta 2 - Norte,144,2.0,11,60,2025-11-15 13:30:00,2025-11-15 13:30:32.453938013,26.75498005253572,Saturday,-9.0,14.0,23.33,0.54,A Tiempo,Tarde,False
2025-11-15 19:32:51.022536,Ruta 5 - Oeste,144,10.0,5,40,2025-11-15 19:30:00,2025-11-15 19:33:45.568526400,30.844991611041277,Saturday,5.0,19.0,47.5,3.76,Retraso Leve,Noche,True
2025-11-15 20:17:51.022536,Ruta 4 - Este,144,9.0,5,50,2025-11-15 20:15:00,2025-11-15 20:23:04.697953176,29.964404272054125,Saturday,4.0,23.0,46.0,8.08,Retraso Grave,Noche,False
2025-11-15 21:17:51.022536,Ruta 4 - Este,144,11.0,3,60,2025-11-15 21:15:00,2025-11-15 21:17:05.993055804,32.56538027899213,Saturday,8.0,31.0,51.67,2.1,Retraso Leve,Noche,False
2025-11-16 00:27:51.022536,Ruta 5 - Oeste,144,6.0,7,60,2025-11-16 00:15:00,2025-11-16 00:17:04.127447214,25.010459441609317,Sunday,-1.0,30.0,50.0,2.07,Retraso Leve,Madrugada,False
2025-11-16 02:42:51.022536,Ruta 4 - Este,144,7.0,12,50,2025-11-16 02:30:00,2025-11-16 02:33:04.928096532,30.061400067329657,Sunday,-5.0,25.0,50.0,3.08,Retraso Leve,Madrugada,False
2025-11-16 04:27:51.022536,Ruta 3 - Sur,144,8.0,7,40,2025-11-16 04:15:00,2025-11-16 04:15:04.062339323,36.61975384841522,Sunday,1.0,26.0,65.0,0.07,A Tiempo,Madrugada,False
2025-11-16 05:52:51.022536,Ruta 1 - Centro,144,10.0,6,40,2025-11-16 05:45:00,2025-11-16 05:45:12.234978306,37.967596499594,Sunday,4.0,30.0,75.0,0.2,A Tiempo,Madrugada,False
2025-11-16 07:22:51.022536,Ruta 3 - Sur,144,11.0,7,60,2025-11-16 07:15:00,2025-11-16 07:15:43.211789298,15.861664141109475,Sunday,4.0,34.0,56.67,0.72,A Tiempo,Mañana,True
2025-11-16 09:22:51.022536,Ruta 2 - Norte,144,4.0,8,50,2025-11-16 09:15:00,2025-11-16 09:21:04.903379766,24.005793853693326,Sunday,-4.0,30.0,60.0,6.08,Retraso Grave,Mañana,True
2025-11-16 19:42:51.022536,Ruta 3 - Sur,144,10.0,4,50,2025-11-16 19:30:00,2025-11-16 19:31:19.167468000,22.63879972711085,Sunday,6.0,36.0,72.0,1.32,A Tiempo,Noche,True
2025-11-18 00:37:51.022536,Ruta 3 - Sur,144,9.0,5,50,2025-11-18 00:30:00,2025-11-18 00:30:42.172594680,24.926981528613386,Tuesday,4.0,40.0,80.0,0.7,A Tiempo,Madrugada,False
2025-11-18 09:02:51.022536,Ruta 4 - Este,144,9.0,3,40,2025-11-18 09:00:00,2025-11-18 09:00:04.452609936,26.920810090555133,Tuesday,6.0,46.0,100.0,0.07,A Tiempo,Mañana,True
2025-11-18 11:37:51.022536,Ruta 3 - Sur,144,5.0,3,40,2025-11-18 11:30:00,2025-11-18 11:30:12.335099532,27.559484413796667,Tuesday,2.0,48.0,100.0,0.21,A Tiempo,Mañana,False
2025-11-18 18:27:51.022536,Ruta 4 - Este,144,5.0,5,50,2025-11-18 18:15:00,2025-11-18 18:15:43.747720734,30.98314028629682,Tuesday,0.0,48.0,96.0,0.73,A Tiempo,Tarde,True
2025-11-20 03:07:51.022536,Ruta 6 - Express,144,9.0,4,40,2025-11-20 03:00:00,2025-11-20 03:01:25.808223468,21.686946190641542,Thursday,5.0,53.0,100.0,1.43,A Tiempo,Madrugada,False
2025-11-20 10:17:51.022536,Ruta 6 - Express,144,9.0,9,50,2025-11-20 10:15:00,2025-11-20 10:17:07.863321780,27.67655611540153,Thursday,0.0,53.0,100.0,2.13,Retraso Leve,Mañana,False
2025-11-20 21:42:51.022536,Ruta 6 - Express,144,10.0,8,40,2025-11-20 21:30:00,2025-11-20 21:30:01.479787536,19.908856687029825,Thursday,2.0,55.0,100.0,0.02,A Tiempo,Noche,False
2025-11-21 08:02:51.022536,Ruta 1 - Centro,144,14.0,2,60,2025-11-21 08:00:00,2025-11-21 08:00:38.596106052,18.21910803693092,Friday,12.0,67.0,100.0,0.64,A Tiempo,Mañana,True
2025-11-21 15:57:51.022536,Ruta 3 - Sur,144,8.0,5,50,2025-11-21 15:45:00,2025-11-21 15:52:22.352196810,21.58344912664389,Friday,3.0,70.0,100.0,7.37,Retraso Grave,Tarde,False
2025-11-21 18:27:51.022536,Ruta 6 - Express,144,12.0,12,60,2025-11-21 18:15:00,2025-11-21 18:24:00.291768888,22.92612032117723,Friday,0.0,70.0,100.0,9.0,Retraso Grave,Tarde,True
2025-11-21 22:27:51.022536,Ruta 4 - Este,144,3.0,0,60,2025-11-21 22:15:00,2025-11-21 22:15:14.930708016,30.74810897494958,Friday,3.0,73.0,100.0,0.25,A Tiempo,Noche,False
2025-11-22 16:17:51.022536,Ruta 4 - Este,144,7.0,5,60,2025-11-22 16:15:00,2025-11-22 16:15:19.558414272,22.244040530100776,Saturday,2.0,75.0,100.0,0.33,A Tiempo,Tarde,False
2025-11-23 03:17:51.022536,Ruta 6 - Express,144,7.0,5,60,2025-11-23 03:15:00,2025-11-23 03:16:09.396180654,29.554755670935,Sunday,2.0,77.0,100.0,1.16,A Tiempo,Madrugada,False
2025-11-23 05:47:51.022536,Ruta 2 - Norte,144,5.0,7,60,2025-11-23 05:45:00,2025-11-23 05:47:10.121578320,22.990639419463943,Sunday,-2.0,75.0,100.0,2.17,Retraso Leve,Madrugada,False
2025-11-23 07:27:51.022536,Ruta 6 - Express,144,6.0,7,40,2025-11-23 07:15:00,2025-11-23 07:15:04.220236566,25.153835645488275,Sunday,-1.0,74.0,100.0,0.07,A Tiempo,Mañana,True
2025-11-24 01:22:51.022536,Ruta 3 - Sur,144,4.0,4,50,2025-11-24 01:15:00,2025-11-24 01:15:20.359579920,29.497213241725166,Monday,0.0,74.0,100.0,0.34,A Tiempo,Madrugada,False
2025-11-24 05:37:51.022536,Ruta 5 - Oeste,144,10.0,8,60,2025-11-24 05:30:00,2025-11-24 05:31:38.947563720,27.565231185291143,Monday,2.0,76.0,100.0,1.65,A Tiempo,Madrugada,False
2025-11-24 08:52:51.022536,Ruta 5 - Oeste,144,10.0,6,40,2025-11-24 08:45:00,2025-11-24 08:48:34.785083946,20.73967024469185,Monday,4.0,80.0,100.0,3.58,Retraso Leve,Mañana,True
2025-11-24 22:42:51.022536,Ruta 5 - Oeste,144,7.0,4,40,2025-11-24 22:30:00,2025-11-24 22:30:15.527239553,22.008236806834443,Monday,3.0,83.0,100.0,0.26,A Tiempo,Noche,False
2025-11-25 17:52:51.022536,Ruta 6 - Express,144,7.0,9,60,2025-11-25 17:45:00,2025-11-25 17:46:45.237495780,34.05979209682859,Tuesday,-2.0,81.0,100.0,1.75,A Tiempo,Tarde,True
2025-11-26 20:07:51.022536,Ruta 1 - Centro,144,9.0,4,60,2025-11-26 20:00:00,2025-11-26 20:02:41.467549608,20.450638456822933,Wednesday,5.0,86.0,100.0,2.69,Retraso Leve,Noche,False
2025-11-10 04:37:51.022536,Ruta 5 - Oeste,145,8.0,6,60,2025-11-10 04:30:00,2025-11-10 04:30:40.322279640,20.618186017604387,Monday,2.0,2.0,3.33,0.67,A Tiempo,Madrugada,False
2025-11-10 15:32:51.022536,Ruta 3 - Sur,145,7.0,6,60,2025-11-10 15:30:00,2025-11-10 15:30:43.899947922,31.210281385841977,Monday,1.0,3.0,5.0,0.73,A Tiempo,Tarde,False
2025-11-10 19:07:51.022536,Ruta 6 - Express,145,6.0,6,40,2025-11-10 19:00:00,2025-11-10 19:00:02.837551728,25.83548875336108,Monday,0.0,3.0,7.5,0.05,A Tiempo,Noche,True
2025-11-11 02:07:51.022536,Ruta 2 - Norte,145,10.0,4,60,2025-11-11 02:00:00,2025-11-11 02:02:32.203582409,33.09976891538331,Tuesday,6.0,9.0,15.0,2.54,Retraso Leve,Madrugada,False
2025-11-11 13:57:51.022536,Ruta 2 - Norte,145,8.0,6,60,2025-11-11 13:45:00,2025-11-11 13:46:12.861947946,32.27715027592978,Tuesday,2.0,11.0,18.33,1.21,A Tiempo,Tarde,False
2025-11-12 06:07:51.022536,Ruta 1 - Centro,145,7.0,6,50,2025-11-12 06:00:00,2025-11-12 06:01:59.094436728,23.331590673531736,Wednesday,1.0,12.0,24.0,1.98,A Tiempo,Madrugada,False
2025-11-13 07:52:51.022536,Ruta 6 - Express,145,8.0,4,60,2025-11-13 07:45:00,2025-11-13 07:46:30.552499716,27.43735465751837,Thursday,4.0,16.0,26.67,1.51,A Tiempo,Mañana,True
2025-11-13 10:32:51.022536,Ruta 3 - Sur,145,5.0,6,50,2025-11-13 10:30:00,2025-11-13 10:30:13.450995012,25.02914160980676,Thursday,-1.0,15.0,30.0,0.22,A Tiempo,Mañana,False
2025-11-13 17:57:51.022536,Ruta 3 - Sur,145,14.0,5,50,2025-11-13 17:45:00,2025-11-13 17:47:41.725206222,30.732554385956306,Thursday,9.0,24.0,48.0,2.7,Retraso Leve,Tarde,True
2025-11-14 06:17:51.022536,Ruta 6 - Express,145,13.0,6,60,2025-11-14 06:15:00,2025-11-14 06:15:19.912385490,22.335019990785465,Friday,7.0,31.0,51.67,0.33,A Tiempo,Madrugada,False
2025-11-14 11:07:51.022536,Ruta 2 - Norte,145,9.0,8,50,2025-11-14 11:00:00,2025-11-14 11:04:25.910806452,19.09647296851735,Friday,1.0,32.0,64.0,4.43,Retraso Leve,Mañana,False
2025-11-14 17:07:51.022536,Ruta 1 - Centro,145,8.0,8,50,2025-11-14 17:00:00,2025-11-14 17:06:35.090221110,8.039611827226619,Friday,0.0,32.0,64.0,6.58,Retraso Grave,Tarde,True
2025-11-14 18:47:51.022536,Ruta 3 - Sur,145,8.0,7,60,2025-11-14 18:45:00,2025-11-14 18:45:48.739132014,29.436197661046258,Friday,1.0,33.0,55.0,0.81,A Tiempo,Tarde,True
2025-11-15 03:12:51.022536,Ruta 2 - Norte,145,14.0,4,50,2025-11-15 03:00:00,2025-11-15 03:02:09.490145640,31.117589589507816,Saturday,10.0,43.0,86.0,2.16,Retraso Leve,Madrugada,False
2025-11-15 18:42:51.022536,Ruta 4 - Este,145,10.0,2,60,2025-11-15 18:30:00,2025-11-15 18:32:19.951871778,18.01340910198254,Saturday,8.0,51.0,85.0,2.33,Retraso Leve,Tarde,True
2025-11-16 00:32:51.022536,Ruta 3 - Sur,145,10.0,4,40,2025-11-16 00:30:00,2025-11-16 00:30:32.417780082,26.263695745601225,Sunday,6.0,57.0,100.0,0.54,A Tiempo,Madrugada,False
2025-11-16 21:07:51.022536,Ruta 5 - Oeste,145,7.0,7,60,2025-11-16 21:00:00,2025-11-16 21:00:32.203923510,23.639773583696943,Sunday,0.0,57.0,95.0,0.54,A Tiempo,Noche,False
2025-11-17 22:37:51.022536,Ruta 3 - Sur,145,8.0,6,50,2025-11-17 22:30:00,2025-11-17 22:30:00.121185960,22.64691910290027,Monday,2.0,59.0,100.0,0.0,A Tiempo,Noche,False
2025-11-18 13:42:51.022536,Ruta 3 - Sur,145,6.0,13,40,2025-11-18 13:30:00,2025-11-18 13:31:24.659133306,21.260868686910385,Tuesday,-7.0,52.0,100.0,1.41,A Tiempo,Tarde,False
2025-11-18 15:52:51.022536,Ruta 2 - Norte,145,5.0,14,60,2025-11-18 15:45:00,2025-11-18 15:45:10.391429862,21.83669661769848,Tuesday,-9.0,43.0,71.67,0.17,A Tiempo,Tarde,False
2025-11-18 15:57:51.022536,Ruta 4 - Este,145,7.0,6,40,2025-11-18 15:45:00,2025-11-18 15:46:06.030789222,28.49352850898881,Tuesday,1.0,44.0,100.0,1.1,A Tiempo,Tarde,False
2025-11-18 21:37:51.022536,Ruta 5 - Oeste,145,9.0,5,50,2025-11-18 21:30:00,2025-11-18 21:34:03.472626852,28.00914830664834,Tuesday,4.0,48.0,96.0,4.06,Retraso Leve,Noche,False
2025-11-20 04:32:51.022536,Ruta 6 - Express,145,11.0,4,60,2025-11-20 04:30:00,2025-11-20 04:30:38.529164826,23.126760599156707,Thursday,7.0,55.0,91.67,0.64,A Tiempo,Madrugada,False
2025-11-21 02:07:51.022536,Ruta 3 - Sur,145,8.0,8,40,2025-11-21 02:00:00,2025-11-21 02:03:15.196713990,20.392896867326552,Friday,0.0,55.0,100.0,3.25,Retraso Leve,Madrugada,False
2025-11-21 12:42:51.022536,Ruta 6 - Express,145,3.0,2,60,2025-11-21 12:30:00,2025-11-21 12:32:55.948108494,27.57054607559816,Friday,1.0,56.0,93.33,2.93,Retraso Leve,Mañana,False
2025-11-22 02:12:51.022536,Ruta 4 - Este,145,9.0,10,50,2025-11-22 02:00:00,2025-11-22 02:02:41.341073916,24.942088187093397,Saturday,-1.0,55.0,100.0,2.69,Retraso Leve,Madrugada,False
2025-11-22 07:47:51.022536,Ruta 4 - Este,145,3.0,5,60,2025-11-22 07:45:00,2025-11-22 07:47:00.384876876,23.02569141410771,Saturday,-2.0,53.0,88.33,2.01,Retraso Leve,Mañana,True
2025-11-22 09:07:51.022536,Ruta 6 - Express,145,1.0,4,60,2025-11-22 09:00:00,2025-11-22 09:00:57.701364852,20.044075832907936,Saturday,-3.0,50.0,83.33,0.96,A Tiempo,Mañana,True
2025-11-22 12:57:51.022536,Ruta 3 - Sur,145,10.0,4,40,2025-11-22 12:45:00,2025-11-22 12:45:33.931125204,26.19075854131856,Saturday,6.0,56.0,100.0,0.57,A Tiempo,Mañana,False
2025-11-22 15:47:51.022536,Ruta 5 - Oeste,145,9.0,4,60,2025-11-22 15:45:00,2025-11-22 15:47:38.163155538,28.40005860692176,Saturday,5.0,61.0,100.0,2.64,Retraso Leve,Tarde,False
2025-11-23 08:52:51.022536,Ruta 2 - Norte,145,4.0,4,60,2025-11-23 08:45:00,2025-11-23 08:49:26.478965412,22.709141669955667,Sunday,0.0,61.0,100.0,4.44,Retraso Leve,Mañana,True
2025-11-23 13:32:51.022536,Ruta 2 - Norte,145,9.0,4,40,2025-11-23 13:30:00,2025-11-23 13:31:08.198720789,16.125858417701874,Sunday,5.0,66.0,100.0,1.14,A Tiempo,Tarde,False
2025-11-23 19:22:51.022536,Ruta 3 - Sur,145,5.0,11,60,2025-11-23 19:15:00,2025-11-23 19:16:59.747461098,29.470958502374717,Sunday,-6.0,60.0,100.0,2.0,A Tiempo,Noche,True
2025-11-24 02:07:51.022536,Ruta 1 - Centro,145,7.0,6,40,2025-11-24 02:00:00,2025-11-24 02:00:28.599595578,22.33566638558864,Monday,1.0,61.0,100.0,0.48,A Tiempo,Madrugada,False
2025-11-24 06:12:51.022536,Ruta 6 - Express,145,8.0,6,50,2025-11-24 06:00:00,2025-11-24 06:02:22.814462736,16.501046121757433,Monday,2.0,63.0,100.0,2.38,Retraso Leve,Madrugada,False
2025-11-24 07:37:51.022536,Ruta 2 - Norte,145,7.0,6,40,2025-11-24 07:30:00,2025-11-24 07:39:56.670886002,25.317780440729603,Monday,1.0,64.0,100.0,9.94,Retraso Grave,Mañana,True
2025-11-24 13:02:51.022536,Ruta 3 - Sur,145,12.0,12,60,2025-11-24 13:00:00,2025-11-24 13:01:33.579891611,34.08378066920774,Monday,0.0,64.0,100.0,1.56,A Tiempo,Tarde,False
2025-11-24 23:22:51.022536,Ruta 6 - Express,145,10.0,7,50,2025-11-24 23:15:00,2025-11-24 23:17:52.298079354,23.30864964512316,Monday,3.0,67.0,100.0,2.87,Retraso Leve,Noche,False
2025-11-25 23:37:51.022536,Ruta 6 - Express,145,8.0,4,40,2025-11-25 23:30:00,2025-11-25 23:31:32.098808784,27.58392097196924,Tuesday,4.0,71.0,100.0,1.53,A Tiempo,Noche,False
2025-11-25 23:52:51.022536,Ruta 2 - Norte,145,7.0,2,40,2025-11-25 23:45:00,2025-11-25 23:46:45.937118718,24.1125859675314,Tuesday,5.0,76.0,100.0,1.77,A Tiempo,Noche,False
2025-11-26 00:32:51.022536,Ruta 5 - Oeste,145,6.0,4,40,2025-11-26 00:30:00,2025-11-26 00:31:01.800473322,31.09622163148682,Wednesday,2.0,78.0,100.0,1.03,A Tiempo,Madrugada,False
2025-11-26 03:12:51.022536,Ruta 6 - Express,145,10.0,5,60,2025-11-26 03:00:00,2025-11-26 03:01:53.780646336,28.64510505150657,Wednesday,5.0,83.0,100.0,1.9,A Tiempo,Madrugada,False
2025-11-26 17:02:51.022536,Ruta 3 - Sur,145,3.0,3,60,2025-11-26 17:00:00,2025-11-26 17:00:57.377742204,21.35409313951751,Wednesday,0.0,83.0,100.0,0.96,A Tiempo,Tarde,True
2025-11-26 18:42:51.022536,Ruta 2 - Norte,145,11.0,5,60,2025-11-26 18:30:00,2025-11-26 18:32:19.827895020,23.141665548743667,Wednesday,6.0,89.0,100.0,2.33,Retraso Leve,Tarde,True
2025-11-10 15:17:51.022536,Ruta 3 - Sur,146,8.0,2,40,2025-11-10 15:15:00,2025-11-10 15:15:28.255191036,22.81288928534636,Monday,6.0,6.0,15.0,0.47,A Tiempo,Tarde,False
2025-11-12 03:42:51.022536,Ruta 6 - Express,146,9.0,5,50,2025-11-12 03:30:00,2025-11-12 03:30:23.521520370,22.952869943668944,Wednesday,4.0,10.0,20.0,0.39,A Tiempo,Madrugada,False
2025-11-12 06:37:51.022536,Ruta 5 - Oeste,146,8.0,1,60,2025-11-12 06:30:00,2025-11-12 06:30:55.041345324,14.244120882705287,Wednesday,7.0,17.0,28.33,0.92,A Tiempo,Madrugada,False
2025-11-12 12:57:51.022536,Ruta 6 - Express,146,7.0,10,40,2025-11-12 12:45:00,2025-11-12 12:46:25.125546012,30.72203364963925,Wednesday,-3.0,14.0,35.0,1.42,A Tiempo,Mañana,False
2025-11-12 15:32:51.022536,Ruta 2 - Norte,146,6.0,10,50,2025-11-12 15:30:00,2025-11-12 15:30:51.363566988,19.316109613650337,Wednesday,-4.0,10.0,20.0,0.86,A Tiempo,Tarde,False
2025-11-13 02:47:51.022536,Ruta 1 - Centro,146,6.0,4,40,2025-11-13 02:45:00,2025-11-13 02:48:47.182625028,21.36656135486949,Thursday,2.0,12.0,30.0,3.79,Retraso Leve,Madrugada,False
2025-11-13 02:57:51.022536,Ruta 5 - Oeste,146,7.0,7,60,2025-11-13 02:45:00,2025-11-13 02:46:53.175470808,27.88771670598,Thursday,0.0,12.0,20.0,1.89,A Tiempo,Madrugada,False
2025-11-13 06:32:51.022536,Ruta 1 - Centro,146,6.0,4,40,2025-11-13 06:30:00,2025-11-13 06:31:13.773687834,21.3124314396459,Thursday,2.0,14.0,35.0,1.23,A Tiempo,Madrugada,False
2025-11-13 09:17:51.022536,Ruta 3 - Sur,146,6.0,6,50,2025-11-13 09:15:00,2025-11-13 09:15:10.668302340,23.90361737553222,Thursday,0.0,14.0,28.0,0.18,A Tiempo,Mañana,True
2025-11-13 10:27:51.022536,Ruta 3 - Sur,146,7.0,6,50,2025-11-13 10:15:00,2025-11-13 10:16:47.869075296,30.362935732758128,Thursday,1.0,15.0,30.0,1.8,A Tiempo,Mañana,False
2025-11-13 19:32:51.022536,Ruta 3 - Sur,146,7.0,6,60,2025-11-13 19:30:00,2025-11-13 19:31:16.028318244,32.15717135469489,Thursday,1.0,16.0,26.67,1.27,A Tiempo,Noche,True
2025-11-13 22:42:51.022536,Ruta 5 - Oeste,146,8.0,5,40,2025-11-13 22:30:00,2025-11-13 22:30:14.169261342,29.26642347679578,Thursday,3.0,19.0,47.5,0.24,A Tiempo,Noche,False
2025-11-14 17:47:51.022536,Ruta 1 - Centro,146,11.0,4,50,2025-11-14 17:45:00,2025-11-14 17:46:30.742334082,35.00652058702552,Friday,7.0,26.0,52.0,1.51,A Tiempo,Tarde,True
2025-11-14 22:17:51.022536,Ruta 5 - Oeste,146,11.0,6,50,2025-11-14 22:15:00,2025-11-14 22:15:14.081177364,24.630806164658274,Friday,5.0,31.0,62.0,0.23,A Tiempo,Noche,False
2025-11-15 02:32:51.022536,Ruta 1 - Centro,146,10.0,5,50,2025-11-15 02:30:00,2025-11-15 02:30:35.093340072,23.827988549603216,Saturday,5.0,36.0,72.0,0.58,A Tiempo,Madrugada,False
2025-11-15 13:12:51.022536,Ruta 1 - Centro,146,11.0,5,40,2025-11-15 13:00:00,2025-11-15 13:06:44.001437010,21.082519034808637,Saturday,6.0,42.0,100.0,6.73,Retraso Grave,Tarde,False
2025-11-15 20:22:51.022536,Ruta 6 - Express,146,5.0,4,60,2025-11-15 20:15:00,2025-11-15 20:19:34.086191945,21.068144831268484,Saturday,1.0,43.0,71.67,4.57,Retraso Leve,Noche,False
2025-11-16 03:02:51.022536,Ruta 3 - Sur,146,9.0,5,50,2025-11-16 03:00:00,2025-11-16 03:01:16.341593742,25.00713035124908,Sunday,4.0,47.0,94.0,1.27,A Tiempo,Madrugada,False
2025-11-17 02:02:51.022536,Ruta 5 - Oeste,146,8.0,3,50,2025-11-17 02:00:00,2025-11-17 02:02:43.148538474,35.28589342969769,Monday,5.0,52.0,100.0,2.72,Retraso Leve,Madrugada,False
2025-11-17 04:07:51.022536,Ruta 2 - Norte,146,8.0,7,40,2025-11-17 04:00:00,2025-11-17 04:00:44.508495198,20.78200629003064,Monday,1.0,53.0,100.0,0.74,A Tiempo,Madrugada,False
2025-11-17 15:27:51.022536,Ruta 4 - Este,146,8.0,10,40,2025-11-17 15:15:00,2025-11-17 15:15:30.087313667,31.01166941775172,Monday,-2.0,51.0,100.0,0.5,A Tiempo,Tarde,False
2025-11-17 16:42:51.022536,Ruta 3 - Sur,146,9.0,6,50,2025-11-17 16:30:00,2025-11-17 16:33:01.767650334,19.35104065470225,Monday,3.0,54.0,100.0,3.03,Retraso Leve,Tarde,False
2025-11-18 12:32:51.022536,Ruta 2 - Norte,146,11.0,6,60,2025-11-18 12:30:00,2025-11-18 12:30:28.385112588,27.404976450720987,Tuesday,5.0,59.0,98.33,0.47,A Tiempo,Mañana,False
2025-11-19 12:12:51.022536,Ruta 5 - Oeste,146,9.0,4,60,2025-11-19 12:00:00,2025-11-19 12:01:48.538934196,18.26490604497577,Wednesday,5.0,64.0,100.0,1.81,A Tiempo,Mañana,False
2025-11-19 14:02:51.022536,Ruta 1 - Centro,146,15.0,5,50,2025-11-19 14:00:00,2025-11-19 14:00:16.049283641,31.11555705103837,Wednesday,10.0,74.0,100.0,0.27,A Tiempo,Tarde,False
2025-11-20 17:07:51.022536,Ruta 3 - Sur,146,6.0,7,60,2025-11-20 17:00:00,2025-11-20 17:02:43.026275592,22.759687478252392,Thursday,-1.0,73.0,100.0,2.72,Retraso Leve,Tarde,True
2025-11-20 20:27:51.022536,Ruta 1 - Centro,146,4.0,3,60,2025-11-20 20:15:00,2025-11-20 20:16:54.803752140,23.292173505355777,Thursday,1.0,74.0,100.0,1.91,A Tiempo,Noche,False
2025-11-21 01:37:51.022536,Ruta 4 - Este,146,9.0,4,50,2025-11-21 01:30:00,2025-11-21 01:31:03.418231638,22.27210513473193,Friday,5.0,79.0,100.0,1.06,A Tiempo,Madrugada,False
2025-11-21 23:22:51.022536,Ruta 4 - Este,146,14.0,6,40,2025-11-21 23:15:00,2025-11-21 23:16:17.535875286,21.278103617627984,Friday,8.0,87.0,100.0,1.29,A Tiempo,Noche,False
2025-11-22 06:42:51.022536,Ruta 2 - Norte,146,6.0,4,60,2025-11-22 06:30:00,2025-11-22 06:31:46.564390590,30.51117210526404,Saturday,2.0,89.0,100.0,1.78,A Tiempo,Madrugada,False
2025-11-22 23:42:51.022536,Ruta 2 - Norte,146,13.0,6,40,2025-11-22 23:30:00,2025-11-22 23:36:31.111372368,37.03639785151631,Saturday,7.0,96.0,100.0,6.52,Retraso Grave,Noche,False
2025-11-23 10:12:51.022536,Ruta 4 - Este,146,9.0,9,40,2025-11-23 10:00:00,2025-11-23 10:01:55.769059260,27.830596373892543,Sunday,0.0,96.0,100.0,1.93,A Tiempo,Mañana,False
2025-11-24 11:32:51.022536,Ruta 2 - Norte,146,11.0,8,50,2025-11-24 11:30:00,2025-11-24 11:31:01.847175312,32.20355290844337,Monday,3.0,99.0,100.0,1.03,A Tiempo,Mañana,False
2025-11-24 13:17:51.022536,Ruta 3 - Sur,146,11.0,7,40,2025-11-24 13:15:00,2025-11-24 13:16:25.077020538,22.609955368476555,Monday,4.0,103.0,100.0,1.42,A Tiempo,Tarde,False
2025-11-24 22:52:51.022536,Ruta 1 - Centro,146,5.0,11,50,2025-11-24 22:45:00,2025-11-24 22:48:13.723311522,20.234669199084315,Monday,-6.0,97.0,100.0,3.23,Retraso Leve,Noche,False
2025-11-25 11:27:51.022536,Ruta 2 - Norte,146,10.0,5,50,2025-11-25 11:15:00,2025-11-25 11:16:26.074471446,20.823567873871568,Tuesday,5.0,102.0,100.0,1.43,A Tiempo,Mañana,False
2025-11-25 14:42:51.022536,Ruta 6 - Express,146,6.0,7,60,2025-11-25 14:30:00,2025-11-25 14:31:25.887835614,25.396564255439436,Tuesday,-1.0,101.0,100.0,1.43,A Tiempo,Tarde,False
2025-11-26 01:37:51.022536,Ruta 1 - Centro,146,9.0,10,50,2025-11-26 01:30:00,2025-11-26 01:31:00.020702208,19.22216413696181,Wednesday,-1.0,100.0,100.0,1.0,A Tiempo,Madrugada,False
2025-11-26 10:27:51.022536,Ruta 3 - Sur,146,11.0,6,50,2025-11-26 10:15:00,2025-11-26 10:15:34.250357082,22.168683019904933,Wednesday,5.0,105.0,100.0,0.57,A Tiempo,Mañana,False
2025-11-26 21:17:51.022536,Ruta 5 - Oeste,146,9.0,7,40,2025-11-26 21:15:00,2025-11-26 21:17:03.232109202,27.85781840629008,Wednesday,2.0,107.0,100.0,2.05,Retraso Leve,Noche,False
2025-11-26 22:27:51.022536,Ruta 3 - Sur,146,6.0,5,60,2025-11-26 22:15:00,2025-11-26 22:17:38.272220190,22.691274757657887,Wednesday,1.0,108.0,100.0,2.64,Retraso Leve,Noche,False
2025-11-09 19:17:51.022536,Ruta 3 - Sur,147,9.0,5,40,2025-11-09 19:15:00,2025-11-09 19:16:14.165891592,30.346419370570477,Sunday,4.0,4.0,10.0,1.24,A Tiempo,Noche,True
2025-11-10 04:47:51.022536,Ruta 3 - Sur,147,6.0,7,40,2025-11-10 04:45:00,2025-11-10 04:47:05.114654592,31.7430906818802,Monday,-1.0,3.0,7.5,2.09,Retraso Leve,Madrugada,False
2025-11-10 06:02:51.022536,Ruta 6 - Express,147,6.0,5,40,2025-11-10 06:00:00,2025-11-10 06:00:51.825317778,31.496659824467784,Monday,1.0,4.0,10.0,0.86,A Tiempo,Madrugada,False
2025-11-10 08:07:51.022536,Ruta 4 - Este,147,9.0,2,50,2025-11-10 08:00:00,2025-11-10 08:01:19.905860994,28.368679779168644,Monday,7.0,11.0,22.0,1.33,A Tiempo,Mañana,True
2025-11-10 10:52:51.022536,Ruta 6 - Express,147,6.0,9,40,2025-11-10 10:45:00,2025-11-10 10:48:40.551261414,23.69745234054755,Monday,-3.0,8.0,20.0,3.68,Retraso Leve,Mañana,False
2025-11-10 19:42:51.022536,Ruta 3 - Sur,147,8.0,5,40,2025-11-10 19:30:00,2025-11-10 19:35:03.891917340,22.301608706848494,Monday,3.0,11.0,27.5,5.06,Retraso Grave,Noche,True
2025-11-11 04:17:51.022536,Ruta 6 - Express,147,14.0,7,50,2025-11-11 04:15:00,2025-11-11 04:15:18.729862548,28.49968904298789,Tuesday,7.0,18.0,36.0,0.31,A Tiempo,Madrugada,False
2025-11-11 06:52:51.022536,Ruta 1 - Centro,147,8.0,6,50,2025-11-11 06:45:00,2025-11-11 06:47:18.978487842,32.574929747891304,Tuesday,2.0,20.0,40.0,2.32,Retraso Leve,Madrugada,False
2025-11-12 00:17:51.022536,Ruta 5 - Oeste,147,5.0,4,50,2025-11-12 00:15:00,2025-11-12 00:18:07.262268090,22.45206285646036,Wednesday,1.0,21.0,42.0,3.12,Retraso Leve,Madrugada,False
2025-11-12 04:32:51.022536,Ruta 6 - Express,147,5.0,2,50,2025-11-12 04:30:00,2025-11-12 04:31:03.065803194,23.58652615146684,Wednesday,3.0,24.0,48.0,1.05,A Tiempo,Madrugada,False
2025-11-12 17:47:51.022536,Ruta 4 - Este,147,10.0,7,60,2025-11-12 17:45:00,2025-11-12 17:45:16.663013706,16.375707077435607,Wednesday,3.0,27.0,45.0,0.28,A Tiempo,Tarde,True
2025-11-13 04:12:51.022536,Ruta 4 - Este,147,6.0,7,50,2025-11-13 04:00:00,2025-11-13 04:00:43.177224522,19.027304469047504,Thursday,-1.0,26.0,52.0,0.72,A Tiempo,Madrugada,False
2025-11-13 06:37:51.022536,Ruta 4 - Este,147,13.0,3,50,2025-11-13 06:30:00,2025-11-13 06:30:51.380359548,30.113260780563422,Thursday,10.0,36.0,72.0,0.86,A Tiempo,Madrugada,False
2025-11-14 00:37:51.022536,Ruta 6 - Express,147,8.0,9,40,2025-11-14 00:30:00,2025-11-14 00:30:56.451609456,25.44343427109229,Friday,-1.0,35.0,87.5,0.94,A Tiempo,Madrugada,False
2025-11-15 03:07:51.022536,Ruta 2 - Norte,147,8.0,7,60,2025-11-15 03:00:00,2025-11-15 03:01:07.444387758,31.065115743878835,Saturday,1.0,36.0,60.0,1.12,A Tiempo,Madrugada,False
2025-11-15 03:22:51.022536,Ruta 3 - Sur,147,7.0,9,40,2025-11-15 03:15:00,2025-11-15 03:16:14.999134650,18.323118487042272,Saturday,-2.0,34.0,85.0,1.25,A Tiempo,Madrugada,False
2025-11-15 19:22:51.022536,Ruta 2 - Norte,147,8.0,3,40,2025-11-15 19:15:00,2025-11-15 19:18:30.570669923,27.937727681242684,Saturday,5.0,39.0,97.5,3.51,Retraso Leve,Noche,True
2025-11-16 03:32:51.022536,Ruta 3 - Sur,147,9.0,10,40,2025-11-16 03:30:00,2025-11-16 03:31:04.539021252,32.19773850821475,Sunday,-1.0,38.0,95.0,1.08,A Tiempo,Madrugada,False
2025-11-16 09:47:51.022536,Ruta 6 - Express,147,9.0,6,60,2025-11-16 09:45:00,2025-11-16 09:46:46.011161448,24.74353521281615,Sunday,3.0,41.0,68.33,1.77,A Tiempo,Mañana,True
2025-11-16 22:12:51.022536,Ruta 5 - Oeste,147,8.0,4,50,2025-11-16 22:00:00,2025-11-16 22:02:37.637574468,28.949482081867657,Sunday,4.0,45.0,90.0,2.63,Retraso Leve,Noche,False
2025-11-17 01:37:51.022536,Ruta 4 - Este,147,8.0,8,50,2025-11-17 01:30:00,2025-11-17 01:31:59.302720284,32.987095320878524,Monday,0.0,45.0,90.0,1.99,A Tiempo,Madrugada,False
2025-11-17 01:47:51.022536,Ruta 6 - Express,147,9.0,8,60,2025-11-17 01:45:00,2025-11-17 01:45:04.101319260,28.21830481123172,Monday,1.0,46.0,76.67,0.07,A Tiempo,Madrugada,False
2025-11-18 08:42:51.022536,Ruta 1 - Centro,147,1.0,3,60,2025-11-18 08:30:00,2025-11-18 08:32:06.916272522,25.215841570253374,Tuesday,-2.0,44.0,73.33,2.12,Retraso Leve,Mañana,True
2025-11-18 20:22:51.022536,Ruta 3 - Sur,147,5.0,6,60,2025-11-18 20:15:00,2025-11-18 20:15:15.851800866,27.44326026453152,Tuesday,-1.0,43.0,71.67,0.26,A Tiempo,Noche,False
2025-11-18 21:12:51.022536,Ruta 5 - Oeste,147,7.0,9,40,2025-11-18 21:00:00,2025-11-18 21:03:39.548166606,26.483468107775103,Tuesday,-2.0,41.0,100.0,3.66,Retraso Leve,Noche,False
2025-11-18 23:37:51.022536,Ruta 5 - Oeste,147,4.0,6,60,2025-11-18 23:30:00,2025-11-18 23:30:19.272206778,26.25395111018323,Tuesday,-2.0,39.0,65.0,0.32,A Tiempo,Noche,False
2025-11-19 00:07:51.022536,Ruta 1 - Centro,147,9.0,4,40,2025-11-19 00:00:00,2025-11-19 00:00:23.620701564,27.592902328864227,Wednesday,5.0,44.0,100.0,0.39,A Tiempo,Madrugada,False
2025-11-19 10:17:51.022536,Ruta 4 - Este,147,13.0,8,60,2025-11-19 10:15:00,2025-11-19 10:16:10.479760368,30.946897088215582,Wednesday,5.0,49.0,81.67,1.17,A Tiempo,Mañana,False
2025-11-20 06:22:51.022536,Ruta 6 - Express,147,8.0,7,50,2025-11-20 06:15:00,2025-11-20 06:16:51.284581374,22.962545781778037,Thursday,1.0,50.0,100.0,1.85,A Tiempo,Madrugada,False
2025-11-21 05:32:51.022536,Ruta 1 - Centro,147,10.0,10,50,2025-11-21 05:30:00,2025-11-21 05:32:19.279164870,30.556613609638028,Friday,0.0,50.0,100.0,2.32,Retraso Leve,Madrugada,False
2025-11-21 09:37:51.022536,Ruta 2 - Norte,147,9.0,7,40,2025-11-21 09:30:00,2025-11-21 09:30:45.630427488,23.01400981967086,Friday,2.0,52.0,100.0,0.76,A Tiempo,Mañana,True
2025-11-21 11:57:51.022536,Ruta 4 - Este,147,10.0,4,50,2025-11-21 11:45:00,2025-11-21 11:47:44.336810160,21.21825646056557,Friday,6.0,58.0,100.0,2.74,Retraso Leve,Mañana,False
2025-11-21 20:52:51.022536,Ruta 5 - Oeste,147,8.0,5,40,2025-11-21 20:45:00,2025-11-21 20:53:31.201145454,21.17055345975228,Friday,3.0,61.0,100.0,8.52,Retraso Grave,Noche,False
2025-11-22 00:22:51.022536,Ruta 2 - Norte,147,5.0,8,60,2025-11-22 00:15:00,2025-11-22 00:15:42.443649972,30.409180595654128,Saturday,-3.0,58.0,96.67,0.71,A Tiempo,Madrugada,False
2025-11-22 10:47:51.022536,Ruta 3 - Sur,147,7.0,1,60,2025-11-22 10:45:00,2025-11-22 10:45:55.137726450,39.28701970906708,Saturday,6.0,64.0,100.0,0.92,A Tiempo,Mañana,False
2025-11-22 19:57:51.022536,Ruta 5 - Oeste,147,11.0,5,40,2025-11-22 19:45:00,2025-11-22 19:45:32.164113588,28.417289632579312,Saturday,6.0,70.0,100.0,0.54,A Tiempo,Noche,True
2025-11-23 00:57:51.022536,Ruta 4 - Este,147,10.0,8,50,2025-11-23 00:45:00,2025-11-23 00:51:28.299206550,23.010083224212345,Sunday,2.0,72.0,100.0,6.47,Retraso Grave,Madrugada,False
2025-11-23 18:57:51.022536,Ruta 6 - Express,147,9.0,8,60,2025-11-23 18:45:00,2025-11-23 18:46:20.327680326,26.07681138353059,Sunday,1.0,73.0,100.0,1.34,A Tiempo,Tarde,True
2025-11-23 21:32:51.022536,Ruta 2 - Norte,147,10.0,6,40,2025-11-23 21:30:00,2025-11-23 21:31:25.236425796,35.151993687733494,Sunday,4.0,77.0,100.0,1.42,A Tiempo,Noche,False
2025-11-23 23:22:51.022536,Ruta 3 - Sur,147,7.0,6,40,2025-11-23 23:15:00,2025-11-23 23:16:43.189095300,29.399681748671565,Sunday,1.0,78.0,100.0,1.72,A Tiempo,Noche,False
2025-11-24 01:32:51.022536,Ruta 6 - Express,147,7.0,11,40,2025-11-24 01:30:00,2025-11-24 01:30:11.800744974,24.0079641056711,Monday,-4.0,74.0,100.0,0.2,A Tiempo,Madrugada,False
2025-11-24 04:12:51.022536,Ruta 1 - Centro,147,7.0,3,40,2025-11-24 04:00:00,2025-11-24 04:00:26.278243074,27.76979121990619,Monday,4.0,78.0,100.0,0.44,A Tiempo,Madrugada,False
2025-11-24 10:37:51.022536,Ruta 2 - Norte,147,5.0,9,50,2025-11-24 10:30:00,2025-11-24 10:30:29.824342668,25.893339709318106,Monday,-4.0,74.0,100.0,0.5,A Tiempo,Mañana,False
2025-11-25 06:52:51.022536,Ruta 5 - Oeste,147,13.0,6,40,2025-11-25 06:45:00,2025-11-25 06:46:08.454700290,30.90041715163816,Tuesday,7.0,81.0,100.0,1.14,A Tiempo,Madrugada,False
2025-11-25 17:32:51.022536,Ruta 3 - Sur,147,6.0,8,60,2025-11-25 17:30:00,2025-11-25 17:30:07.413251820,17.237511310642176,Tuesday,-2.0,79.0,100.0,0.12,A Tiempo,Tarde,True
2025-11-25 17:47:51.022536,Ruta 2 - Norte,147,7.0,11,50,2025-11-25 17:45:00,2025-11-25 17:49:09.857667126,22.246514461065363,Tuesday,-4.0,75.0,100.0,4.16,Retraso Leve,Tarde,True
2025-11-25 19:52:51.022536,Ruta 2 - Norte,147,5.0,7,50,2025-11-25 19:45:00,2025-11-25 19:45:20.445743346,14.834276206184583,Tuesday,-2.0,73.0,100.0,0.34,A Tiempo,Noche,True
2025-11-26 00:07:51.022536,Ruta 6 - Express,147,6.0,7,50,2025-11-26 00:00:00,2025-11-26 00:01:38.133649122,41.09700186431876,Wednesday,-1.0,72.0,100.0,1.64,A Tiempo,Madrugada,False
2025-11-26 14:02:51.022536,Ruta 1 - Centro,147,2.0,8,50,2025-11-26 14:00:00,2025-11-26 14:09:29.808102438,26.60730876544949,Wednesday,-6.0,66.0,100.0,9.5,Retraso Grave,Tarde,False
2025-11-26 22:57:51.022536,Ruta 5 - Oeste,147,10.0,9,60,2025-11-26 22:45:00,2025-11-26 22:45:58.983348744,21.327858984004354,Wednesday,1.0,67.0,100.0,0.98,A Tiempo,Noche,False
2025-11-09 16:12:51.022536,Ruta 3 - Sur,148,6.0,6,50,2025-11-09 16:00:00,2025-11-09 16:00:16.903181202,28.11531177036954,Sunday,0.0,0.0,0.0,0.28,A Tiempo,Tarde,False
2025-11-09 18:42:51.022536,Ruta 6 - Express,148,12.0,6,40,2025-11-09 18:30:00,2025-11-09 18:30:02.844945360,28.23205892879464,Sunday,6.0,6.0,15.0,0.05,A Tiempo,Tarde,True
2025-11-10 08:42:51.022536,Ruta 1 - Centro,148,7.0,2,50,2025-11-10 08:30:00,2025-11-10 08:31:22.405687962,28.193823332542628,Monday,5.0,11.0,22.0,1.37,A Tiempo,Mañana,True
2025-11-10 17:27:51.022536,Ruta 6 - Express,148,6.0,5,50,2025-11-10 17:15:00,2025-11-10 17:16:00.195182202,34.22044051660417,Monday,1.0,12.0,24.0,1.0,A Tiempo,Tarde,True
2025-11-10 21:22:51.022536,Ruta 5 - Oeste,148,6.0,8,40,2025-11-10 21:15:00,2025-11-10 21:15:33.040842570,25.14262630738401,Monday,-2.0,10.0,25.0,0.55,A Tiempo,Noche,False
2025-11-11 00:32:51.022536,Ruta 2 - Norte,148,7.0,5,40,2025-11-11 00:30:00,2025-11-11 00:33:59.008777230,26.271209052376356,Tuesday,2.0,12.0,30.0,3.98,Retraso Leve,Madrugada,False
2025-11-11 11:12:51.022536,Ruta 3 - Sur,148,7.0,6,50,2025-11-11 11:00:00,2025-11-11 11:00:09.506664108,28.45135834143011,Tuesday,1.0,13.0,26.0,0.16,A Tiempo,Mañana,False
2025-11-11 12:37:51.022536,Ruta 3 - Sur,148,12.0,8,50,2025-11-11 12:30:00,2025-11-11 12:31:23.920108218,33.83387422370939,Tuesday,4.0,17.0,34.0,1.4,A Tiempo,Mañana,False
2025-11-11 20:57:51.022536,Ruta 2 - Norte,148,4.0,10,40,2025-11-11 20:45:00,2025-11-11 20:46:08.796488886,26.148229944302397,Tuesday,-6.0,11.0,27.5,1.15,A Tiempo,Noche,False
2025-11-11 21:17:51.022536,Ruta 6 - Express,148,11.0,5,40,2025-11-11 21:15:00,2025-11-11 21:15:38.877303750,22.63101416989609,Tuesday,6.0,17.0,42.5,0.65,A Tiempo,Noche,False
2025-11-11 22:42:51.022536,Ruta 4 - Este,148,9.0,4,60,2025-11-11 22:30:00,2025-11-11 22:30:09.065731230,25.764094378822723,Tuesday,5.0,22.0,36.67,0.15,A Tiempo,Noche,False
2025-11-12 05:22:51.022536,Ruta 2 - Norte,148,3.0,5,60,2025-11-12 05:15:00,2025-11-12 05:17:49.058893380,21.93933793417149,Wednesday,-2.0,20.0,33.33,2.82,Retraso Leve,Madrugada,False
2025-11-12 15:07:51.022536,Ruta 1 - Centro,148,9.0,4,50,2025-11-12 15:00:00,2025-11-12 15:00:22.587245442,17.06857537798534,Wednesday,5.0,25.0,50.0,0.38,A Tiempo,Tarde,False
2025-11-13 21:12:51.022536,Ruta 6 - Express,148,5.0,5,60,2025-11-13 21:00:00,2025-11-13 21:00:24.269346702,13.058743316970808,Thursday,0.0,25.0,41.67,0.4,A Tiempo,Noche,False
2025-11-14 19:42:51.022536,Ruta 5 - Oeste,148,10.0,6,40,2025-11-14 19:30:00,2025-11-14 19:31:38.446092468,25.98352445450065,Friday,4.0,29.0,72.5,1.64,A Tiempo,Noche,True
2025-11-15 10:17:51.022536,Ruta 3 - Sur,148,5.0,2,60,2025-11-15 10:15:00,2025-11-15 10:17:40.098999216,20.75574717272212,Saturday,3.0,32.0,53.33,2.67,Retraso Leve,Mañana,False
2025-11-15 23:02:51.022536,Ruta 3 - Sur,148,5.0,4,40,2025-11-15 23:00:00,2025-11-15 23:00:31.549004388,24.17264375144789,Saturday,1.0,33.0,82.5,0.53,A Tiempo,Noche,False
2025-11-16 04:37:51.022536,Ruta 4 - Este,148,6.0,10,50,2025-11-16 04:30:00,2025-11-16 04:30:16.795976424,25.9533645439752,Sunday,-4.0,29.0,58.0,0.28,A Tiempo,Madrugada,False
2025-11-16 07:27:51.022536,Ruta 5 - Oeste,148,9.0,6,50,2025-11-16 07:15:00,2025-11-16 07:15:16.938344670,24.21819179467636,Sunday,3.0,32.0,64.0,0.28,A Tiempo,Mañana,True
2025-11-16 18:12:51.022536,Ruta 2 - Norte,148,5.0,6,40,2025-11-16 18:00:00,2025-11-16 18:03:47.864785224,19.33216787274456,Sunday,-1.0,31.0,77.5,3.8,Retraso Leve,Tarde,True
2025-11-16 18:42:51.022536,Ruta 2 - Norte,148,14.0,2,40,2025-11-16 18:30:00,2025-11-16 18:36:13.473186828,20.60918681874068,Sunday,12.0,43.0,100.0,6.22,Retraso Grave,Tarde,True
2025-11-17 14:52:51.022536,Ruta 3 - Sur,148,3.0,7,50,2025-11-17 14:45:00,2025-11-17 14:45:14.213283378,23.454780886260544,Monday,-4.0,39.0,78.0,0.24,A Tiempo,Tarde,False
2025-11-18 12:02:51.022536,Ruta 2 - Norte,148,9.0,0,60,2025-11-18 12:00:00,2025-11-18 12:02:13.084545042,17.393174292199966,Tuesday,9.0,48.0,80.0,2.22,Retraso Leve,Mañana,False
2025-11-18 13:52:51.022536,Ruta 6 - Express,148,7.0,4,50,2025-11-18 13:45:00,2025-11-18 13:45:05.235090018,28.502306974008498,Tuesday,3.0,51.0,100.0,0.09,A Tiempo,Tarde,False
2025-11-18 14:52:51.022536,Ruta 4 - Este,148,4.0,10,60,2025-11-18 14:45:00,2025-11-18 14:46:57.151271034,17.345050907047984,Tuesday,-6.0,45.0,75.0,1.95,A Tiempo,Tarde,False
2025-11-18 15:12:51.022536,Ruta 4 - Este,148,9.0,4,60,2025-11-18 15:00:00,2025-11-18 15:00:06.974843214,27.173255304732404,Tuesday,5.0,50.0,83.33,0.12,A Tiempo,Tarde,False
2025-11-18 16:37:51.022536,Ruta 2 - Norte,148,9.0,6,40,2025-11-18 16:30:00,2025-11-18 16:38:25.945466118,22.31441360198574,Tuesday,3.0,53.0,100.0,8.43,Retraso Grave,Tarde,False
2025-11-18 19:22:51.022536,Ruta 3 - Sur,148,7.0,7,40,2025-11-18 19:15:00,2025-11-18 19:15:02.133511668,30.90357183342069,Tuesday,0.0,53.0,100.0,0.04,A Tiempo,Noche,True
2025-11-19 13:27:51.022536,Ruta 3 - Sur,148,9.0,4,60,2025-11-19 13:15:00,2025-11-19 13:20:26.742243024,23.07422767739938,Wednesday,5.0,58.0,96.67,5.45,Retraso Grave,Tarde,False
2025-11-20 04:52:51.022536,Ruta 1 - Centro,148,11.0,6,60,2025-11-20 04:45:00,2025-11-20 04:47:34.821967680,25.156224544128925,Thursday,5.0,63.0,100.0,2.58,Retraso Leve,Madrugada,False
2025-11-20 05:22:51.022536,Ruta 4 - Este,148,15.0,4,40,2025-11-20 05:15:00,2025-11-20 05:20:13.608409416,24.48141290825061,Thursday,11.0,74.0,100.0,5.23,Retraso Grave,Madrugada,False
2025-11-20 05:57:51.022536,Ruta 5 - Oeste,148,11.0,6,60,2025-11-20 05:45:00,2025-11-20 05:45:17.468790696,30.55441239497005,Thursday,5.0,79.0,100.0,0.29,A Tiempo,Madrugada,False
2025-11-20 06:52:51.022536,Ruta 2 - Norte,148,8.0,7,60,2025-11-20 06:45:00,2025-11-20 06:47:50.515940658,36.89836105859707,Thursday,1.0,80.0,100.0,2.84,Retraso Leve,Madrugada,False
2025-11-20 08:12:51.022536,Ruta 5 - Oeste,148,5.0,4,40,2025-11-20 08:00:00,2025-11-20 08:08:30.769118010,25.19430753199885,Thursday,1.0,81.0,100.0,8.51,Retraso Grave,Mañana,True
2025-11-20 13:17:51.022536,Ruta 6 - Express,148,16.0,1,50,2025-11-20 13:15:00,2025-11-20 13:18:58.094707134,24.91192213472322,Thursday,15.0,96.0,100.0,3.97,Retraso Leve,Tarde,False
2025-11-20 15:17:51.022536,Ruta 5 - Oeste,148,5.0,9,40,2025-11-20 15:15:00,2025-11-20 15:15:07.590831174,34.66455349269884,Thursday,-4.0,92.0,100.0,0.13,A Tiempo,Tarde,False
2025-11-21 01:22:51.022536,Ruta 2 - Norte,148,8.0,6,40,2025-11-21 01:15:00,2025-11-21 01:15:53.984688276,21.41290310073002,Friday,2.0,94.0,100.0,0.9,A Tiempo,Madrugada,False
2025-11-21 02:37:51.022536,Ruta 3 - Sur,148,5.0,9,60,2025-11-21 02:30:00,2025-11-21 02:30:11.351554440,23.835990366756658,Friday,-4.0,90.0,100.0,0.19,A Tiempo,Madrugada,False
2025-11-21 19:42:51.022536,Ruta 5 - Oeste,148,7.0,5,40,2025-11-21 19:30:00,2025-11-21 19:35:19.333671180,22.388809320134797,Friday,2.0,92.0,100.0,5.32,Retraso Grave,Noche,True
2025-11-22 05:02:51.022536,Ruta 3 - Sur,148,5.0,8,40,2025-11-22 05:00:00,2025-11-22 05:01:47.927685474,30.45639659871531,Saturday,-3.0,89.0,100.0,1.8,A Tiempo,Madrugada,False
2025-11-22 05:12:51.022536,Ruta 3 - Sur,148,7.0,4,60,2025-11-22 05:00:00,2025-11-22 05:00:48.128944452,27.79915606304674,Saturday,3.0,92.0,100.0,0.8,A Tiempo,Madrugada,False
2025-11-22 11:47:51.022536,Ruta 1 - Centro,148,4.0,4,60,2025-11-22 11:45:00,2025-11-22 11:45:54.242140134,16.338594063869323,Saturday,0.0,92.0,100.0,0.9,A Tiempo,Mañana,False
2025-11-22 19:42:51.022536,Ruta 2 - Norte,148,12.0,8,40,2025-11-22 19:30:00,2025-11-22 19:31:40.999562430,28.606811861659388,Saturday,4.0,96.0,100.0,1.68,A Tiempo,Noche,True
2025-11-23 00:47:51.022536,Ruta 1 - Centro,148,4.0,6,60,2025-11-23 00:45:00,2025-11-23 00:50:14.746948596,30.50846500005073,Sunday,-2.0,94.0,100.0,5.25,Retraso Grave,Madrugada,False
2025-11-23 03:27:51.022536,Ruta 2 - Norte,148,9.0,3,40,2025-11-23 03:15:00,2025-11-23 03:15:49.508258352,24.247678210792845,Sunday,6.0,100.0,100.0,0.83,A Tiempo,Madrugada,False
2025-11-23 05:07:51.022536,Ruta 3 - Sur,148,9.0,4,60,2025-11-23 05:00:00,2025-11-23 05:02:42.783816666,23.058364283058125,Sunday,5.0,105.0,100.0,2.71,Retraso Leve,Madrugada,False
2025-11-23 12:32:51.022536,Ruta 3 - Sur,148,7.0,2,60,2025-11-23 12:30:00,2025-11-23 12:30:01.529549832,20.11476284421954,Sunday,5.0,110.0,100.0,0.03,A Tiempo,Mañana,False
2025-11-23 17:27:51.022536,Ruta 4 - Este,148,9.0,3,50,2025-11-23 17:15:00,2025-11-23 17:19:17.918557584,22.969242534849062,Sunday,6.0,116.0,100.0,4.3,Retraso Leve,Tarde,True
2025-11-24 02:57:51.022536,Ruta 4 - Este,148,7.0,6,60,2025-11-24 02:45:00,2025-11-24 02:45:30.696521789,26.38482675839856,Monday,1.0,117.0,100.0,0.51,A Tiempo,Madrugada,False
2025-11-24 14:47:51.022536,Ruta 3 - Sur,148,7.0,6,40,2025-11-24 14:45:00,2025-11-24 14:46:55.259215602,18.822412521824223,Monday,1.0,118.0,100.0,1.92,A Tiempo,Tarde,False
2025-11-24 16:07:51.022536,Ruta 4 - Este,148,15.0,8,60,2025-11-24 16:00:00,2025-11-24 16:00:07.659681948,20.799601259012405,Monday,7.0,125.0,100.0,0.13,A Tiempo,Tarde,False
2025-11-25 02:22:51.022536,Ruta 6 - Express,148,10.0,12,40,2025-11-25 02:15:00,2025-11-25 02:15:33.345132078,20.50282472568377,Tuesday,-2.0,123.0,100.0,0.56,A Tiempo,Madrugada,False
2025-11-25 14:17:51.022536,Ruta 5 - Oeste,148,12.0,8,60,2025-11-25 14:15:00,2025-11-25 14:18:13.827081294,20.814111669357512,Tuesday,4.0,127.0,100.0,3.23,Retraso Leve,Tarde,False
2025-11-26 00:27:51.022536,Ruta 3 - Sur,148,6.0,10,50,2025-11-26 00:15:00,2025-11-26 00:16:13.575253752,21.441114718008148,Wednesday,-4.0,123.0,100.0,1.23,A Tiempo,Madrugada,False
2025-11-26 03:57:51.022536,Ruta 3 - Sur,148,9.0,3,40,2025-11-26 03:45:00,2025-11-26 03:48:57.433386882,13.32811697103713,Wednesday,6.0,129.0,100.0,3.96,Retraso Leve,Madrugada,False
2025-11-26 04:02:51.022536,Ruta 4 - Este,148,10.0,7,60,2025-11-26 04:00:00,2025-11-26 04:00:00.534938579,22.38354147581841,Wednesday,3.0,132.0,100.0,0.01,A Tiempo,Madrugada,False
2025-11-26 20:32:51.022536,Ruta 1 - Centro,148,10.0,6,50,2025-11-26 20:30:00,2025-11-26 20:32:51.799616460,22.30170469296853,Wednesday,4.0,136.0,100.0,2.86,Retraso Leve,Noche,False
2025-11-26 23:12:51.022536,Ruta 2 - Norte,148,11.0,7,50,2025-11-26 23:00:00,2025-11-26 23:00:21.872235732,34.19278403372564,Wednesday,4.0,140.0,100.0,0.36,A Tiempo,Noche,False
2025-11-26 23:42:51.022536,Ruta 6 - Express,148,14.0,8,40,2025-11-26 23:30:00,2025-11-26 23:31:05.216365950,27.435595619269503,Wednesday,6.0,146.0,100.0,1.09,A Tiempo,Noche,False
2025-11-10 00:22:51.022536,Ruta 1 - Centro,149,7.0,3,50,2025-11-10 00:15:00,2025-11-10 00:16:33.935228928,22.51857189243138,Monday,4.0,4.0,8.0,1.57,A Tiempo,Madrugada,False
2025-11-10 04:42:51.022536,Ruta 3 - Sur,149,2.0,4,50,2025-11-10 04:30:00,2025-11-10 04:31:48.362119146,21.737550490987424,Monday,-2.0,2.0,4.0,1.81,A Tiempo,Madrugada,False
2025-11-10 12:07:51.022536,Ruta 3 - Sur,149,6.0,5,50,2025-11-10 12:00:00,2025-11-10 12:01:09.508416942,25.985380310566462,Monday,1.0,3.0,6.0,1.16,A Tiempo,Mañana,False
2025-11-10 15:42:51.022536,Ruta 3 - Sur,149,3.0,4,50,2025-11-10 15:30:00,2025-11-10 15:31:04.378084728,17.491735061518597,Monday,-1.0,2.0,4.0,1.07,A Tiempo,Tarde,False
2025-11-10 15:52:51.022536,Ruta 6 - Express,149,9.0,2,60,2025-11-10 15:45:00,2025-11-10 15:46:26.945818218,30.09198807457585,Monday,7.0,9.0,15.0,1.45,A Tiempo,Tarde,False
2025-11-10 22:07:51.022536,Ruta 5 - Oeste,149,8.0,10,40,2025-11-10 22:00:00,2025-11-10 22:03:00.566721996,28.756785010738444,Monday,-2.0,7.0,17.5,3.01,Retraso Leve,Noche,False
2025-11-10 22:32:51.022536,Ruta 5 - Oeste,149,7.0,5,60,2025-11-10 22:30:00,2025-11-10 22:32:05.422070694,20.926141191318283,Monday,2.0,9.0,15.0,2.09,Retraso Leve,Noche,False
2025-11-11 20:32:51.022536,Ruta 3 - Sur,149,7.0,13,50,2025-11-11 20:30:00,2025-11-11 20:30:53.645388240,28.75983234106565,Tuesday,-6.0,3.0,6.0,0.89,A Tiempo,Noche,False
2025-11-12 04:02:51.022536,Ruta 6 - Express,149,6.0,7,40,2025-11-12 04:00:00,2025-11-12 04:00:14.070840102,30.531639920541217,Wednesday,-1.0,2.0,5.0,0.23,A Tiempo,Madrugada,False
2025-11-12 18:17:51.022536,Ruta 2 - Norte,149,6.0,7,50,2025-11-12 18:15:00,2025-11-12 18:15:15.600694884,24.90817447301821,Wednesday,-1.0,1.0,2.0,0.26,A Tiempo,Tarde,True
2025-11-13 14:27:51.022536,Ruta 1 - Centro,149,6.0,7,50,2025-11-13 14:15:00,2025-11-13 14:16:39.198581766,30.156997149764564,Thursday,-1.0,0.0,0.0,1.65,A Tiempo,Tarde,False
2025-11-13 18:47:51.022536,Ruta 3 - Sur,149,6.0,6,60,2025-11-13 18:45:00,2025-11-13 18:47:41.070482958,16.834711729945095,Thursday,0.0,0.0,0.0,2.68,Retraso Leve,Tarde,True
2025-11-13 20:27:51.022536,Ruta 1 - Centro,149,11.0,6,50,2025-11-13 20:15:00,2025-11-13 20:15:38.153147106,22.397188867330723,Thursday,5.0,5.0,10.0,0.64,A Tiempo,Noche,False
2025-11-14 23:37:51.022536,Ruta 6 - Express,149,12.0,6,40,2025-11-14 23:30:00,2025-11-14 23:32:46.299584952,24.449009266721088,Friday,6.0,11.0,27.5,2.77,Retraso Leve,Noche,False
2025-11-15 01:02:51.022536,Ruta 6 - Express,149,7.0,4,50,2025-11-15 01:00:00,2025-11-15 01:05:08.853737340,25.670812387025777,Saturday,3.0,14.0,28.0,5.15,Retraso Grave,Madrugada,False
2025-11-15 01:42:51.022536,Ruta 3 - Sur,149,7.0,9,40,2025-11-15 01:30:00,2025-11-15 01:32:20.512664964,17.993111383328372,Saturday,-2.0,12.0,30.0,2.34,Retraso Leve,Madrugada,False
2025-11-15 15:37:51.022536,Ruta 5 - Oeste,149,6.0,7,50,2025-11-15 15:30:00,2025-11-15 15:30:25.408974954,34.03188750406584,Saturday,-1.0,11.0,22.0,0.42,A Tiempo,Tarde,False
2025-11-16 03:27:51.022536,Ruta 4 - Este,149,5.0,7,60,2025-11-16 03:15:00,2025-11-16 03:15:49.505527428,17.71112897754298,Sunday,-2.0,9.0,15.0,0.83,A Tiempo,Madrugada,False
2025-11-16 15:32:51.022536,Ruta 1 - Centro,149,12.0,5,50,2025-11-16 15:30:00,2025-11-16 15:31:20.184595440,26.61365939441665,Sunday,7.0,16.0,32.0,1.34,A Tiempo,Tarde,False
2025-11-17 01:02:51.022536,Ruta 1 - Centro,149,12.0,7,40,2025-11-17 01:00:00,2025-11-17 01:03:10.611142794,12.534459773398623,Monday,5.0,21.0,52.5,3.18,Retraso Leve,Madrugada,False
2025-11-17 03:02:51.022536,Ruta 1 - Centro,149,6.0,2,50,2025-11-17 03:00:00,2025-11-17 03:02:59.039715162,30.97788269996245,Monday,4.0,25.0,50.0,2.98,Retraso Leve,Madrugada,False
2025-11-17 03:37:51.022536,Ruta 2 - Norte,149,7.0,3,50,2025-11-17 03:30:00,2025-11-17 03:31:57.737538768,28.650689147773143,Monday,4.0,29.0,58.0,1.96,A Tiempo,Madrugada,False
2025-11-17 07:27:51.022536,Ruta 6 - Express,149,9.0,6,50,2025-11-17 07:15:00,2025-11-17 07:18:12.080058954,29.29600920619069,Monday,3.0,32.0,64.0,3.2,Retraso Leve,Mañana,True
2025-11-17 23:27:51.022536,Ruta 1 - Centro,149,5.0,10,40,2025-11-17 23:15:00,2025-11-17 23:15:28.142228682,20.078965998554672,Monday,-5.0,27.0,67.5,0.47,A Tiempo,Noche,False
2025-11-18 10:17:51.022536,Ruta 1 - Centro,149,6.0,6,40,2025-11-18 10:15:00,2025-11-18 10:17:49.963738356,31.259875551679844,Tuesday,0.0,27.0,67.5,2.83,Retraso Leve,Mañana,False
2025-11-19 06:57:51.022536,Ruta 5 - Oeste,149,14.0,3,50,2025-11-19 06:45:00,2025-11-19 06:45:43.971426366,27.70916702025953,Wednesday,11.0,38.0,76.0,0.73,A Tiempo,Madrugada,False
2025-11-19 19:07:51.022536,Ruta 4 - Este,149,8.0,4,60,2025-11-19 19:00:00,2025-11-19 19:01:51.889163514,22.34039941979304,Wednesday,4.0,42.0,70.0,1.86,A Tiempo,Noche,True
2025-11-20 03:12:51.022536,Ruta 4 - Este,149,6.0,4,40,2025-11-20 03:00:00,2025-11-20 03:00:56.673256926,22.107104535414518,Thursday,2.0,44.0,100.0,0.94,A Tiempo,Madrugada,False
2025-11-20 14:37:51.022536,Ruta 3 - Sur,149,10.0,6,50,2025-11-20 14:30:00,2025-11-20 14:33:04.792795518,23.894720853449847,Thursday,4.0,48.0,96.0,3.08,Retraso Leve,Tarde,False
2025-11-21 06:42:51.022536,Ruta 4 - Este,149,7.0,4,40,2025-11-21 06:30:00,2025-11-21 06:33:39.358269426,25.119480887179524,Friday,3.0,51.0,100.0,3.66,Retraso Leve,Madrugada,False
2025-11-21 08:42:51.022536,Ruta 5 - Oeste,149,12.0,4,40,2025-11-21 08:30:00,2025-11-21 08:31:53.699004534,28.62639790866692,Friday,8.0,59.0,100.0,1.89,A Tiempo,Mañana,True
2025-11-21 17:52:51.022536,Ruta 4 - Este,149,7.0,6,40,2025-11-21 17:45:00,2025-11-21 17:45:19.043054256,28.660784071374437,Friday,1.0,60.0,100.0,0.32,A Tiempo,Tarde,True
2025-11-22 19:02:51.022536,Ruta 6 - Express,149,2.0,8,60,2025-11-22 19:00:00,2025-11-22 19:00:34.931986188,26.169093382201936,Saturday,-6.0,54.0,90.0,0.58,A Tiempo,Noche,True
2025-11-22 22:57:51.022536,Ruta 2 - Norte,149,15.0,4,60,2025-11-22 22:45:00,2025-11-22 22:48:59.098185270,17.766256693125055,Saturday,11.0,65.0,100.0,3.98,Retraso Leve,Noche,False
2025-11-23 15:47:51.022536,Ruta 4 - Este,149,13.0,8,60,2025-11-23 15:45:00,2025-11-23 15:45:13.533716196,24.387261430185188,Sunday,5.0,70.0,100.0,0.23,A Tiempo,Tarde,False
2025-11-23 19:27:51.022536,Ruta 1 - Centro,149,9.0,6,50,2025-11-23 19:15:00,2025-11-23 19:16:43.661801970,33.04752557084408,Sunday,3.0,73.0,100.0,1.73,A Tiempo,Noche,True
2025-11-23 21:42:51.022536,Ruta 6 - Express,149,9.0,8,40,2025-11-23 21:30:00,2025-11-23 21:33:49.007919954,28.875056521045188,Sunday,1.0,74.0,100.0,3.82,Retraso Leve,Noche,False
2025-11-24 12:27:51.022536,Ruta 4 - Este,149,11.0,10,50,2025-11-24 12:15:00,2025-11-24 12:15:28.019452386,31.566257025567104,Monday,1.0,75.0,100.0,0.47,A Tiempo,Mañana,False
2025-11-24 13:37:51.022536,Ruta 4 - Este,149,8.0,7,40,2025-11-24 13:30:00,2025-11-24 13:33:12.406095462,20.719683457890024,Monday,1.0,76.0,100.0,3.21,Retraso Leve,Tarde,False
2025-11-24 20:42:51.022536,Ruta 1 - Centro,149,6.0,9,60,2025-11-24 20:30:00,2025-11-24 20:31:51.646365582,26.67027604541572,Monday,-3.0,73.0,100.0,1.86,A Tiempo,Noche,False
2025-11-25 03:52:51.022536,Ruta 1 - Centro,149,8.0,9,50,2025-11-25 03:45:00,2025-11-25 03:47:00.337411164,27.262638387034485,Tuesday,-1.0,72.0,100.0,2.01,Retraso Leve,Madrugada,False
2025-11-25 04:57:51.022536,Ruta 3 - Sur,149,8.0,8,60,2025-11-25 04:45:00,2025-11-25 04:49:19.180244952,22.521885474523888,Tuesday,0.0,72.0,100.0,4.32,Retraso Leve,Madrugada,False
2025-11-25 07:17:51.022536,Ruta 4 - Este,149,9.0,6,50,2025-11-25 07:15:00,2025-11-25 07:17:29.717640888,19.20165414280233,Tuesday,3.0,75.0,100.0,2.5,Retraso Leve,Mañana,True
2025-11-26 17:47:51.022536,Ruta 1 - Centro,149,11.0,2,50,2025-11-26 17:45:00,2025-11-26 17:46:06.447848322,25.96371452192428,Wednesday,9.0,84.0,100.0,1.11,A Tiempo,Tarde,True
2025-11-10 11:52:51.022536,Ruta 1 - Centro,150,5.0,6,40,2025-11-10 11:45:00,2025-11-10 11:46:00.677654418,26.55392224156362,Monday,-1.0,0.0,0.0,1.01,A Tiempo,Mañana,False
2025-11-10 20:17:51.022536,Ruta 5 - Oeste,150,8.0,5,40,2025-11-10 20:15:00,2025-11-10 20:15:22.383465528,26.21238278998446,Monday,3.0,2.0,5.0,0.37,A Tiempo,Noche,False
2025-11-12 09:22:51.022536,Ruta 1 - Centro,150,6.0,10,40,2025-11-12 09:15:00,2025-11-12 09:18:02.931156630,23.425725593054803,Wednesday,-4.0,0.0,0.0,3.05,Retraso Leve,Mañana,True
2025-11-14 01:07:51.022536,Ruta 6 - Express,150,6.0,4,60,2025-11-14 01:00:00,2025-11-14 01:00:54.596022678,23.460082182891068,Friday,2.0,0.0,0.0,0.91,A Tiempo,Madrugada,False
2025-11-14 12:12:51.022536,Ruta 4 - Este,150,8.0,8,40,2025-11-14 12:00:00,2025-11-14 12:03:29.683151058,14.61970693714407,Friday,0.0,0.0,0.0,3.49,Retraso Leve,Mañana,False
2025-11-14 15:42:51.022536,Ruta 2 - Norte,150,7.0,8,40,2025-11-14 15:30:00,2025-11-14 15:30:35.771334744,33.589300457932424,Friday,-1.0,0.0,0.0,0.6,A Tiempo,Tarde,False
2025-11-14 18:37:51.022536,Ruta 3 - Sur,150,5.0,5,40,2025-11-14 18:30:00,2025-11-14 18:31:48.750504630,27.49692734730912,Friday,0.0,0.0,0.0,1.81,A Tiempo,Tarde,True
2025-11-14 22:12:51.022536,Ruta 1 - Centro,150,12.0,5,50,2025-11-14 22:00:00,2025-11-14 22:02:13.778032074,22.79970380109709,Friday,7.0,6.0,12.0,2.23,Retraso Leve,Noche,False
2025-11-15 10:12:51.022536,Ruta 1 - Centro,150,7.0,5,40,2025-11-15 10:00:00,2025-11-15 10:01:45.905247858,29.25083102347676,Saturday,2.0,8.0,20.0,1.77,A Tiempo,Mañana,False
2025-11-15 13:22:51.022536,Ruta 5 - Oeste,150,10.0,3,50,2025-11-15 13:15:00,2025-11-15 13:15:10.368982920,29.274107590837325,Saturday,7.0,15.0,30.0,0.17,A Tiempo,Tarde,False
2025-11-15 17:52:51.022536,Ruta 2 - Norte,150,7.0,8,60,2025-11-15 17:45:00,2025-11-15 17:46:51.850684620,25.958814136750213,Saturday,-1.0,14.0,23.33,1.86,A Tiempo,Tarde,True
2025-11-15 21:37:51.022536,Ruta 6 - Express,150,8.0,8,40,2025-11-15 21:30:00,2025-11-15 21:31:02.532455508,24.151108496206437,Saturday,0.0,14.0,35.0,1.04,A Tiempo,Noche,False
2025-11-16 03:12:51.022536,Ruta 1 - Centro,150,10.0,3,40,2025-11-16 03:00:00,2025-11-16 03:02:54.291220686,26.425755649827984,Sunday,7.0,21.0,52.5,2.9,Retraso Leve,Madrugada,False
2025-11-16 15:07:51.022536,Ruta 6 - Express,150,7.0,4,60,2025-11-16 15:00:00,2025-11-16 15:00:36.339774576,19.75701249079845,Sunday,3.0,24.0,40.0,0.61,A Tiempo,Tarde,False
2025-11-16 18:57:51.022536,Ruta 2 - Norte,150,7.0,6,60,2025-11-16 18:45:00,2025-11-16 18:46:31.592629122,24.390710035246983,Sunday,1.0,25.0,41.67,1.53,A Tiempo,Tarde,True
2025-11-16 22:02:51.022536,Ruta 2 - Norte,150,7.0,5,50,2025-11-16 22:00:00,2025-11-16 22:01:24.535558548,21.035987887240232,Sunday,2.0,27.0,54.0,1.41,A Tiempo,Noche,False
2025-11-16 22:47:51.022536,Ruta 2 - Norte,150,9.0,6,60,2025-11-16 22:45:00,2025-11-16 22:46:57.809057916,27.845613265335267,Sunday,3.0,30.0,50.0,1.96,A Tiempo,Noche,False
2025-11-17 09:02:51.022536,Ruta 3 - Sur,150,5.0,7,40,2025-11-17 09:00:00,2025-11-17 09:00:04.958494728,30.92263319139885,Monday,-2.0,28.0,70.0,0.08,A Tiempo,Mañana,True
2025-11-17 15:42:51.022536,Ruta 6 - Express,150,7.0,5,60,2025-11-17 15:30:00,2025-11-17 15:32:00.624199314,30.27385237330555,Monday,2.0,30.0,50.0,2.01,Retraso Leve,Tarde,False
2025-11-17 15:52:51.022536,Ruta 2 - Norte,150,5.0,5,40,2025-11-17 15:45:00,2025-11-17 15:45:25.877545386,33.09136627938292,Monday,0.0,30.0,75.0,0.43,A Tiempo,Tarde,False
2025-11-17 20:27:51.022536,Ruta 2 - Norte,150,5.0,3,40,2025-11-17 20:15:00,2025-11-17 20:15:03.020589588,24.236518672055244,Monday,2.0,32.0,80.0,0.05,A Tiempo,Noche,False
2025-11-18 06:12:51.022536,Ruta 6 - Express,150,7.0,9,60,2025-11-18 06:00:00,2025-11-18 06:00:34.602102420,25.826420262977464,Tuesday,-2.0,30.0,50.0,0.58,A Tiempo,Madrugada,False
2025-11-18 23:22:51.022536,Ruta 1 - Centro,150,6.0,6,60,2025-11-18 23:15:00,2025-11-18 23:17:34.584388800,33.22003919440262,Tuesday,0.0,30.0,50.0,2.58,Retraso Leve,Noche,False
2025-11-19 05:02:51.022536,Ruta 1 - Centro,150,4.0,10,40,2025-11-19 05:00:00,2025-11-19 05:00:54.612551100,19.439829114545628,Wednesday,-6.0,24.0,60.0,0.91,A Tiempo,Madrugada,False
2025-11-19 08:37:51.022536,Ruta 5 - Oeste,150,8.0,9,40,2025-11-19 08:30:00,2025-11-19 08:31:53.566288908,23.8981843472667,Wednesday,-1.0,23.0,57.5,1.89,A Tiempo,Mañana,True
2025-11-19 08:52:51.022536,Ruta 6 - Express,150,9.0,6,50,2025-11-19 08:45:00,2025-11-19 08:48:32.085987588,30.454410377916872,Wednesday,3.0,26.0,52.0,3.53,Retraso Leve,Mañana,True
2025-11-19 12:37:51.022536,Ruta 5 - Oeste,150,8.0,4,60,2025-11-19 12:30:00,2025-11-19 12:30:41.055816372,30.783714525082885,Wednesday,4.0,30.0,50.0,0.68,A Tiempo,Mañana,False
2025-11-20 00:07:51.022536,Ruta 6 - Express,150,12.0,7,40,2025-11-20 00:00:00,2025-11-20 00:06:43.117902054,36.54405970758895,Thursday,5.0,35.0,87.5,6.72,Retraso Grave,Madrugada,False
2025-11-20 00:57:51.022536,Ruta 2 - Norte,150,10.0,6,50,2025-11-20 00:45:00,2025-11-20 00:49:40.197522222,15.691577680673984,Thursday,4.0,39.0,78.0,4.67,Retraso Leve,Madrugada,False
2025-11-20 06:27:51.022536,Ruta 2 - Norte,150,6.0,9,50,2025-11-20 06:15:00,2025-11-20 06:16:25.408825254,37.26437505339894,Thursday,-3.0,36.0,72.0,1.42,A Tiempo,Madrugada,False
2025-11-20 12:32:51.022536,Ruta 2 - Norte,150,4.0,6,50,2025-11-20 12:30:00,2025-11-20 12:31:15.888694968,21.069031969709243,Thursday,-2.0,34.0,68.0,1.26,A Tiempo,Mañana,False
2025-11-20 22:37:51.022536,Ruta 2 - Norte,150,4.0,4,60,2025-11-20 22:30:00,2025-11-20 22:37:22.587005628,21.322371288101905,Thursday,0.0,34.0,56.67,7.38,Retraso Grave,Noche,False
2025-11-21 03:57:51.022536,Ruta 1 - Centro,150,6.0,8,40,2025-11-21 03:45:00,2025-11-21 03:46:26.597692782,23.7169328285823,Friday,-2.0,32.0,80.0,1.44,A Tiempo,Madrugada,False
2025-11-21 08:12:51.022536,Ruta 1 - Centro,150,11.0,6,50,2025-11-21 08:00:00,2025-11-21 08:00:18.857043048,19.894469784681583,Friday,5.0,37.0,74.0,0.31,A Tiempo,Mañana,True
2025-11-21 09:17:51.022536,Ruta 4 - Este,150,11.0,9,60,2025-11-21 09:15:00,2025-11-21 09:19:52.759786332,26.774980975424665,Friday,2.0,39.0,65.0,4.88,Retraso Leve,Mañana,True
2025-11-22 00:57:51.022536,Ruta 4 - Este,150,14.0,8,50,2025-11-22 00:45:00,2025-11-22 00:45:17.384579136,30.733157437930807,Saturday,6.0,45.0,90.0,0.29,A Tiempo,Madrugada,False
2025-11-22 03:42:51.022536,Ruta 4 - Este,150,13.0,6,50,2025-11-22 03:30:00,2025-11-22 03:31:17.041926101,23.54183345459232,Saturday,7.0,52.0,100.0,1.28,A Tiempo,Madrugada,False
2025-11-22 11:42:51.022536,Ruta 4 - Este,150,8.0,8,60,2025-11-22 11:30:00,2025-11-22 11:33:25.649275524,29.34022242389222,Saturday,0.0,52.0,86.67,3.43,Retraso Leve,Mañana,False
2025-11-22 22:02:51.022536,Ruta 6 - Express,150,9.0,8,60,2025-11-22 22:00:00,2025-11-22 22:01:04.062076518,21.098581625976703,Saturday,1.0,53.0,88.33,1.07,A Tiempo,Noche,False
2025-11-23 01:32:51.022536,Ruta 4 - Este,150,9.0,6,60,2025-11-23 01:30:00,2025-11-23 01:34:56.807189190,19.314576791687514,Sunday,3.0,56.0,93.33,4.95,Retraso Leve,Madrugada,False
2025-11-23 09:07:51.022536,Ruta 5 - Oeste,150,3.0,6,60,2025-11-23 09:00:00,2025-11-23 09:00:06.483489264,21.437159594546472,Sunday,-3.0,53.0,88.33,0.11,A Tiempo,Mañana,True
2025-11-23 21:22:51.022536,Ruta 6 - Express,150,8.0,2,60,2025-11-23 21:15:00,2025-11-23 21:15:29.885743056,29.472876430103256,Sunday,6.0,59.0,98.33,0.5,A Tiempo,Noche,False
2025-11-23 22:47:51.022536,Ruta 3 - Sur,150,4.0,3,40,2025-11-23 22:45:00,2025-11-23 22:45:48.485595492,31.674410235022,Sunday,1.0,60.0,100.0,0.81,A Tiempo,Noche,False
2025-11-24 10:12:51.022536,Ruta 1 - Centro,150,10.0,4,50,2025-11-24 10:00:00,2025-11-24 10:00:57.050763498,26.466310090112803,Monday,6.0,66.0,100.0,0.95,A Tiempo,Mañana,False
2025-11-26 17:27:51.022536,Ruta 6 - Express,150,7.0,8,40,2025-11-26 17:15:00,2025-11-26 17:15:43.229808612,21.7574449843553,Wednesday,-1.0,65.0,100.0,0.72,A Tiempo,Tarde,True
2025-11-10 22:52:51.022536,Ruta 2 - Norte,151,4.0,4,40,2025-11-10 22:45:00,2025-11-10 22:49:11.460861420,24.163390663040698,Monday,0.0,0.0,0.0,4.19,Retraso Leve,Noche,False
2025-11-11 11:42:51.022536,Ruta 1 - Centro,151,11.0,8,40,2025-11-11 11:30:00,2025-11-11 11:32:46.140964074,22.966501072898712,Tuesday,3.0,3.0,7.5,2.77,Retraso Leve,Mañana,False
2025-11-11 16:37:51.022536,Ruta 1 - Centro,151,10.0,5,40,2025-11-11 16:30:00,2025-11-11 16:30:08.203219571,20.27150998733483,Tuesday,5.0,8.0,20.0,0.14,A Tiempo,Tarde,False
2025-11-11 17:02:51.022536,Ruta 1 - Centro,151,8.0,8,60,2025-11-11 17:00:00,2025-11-11 17:03:58.558999374,20.295481936377463,Tuesday,0.0,8.0,13.33,3.98,Retraso Leve,Tarde,True
2025-11-11 17:22:51.022536,Ruta 6 - Express,151,8.0,10,50,2025-11-11 17:15:00,2025-11-11 17:16:25.869238488,29.40819202715298,Tuesday,-2.0,6.0,12.0,1.43,A Tiempo,Tarde,True
2025-11-11 23:07:51.022536,Ruta 4 - Este,151,6.0,4,40,2025-11-11 23:00:00,2025-11-11 23:01:19.307104902,34.67812694478289,Tuesday,2.0,8.0,20.0,1.32,A Tiempo,Noche,False
2025-11-12 05:57:51.022536,Ruta 6 - Express,151,4.0,11,50,2025-11-12 05:45:00,2025-11-12 05:49:02.877250848,26.656938061688844,Wednesday,-7.0,1.0,2.0,4.05,Retraso Leve,Madrugada,False
2025-11-12 07:52:51.022536,Ruta 5 - Oeste,151,6.0,6,50,2025-11-12 07:45:00,2025-11-12 07:46:10.777987578,19.66704617887395,Wednesday,0.0,1.0,2.0,1.18,A Tiempo,Mañana,True
2025-11-12 11:12:51.022536,Ruta 6 - Express,151,7.0,3,60,2025-11-12 11:00:00,2025-11-12 11:01:15.936091643,25.59000434406234,Wednesday,4.0,5.0,8.33,1.27,A Tiempo,Mañana,False
2025-11-13 09:57:51.022536,Ruta 6 - Express,151,12.0,7,60,2025-11-13 09:45:00,2025-11-13 09:45:27.816429546,24.72095389045456,Thursday,5.0,10.0,16.67,0.46,A Tiempo,Mañana,True
2025-11-13 10:37:51.022536,Ruta 1 - Centro,151,9.0,12,50,2025-11-13 10:30:00,2025-11-13 10:31:38.506160208,14.467588944940353,Thursday,-3.0,7.0,14.0,1.64,A Tiempo,Mañana,False
2025-11-13 13:22:51.022536,Ruta 1 - Centro,151,10.0,9,40,2025-11-13 13:15:00,2025-11-13 13:18:18.473766768,27.094661174141365,Thursday,1.0,8.0,20.0,3.31,Retraso Leve,Tarde,False
2025-11-13 13:27:51.022536,Ruta 2 - Norte,151,13.0,2,60,2025-11-13 13:15:00,2025-11-13 13:15:28.390519140,26.973342323686506,Thursday,11.0,19.0,31.67,0.47,A Tiempo,Tarde,False
2025-11-14 14:07:51.022536,Ruta 2 - Norte,151,7.0,9,60,2025-11-14 14:00:00,2025-11-14 14:00:10.021633158,32.847052688801085,Friday,-2.0,17.0,28.33,0.17,A Tiempo,Tarde,False
2025-11-14 17:42:51.022536,Ruta 5 - Oeste,151,11.0,4,40,2025-11-14 17:30:00,2025-11-14 17:30:46.194258258,26.59222684519296,Friday,7.0,24.0,60.0,0.77,A Tiempo,Tarde,True
2025-11-14 23:47:51.022536,Ruta 6 - Express,151,7.0,6,50,2025-11-14 23:45:00,2025-11-14 23:46:33.595433094,22.754329421105894,Friday,1.0,25.0,50.0,1.56,A Tiempo,Noche,False
2025-11-15 07:07:51.022536,Ruta 2 - Norte,151,5.0,3,40,2025-11-15 07:00:00,2025-11-15 07:00:40.663511952,32.53419574714747,Saturday,2.0,27.0,67.5,0.68,A Tiempo,Mañana,True
2025-11-15 22:57:51.022536,Ruta 5 - Oeste,151,9.0,6,60,2025-11-15 22:45:00,2025-11-15 22:45:00.907671510,19.69633669426612,Saturday,3.0,30.0,50.0,0.02,A Tiempo,Noche,False
2025-11-16 11:37:51.022536,Ruta 6 - Express,151,16.0,8,50,2025-11-16 11:30:00,2025-11-16 11:30:59.640575724,20.166516573989508,Sunday,8.0,38.0,76.0,0.99,A Tiempo,Mañana,False
2025-11-16 14:02:51.022536,Ruta 1 - Centro,151,7.0,11,50,2025-11-16 14:00:00,2025-11-16 14:00:02.140116654,25.81040627692077,Sunday,-4.0,34.0,68.0,0.04,A Tiempo,Tarde,False
2025-11-17 14:57:51.022536,Ruta 5 - Oeste,151,10.0,8,40,2025-11-17 14:45:00,2025-11-17 14:46:44.796924936,22.30096856765578,Monday,2.0,36.0,90.0,1.75,A Tiempo,Tarde,False
2025-11-17 19:57:51.022536,Ruta 2 - Norte,151,7.0,9,50,2025-11-17 19:45:00,2025-11-17 19:45:15.435607902,19.328176869821668,Monday,-2.0,34.0,68.0,0.26,A Tiempo,Noche,True
2025-11-18 04:52:51.022536,Ruta 5 - Oeste,151,12.0,5,50,2025-11-18 04:45:00,2025-11-18 04:45:43.148693898,20.970519436151186,Tuesday,7.0,41.0,82.0,0.72,A Tiempo,Madrugada,False
2025-11-18 13:17:51.022536,Ruta 6 - Express,151,9.0,2,60,2025-11-18 13:15:00,2025-11-18 13:20:12.743493786,17.93062586688565,Tuesday,7.0,48.0,80.0,5.21,Retraso Grave,Tarde,False
2025-11-18 15:37:51.022536,Ruta 5 - Oeste,151,10.0,7,60,2025-11-18 15:30:00,2025-11-18 15:36:47.002781760,19.46144792566537,Tuesday,3.0,51.0,85.0,6.78,Retraso Grave,Tarde,False
2025-11-18 18:47:51.022536,Ruta 4 - Este,151,9.0,8,60,2025-11-18 18:45:00,2025-11-18 18:47:49.650756336,19.29705728273124,Tuesday,1.0,52.0,86.67,2.83,Retraso Leve,Tarde,True
2025-11-18 23:12:51.022536,Ruta 2 - Norte,151,8.0,6,60,2025-11-18 23:00:00,2025-11-18 23:00:43.474469430,21.73109310889341,Tuesday,2.0,54.0,90.0,0.72,A Tiempo,Noche,False
2025-11-19 10:37:51.022536,Ruta 3 - Sur,151,14.0,5,50,2025-11-19 10:30:00,2025-11-19 10:31:02.881045632,27.91574657242776,Wednesday,9.0,63.0,100.0,1.05,A Tiempo,Mañana,False
2025-11-19 11:22:51.022536,Ruta 5 - Oeste,151,4.0,4,40,2025-11-19 11:15:00,2025-11-19 11:16:26.141987868,25.246304578009045,Wednesday,0.0,63.0,100.0,1.44,A Tiempo,Mañana,False
2025-11-19 13:22:51.022536,Ruta 5 - Oeste,151,6.0,1,40,2025-11-19 13:15:00,2025-11-19 13:15:23.698146978,22.99738543058892,Wednesday,5.0,68.0,100.0,0.39,A Tiempo,Tarde,False
2025-11-19 18:47:51.022536,Ruta 3 - Sur,151,8.0,6,50,2025-11-19 18:45:00,2025-11-19 18:45:16.808047008,26.82605947283369,Wednesday,2.0,70.0,100.0,0.28,A Tiempo,Tarde,True
2025-11-20 10:52:51.022536,Ruta 5 - Oeste,151,5.0,5,40,2025-11-20 10:45:00,2025-11-20 10:45:53.698069326,25.73754663044627,Thursday,0.0,70.0,100.0,0.89,A Tiempo,Mañana,False
2025-11-20 13:57:51.022536,Ruta 2 - Norte,151,13.0,5,60,2025-11-20 13:45:00,2025-11-20 13:46:53.357075616,26.767119684359887,Thursday,8.0,78.0,100.0,1.89,A Tiempo,Tarde,False
2025-11-20 18:27:51.022536,Ruta 6 - Express,151,6.0,7,40,2025-11-20 18:15:00,2025-11-20 18:16:59.702167128,28.48877427600634,Thursday,-1.0,77.0,100.0,2.0,A Tiempo,Tarde,True
2025-11-21 10:22:51.022536,Ruta 6 - Express,151,10.0,3,50,2025-11-21 10:15:00,2025-11-21 10:16:47.965924266,28.38995122981499,Friday,7.0,84.0,100.0,1.8,A Tiempo,Mañana,False
2025-11-21 13:37:51.022536,Ruta 1 - Centro,151,8.0,13,50,2025-11-21 13:30:00,2025-11-21 13:30:23.035970016,15.570995469707183,Friday,-5.0,79.0,100.0,0.38,A Tiempo,Tarde,False
2025-11-21 13:47:51.022536,Ruta 3 - Sur,151,9.0,3,60,2025-11-21 13:45:00,2025-11-21 13:45:05.070464580,29.746278367177307,Friday,6.0,85.0,100.0,0.08,A Tiempo,Tarde,False
2025-11-21 19:47:51.022536,Ruta 3 - Sur,151,8.0,3,60,2025-11-21 19:45:00,2025-11-21 19:46:04.040529984,28.41121106433038,Friday,5.0,90.0,100.0,1.07,A Tiempo,Noche,True
2025-11-22 06:37:51.022536,Ruta 4 - Este,151,9.0,7,60,2025-11-22 06:30:00,2025-11-22 06:36:00.519335862,26.52577131653229,Saturday,2.0,92.0,100.0,6.01,Retraso Grave,Madrugada,False
2025-11-22 13:42:51.022536,Ruta 6 - Express,151,10.0,6,40,2025-11-22 13:30:00,2025-11-22 13:30:22.530979992,33.55376597471509,Saturday,4.0,96.0,100.0,0.38,A Tiempo,Tarde,False
2025-11-22 22:42:51.022536,Ruta 6 - Express,151,4.0,9,40,2025-11-22 22:30:00,2025-11-22 22:30:41.025609354,19.95308139012357,Saturday,-5.0,91.0,100.0,0.68,A Tiempo,Noche,False
2025-11-23 06:47:51.022536,Ruta 5 - Oeste,151,8.0,2,50,2025-11-23 06:45:00,2025-11-23 06:47:25.060371018,28.872609105439945,Sunday,6.0,97.0,100.0,2.42,Retraso Leve,Madrugada,False
2025-11-23 13:27:51.022536,Ruta 5 - Oeste,151,11.0,1,40,2025-11-23 13:15:00,2025-11-23 13:15:42.132803592,26.00125061380069,Sunday,10.0,107.0,100.0,0.7,A Tiempo,Tarde,False
2025-11-23 22:22:51.022536,Ruta 2 - Norte,151,8.0,6,60,2025-11-23 22:15:00,2025-11-23 22:19:26.078397246,30.46861381835677,Sunday,2.0,109.0,100.0,4.43,Retraso Leve,Noche,False
2025-11-24 08:47:51.022536,Ruta 3 - Sur,151,7.0,6,40,2025-11-24 08:45:00,2025-11-24 08:49:27.445630788,21.81970540944581,Monday,1.0,110.0,100.0,4.46,Retraso Leve,Mañana,True
2025-11-26 01:42:51.022536,Ruta 1 - Centro,151,10.0,6,50,2025-11-26 01:30:00,2025-11-26 01:31:49.264833750,31.116456126499266,Wednesday,4.0,114.0,100.0,1.82,A Tiempo,Madrugada,False
2025-11-26 05:27:51.022536,Ruta 3 - Sur,151,7.0,7,40,2025-11-26 05:15:00,2025-11-26 05:15:26.051291808,27.28196862189749,Wednesday,0.0,114.0,100.0,0.43,A Tiempo,Madrugada,False
2025-11-26 05:47:51.022536,Ruta 4 - Este,151,10.0,5,40,2025-11-26 05:45:00,2025-11-26 05:46:44.889687498,23.208749975440703,Wednesday,5.0,119.0,100.0,1.75,A Tiempo,Madrugada,False
2025-11-26 11:22:51.022536,Ruta 5 - Oeste,151,8.0,6,40,2025-11-26 11:15:00,2025-11-26 11:15:16.123021626,31.641120904175136,Wednesday,2.0,121.0,100.0,0.27,A Tiempo,Mañana,False
2025-11-26 22:52:51.022536,Ruta 6 - Express,151,8.0,7,40,2025-11-26 22:45:00,2025-11-26 22:46:54.214621374,21.60027826929296,Wednesday,1.0,122.0,100.0,1.9,A Tiempo,Noche,False
2025-11-10 02:32:51.022536,Ruta 3 - Sur,152,6.0,4,60,2025-11-10 02:30:00,2025-11-10 02:32:42.443317434,31.315680855793868,Monday,2.0,2.0,3.33,2.71,Retraso Leve,Madrugada,False
2025-11-10 19:52:51.022536,Ruta 5 - Oeste,152,6.0,7,60,2025-11-10 19:45:00,2025-11-10 19:46:14.370481218,20.79692235780533,Monday,-1.0,1.0,1.67,1.24,A Tiempo,Noche,True
2025-11-10 21:12:51.022536,Ruta 5 - Oeste,152,12.0,9,40,2025-11-10 21:00:00,2025-11-10 21:00:00.687416058,26.06062526460655,Monday,3.0,4.0,10.0,0.01,A Tiempo,Noche,False
2025-11-11 03:42:51.022536,Ruta 1 - Centro,152,10.0,8,50,2025-11-11 03:30:00,2025-11-11 03:31:34.137170544,24.934720591866675,Tuesday,2.0,6.0,12.0,1.57,A Tiempo,Madrugada,False
2025-11-11 09:22:51.022536,Ruta 1 - Centro,152,7.0,10,40,2025-11-11 09:15:00,2025-11-11 09:16:32.172610236,28.716873423626705,Tuesday,-3.0,3.0,7.5,1.54,A Tiempo,Mañana,True
2025-11-11 16:52:51.022536,Ruta 6 - Express,152,5.0,2,50,2025-11-11 16:45:00,2025-11-11 16:45:21.933486642,36.83564170277576,Tuesday,3.0,6.0,12.0,0.37,A Tiempo,Tarde,False
2025-11-12 03:27:51.022536,Ruta 2 - Norte,152,13.0,3,40,2025-11-12 03:15:00,2025-11-12 03:16:41.816593164,22.948892551709285,Wednesday,10.0,16.0,40.0,1.7,A Tiempo,Madrugada,False
2025-11-12 08:22:51.022536,Ruta 1 - Centro,152,11.0,5,40,2025-11-12 08:15:00,2025-11-12 08:20:17.485269654,33.364878022445566,Wednesday,6.0,22.0,55.0,5.29,Retraso Grave,Mañana,True
2025-11-13 16:52:51.022536,Ruta 5 - Oeste,152,11.0,6,60,2025-11-13 16:45:00,2025-11-13 16:45:55.087480272,19.79275916279073,Thursday,5.0,27.0,45.0,0.92,A Tiempo,Tarde,False
2025-11-13 19:42:51.022536,Ruta 4 - Este,152,10.0,8,60,2025-11-13 19:30:00,2025-11-13 19:30:59.487002952,27.2340492468738,Thursday,2.0,29.0,48.33,0.99,A Tiempo,Noche,True
2025-11-14 11:27:51.022536,Ruta 1 - Centro,152,4.0,7,60,2025-11-14 11:15:00,2025-11-14 11:16:37.680796704,16.012970392413415,Friday,-3.0,26.0,43.33,1.63,A Tiempo,Mañana,False
2025-11-14 14:12:51.022536,Ruta 6 - Express,152,9.0,7,40,2025-11-14 14:00:00,2025-11-14 14:00:43.231809408,22.24319026306506,Friday,2.0,28.0,70.0,0.72,A Tiempo,Tarde,False
2025-11-14 18:52:51.022536,Ruta 2 - Norte,152,4.0,6,40,2025-11-14 18:45:00,2025-11-14 18:49:15.135519180,25.209074279899184,Friday,-2.0,26.0,65.0,4.25,Retraso Leve,Tarde,True
2025-11-14 22:22:51.022536,Ruta 6 - Express,152,7.0,8,50,2025-11-14 22:15:00,2025-11-14 22:16:10.566909174,25.09984577320838,Friday,-1.0,25.0,50.0,1.18,A Tiempo,Noche,False
2025-11-15 00:02:51.022536,Ruta 3 - Sur,152,8.0,0,50,2025-11-15 00:00:00,2025-11-15 00:00:36.380300544,29.1053379566022,Saturday,8.0,33.0,66.0,0.61,A Tiempo,Madrugada,False
2025-11-15 04:27:51.022536,Ruta 5 - Oeste,152,10.0,3,60,2025-11-15 04:15:00,2025-11-15 04:19:30.293481438,25.505616783542923,Saturday,7.0,40.0,66.67,4.5,Retraso Leve,Madrugada,False
2025-11-15 11:07:51.022536,Ruta 6 - Express,152,5.0,7,50,2025-11-15 11:00:00,2025-11-15 11:04:51.420139440,25.487456228678457,Saturday,-2.0,38.0,76.0,4.86,Retraso Leve,Mañana,False
2025-11-15 21:02:51.022536,Ruta 4 - Este,152,7.0,7,50,2025-11-15 21:00:00,2025-11-15 21:02:56.726047566,35.280879803072324,Saturday,0.0,38.0,76.0,2.95,Retraso Leve,Noche,False
2025-11-17 20:47:51.022536,Ruta 2 - Norte,152,8.0,5,50,2025-11-17 20:45:00,2025-11-17 20:46:07.376895258,31.594412922194184,Monday,3.0,41.0,82.0,1.12,A Tiempo,Noche,False
2025-11-17 22:17:51.022536,Ruta 5 - Oeste,152,6.0,6,60,2025-11-17 22:15:00,2025-11-17 22:15:49.514059488,22.365730659518817,Monday,0.0,41.0,68.33,0.83,A Tiempo,Noche,False
2025-11-18 14:07:51.022536,Ruta 5 - Oeste,152,9.0,11,50,2025-11-18 14:00:00,2025-11-18 14:07:32.012361978,31.48949936649106,Tuesday,-2.0,39.0,78.0,7.53,Retraso Grave,Tarde,False
2025-11-19 00:02:51.022536,Ruta 5 - Oeste,152,12.0,7,60,2025-11-19 00:00:00,2025-11-19 00:00:01.341277056,25.242251823437524,Wednesday,5.0,44.0,73.33,0.02,A Tiempo,Madrugada,False
2025-11-19 00:57:51.022536,Ruta 2 - Norte,152,11.0,5,50,2025-11-19 00:45:00,2025-11-19 00:45:55.649839866,21.39412835378559,Wednesday,6.0,50.0,100.0,0.93,A Tiempo,Madrugada,False
2025-11-19 05:47:51.022536,Ruta 6 - Express,152,9.0,7,40,2025-11-19 05:45:00,2025-11-19 05:45:35.580547050,29.22773800612101,Wednesday,2.0,52.0,100.0,0.59,A Tiempo,Madrugada,False
2025-11-19 13:07:51.022536,Ruta 2 - Norte,152,7.0,8,60,2025-11-19 13:00:00,2025-11-19 13:00:12.169310592,23.722903090003093,Wednesday,-1.0,51.0,85.0,0.2,A Tiempo,Tarde,False
2025-11-19 15:32:51.022536,Ruta 1 - Centro,152,5.0,7,60,2025-11-19 15:30:00,2025-11-19 15:33:53.003454822,23.18745924794085,Wednesday,-2.0,49.0,81.67,3.88,Retraso Leve,Tarde,False
2025-11-19 19:02:51.022536,Ruta 4 - Este,152,7.0,4,50,2025-11-19 19:00:00,2025-11-19 19:00:48.429834768,28.2520861201875,Wednesday,3.0,52.0,100.0,0.81,A Tiempo,Noche,True
2025-11-19 21:37:51.022536,Ruta 4 - Este,152,7.0,6,60,2025-11-19 21:30:00,2025-11-19 21:31:22.880285664,16.43913632062049,Wednesday,1.0,53.0,88.33,1.38,A Tiempo,Noche,False
2025-11-19 23:42:51.022536,Ruta 3 - Sur,152,11.0,8,60,2025-11-19 23:30:00,2025-11-19 23:30:49.717000464,25.709904943337744,Wednesday,3.0,56.0,93.33,0.83,A Tiempo,Noche,False
2025-11-20 02:17:51.022536,Ruta 4 - Este,152,8.0,7,40,2025-11-20 02:15:00,2025-11-20 02:15:20.465351076,18.2841042749536,Thursday,1.0,57.0,100.0,0.34,A Tiempo,Madrugada,False
2025-11-20 09:07:51.022536,Ruta 6 - Express,152,7.0,2,50,2025-11-20 09:00:00,2025-11-20 09:01:03.700858506,25.47751307950895,Thursday,5.0,62.0,100.0,1.06,A Tiempo,Mañana,True
2025-11-21 15:17:51.022536,Ruta 6 - Express,152,12.0,5,50,2025-11-21 15:15:00,2025-11-21 15:16:37.044952200,25.704995336874717,Friday,7.0,69.0,100.0,1.62,A Tiempo,Tarde,False
2025-11-21 22:22:51.022536,Ruta 2 - Norte,152,3.0,6,50,2025-11-21 22:15:00,2025-11-21 22:15:51.731544222,25.69081653429925,Friday,-3.0,66.0,100.0,0.86,A Tiempo,Noche,False
2025-11-21 23:27:51.022536,Ruta 2 - Norte,152,8.0,5,60,2025-11-21 23:15:00,2025-11-21 23:20:03.242603520,31.189281703820324,Friday,3.0,69.0,100.0,5.05,Retraso Grave,Noche,False
2025-11-22 00:02:51.022536,Ruta 2 - Norte,152,4.0,7,60,2025-11-22 00:00:00,2025-11-22 00:03:38.321948982,19.43006089731007,Saturday,-3.0,66.0,100.0,3.64,Retraso Leve,Madrugada,False
2025-11-22 14:17:51.022536,Ruta 1 - Centro,152,17.0,3,40,2025-11-22 14:15:00,2025-11-22 14:15:41.594006916,30.58104991543429,Saturday,14.0,80.0,100.0,0.69,A Tiempo,Tarde,False
2025-11-22 22:17:51.022536,Ruta 3 - Sur,152,9.0,6,60,2025-11-22 22:15:00,2025-11-22 22:17:42.486416490,27.90581813591787,Saturday,3.0,83.0,100.0,2.71,Retraso Leve,Noche,False
2025-11-22 22:47:51.022536,Ruta 5 - Oeste,152,11.0,6,40,2025-11-22 22:45:00,2025-11-22 22:49:14.358502176,14.456100210033211,Saturday,5.0,88.0,100.0,4.24,Retraso Leve,Noche,False
2025-11-23 12:07:51.022536,Ruta 3 - Sur,152,7.0,8,50,2025-11-23 12:00:00,2025-11-23 12:01:03.541138782,19.69422447762017,Sunday,-1.0,87.0,100.0,1.06,A Tiempo,Mañana,False
2025-11-23 13:47:51.022536,Ruta 6 - Express,152,10.0,7,50,2025-11-23 13:45:00,2025-11-23 13:46:03.383348628,31.438818742584115,Sunday,3.0,90.0,100.0,1.06,A Tiempo,Tarde,False
2025-11-24 04:22:51.022536,Ruta 5 - Oeste,152,6.0,8,50,2025-11-24 04:15:00,2025-11-24 04:16:56.341587492,32.59809271463623,Monday,-2.0,88.0,100.0,1.94,A Tiempo,Madrugada,False
2025-11-24 11:47:51.022536,Ruta 6 - Express,152,6.0,3,60,2025-11-24 11:45:00,2025-11-24 11:47:34.337695266,23.905011541942816,Monday,3.0,91.0,100.0,2.57,Retraso Leve,Mañana,False
2025-11-24 17:17:51.022536,Ruta 3 - Sur,152,10.0,4,40,2025-11-24 17:15:00,2025-11-24 17:18:02.837517966,13.071495543097004,Monday,6.0,97.0,100.0,3.05,Retraso Leve,Tarde,True
2025-11-24 21:52:51.022536,Ruta 4 - Este,152,5.0,8,60,2025-11-24 21:45:00,2025-11-24 21:46:10.582714578,28.298029801490543,Monday,-3.0,94.0,100.0,1.18,A Tiempo,Noche,False
2025-11-25 01:52:51.022536,Ruta 6 - Express,152,10.0,5,60,2025-11-25 01:45:00,2025-11-25 01:47:35.376831774,31.574650770904235,Tuesday,5.0,99.0,100.0,2.59,Retraso Leve,Madrugada,False
2025-11-25 05:47:51.022536,Ruta 1 - Centro,152,8.0,4,60,2025-11-25 05:45:00,2025-11-25 05:45:58.790640192,23.47011378324854,Tuesday,4.0,103.0,100.0,0.98,A Tiempo,Madrugada,False
2025-11-25 13:42:51.022536,Ruta 6 - Express,152,8.0,5,40,2025-11-25 13:30:00,2025-11-25 13:32:12.528086436,33.63485012230694,Tuesday,3.0,106.0,100.0,2.21,Retraso Leve,Tarde,False
2025-11-25 15:42:51.022536,Ruta 1 - Centro,152,12.0,7,50,2025-11-25 15:30:00,2025-11-25 15:31:50.199525042,26.68852757608925,Tuesday,5.0,111.0,100.0,1.84,A Tiempo,Tarde,False
2025-11-25 23:02:51.022536,Ruta 1 - Centro,152,4.0,11,50,2025-11-25 23:00:00,2025-11-25 23:04:19.731379272,28.766094154149545,Tuesday,-7.0,104.0,100.0,4.33,Retraso Leve,Noche,False
2025-11-26 04:32:51.022536,Ruta 6 - Express,152,8.0,5,50,2025-11-26 04:30:00,2025-11-26 04:34:19.916935338,18.99134237524973,Wednesday,3.0,107.0,100.0,4.33,Retraso Leve,Madrugada,False
2025-11-26 12:57:51.022536,Ruta 6 - Express,152,12.0,4,50,2025-11-26 12:45:00,2025-11-26 12:50:49.228201038,26.853533629355784,Wednesday,8.0,115.0,100.0,5.82,Retraso Grave,Mañana,False
2025-11-26 22:12:51.022536,Ruta 1 - Centro,152,5.0,3,50,2025-11-26 22:00:00,2025-11-26 22:02:01.557051570,30.23259939242564,Wednesday,2.0,117.0,100.0,2.03,Retraso Leve,Noche,False
2025-11-09 17:22:51.022536,Ruta 5 - Oeste,153,9.0,9,50,2025-11-09 17:15:00,2025-11-09 17:15:23.096423700,28.26773136690086,Sunday,0.0,0.0,0.0,0.38,A Tiempo,Tarde,True
2025-11-09 22:47:51.022536,Ruta 4 - Este,153,2.0,3,40,2025-11-09 22:45:00,2025-11-09 22:45:13.303356564,21.498856088380336,Sunday,-1.0,0.0,0.0,0.22,A Tiempo,Noche,False
2025-11-10 05:52:51.022536,Ruta 4 - Este,153,12.0,5,60,2025-11-10 05:45:00,2025-11-10 05:46:05.269936908,26.78216798060737,Monday,7.0,6.0,10.0,1.09,A Tiempo,Madrugada,False
2025-11-10 07:52:51.022536,Ruta 1 - Centro,153,6.0,9,40,2025-11-10 07:45:00,2025-11-10 07:46:00.309547062,27.48759002232319,Monday,-3.0,3.0,7.5,1.01,A Tiempo,Mañana,True
2025-11-10 13:17:51.022536,Ruta 1 - Centro,153,6.0,1,40,2025-11-10 13:15:00,2025-11-10 13:15:42.298157220,21.924821946160456,Monday,5.0,8.0,20.0,0.7,A Tiempo,Tarde,False
2025-11-10 14:12:51.022536,Ruta 3 - Sur,153,6.0,6,60,2025-11-10 14:00:00,2025-11-10 14:01:18.563966364,24.96884685284247,Monday,0.0,8.0,13.33,1.31,A Tiempo,Tarde,False
2025-11-10 17:42:51.022536,Ruta 1 - Centro,153,11.0,7,60,2025-11-10 17:30:00,2025-11-10 17:32:59.453221410,19.89923955686956,Monday,4.0,12.0,20.0,2.99,Retraso Leve,Tarde,True
2025-11-11 08:27:51.022536,Ruta 1 - Centro,153,10.0,3,40,2025-11-11 08:15:00,2025-11-11 08:17:35.582134854,26.069116386571363,Tuesday,7.0,19.0,47.5,2.59,Retraso Leve,Mañana,True
2025-11-11 12:57:51.022536,Ruta 4 - Este,153,4.0,10,40,2025-11-11 12:45:00,2025-11-11 12:45:08.282707608,28.979384403673752,Tuesday,-6.0,13.0,32.5,0.14,A Tiempo,Mañana,False
2025-11-11 17:32:51.022536,Ruta 3 - Sur,153,14.0,6,60,2025-11-11 17:30:00,2025-11-11 17:32:24.385827426,25.51051342078228,Tuesday,8.0,21.0,35.0,2.41,Retraso Leve,Tarde,True
2025-11-11 20:47:51.022536,Ruta 1 - Centro,153,7.0,10,50,2025-11-11 20:45:00,2025-11-11 20:45:10.556568684,26.70720015634651,Tuesday,-3.0,18.0,36.0,0.18,A Tiempo,Noche,False
2025-11-12 10:22:51.022536,Ruta 5 - Oeste,153,8.0,6,50,2025-11-12 10:15:00,2025-11-12 10:15:51.407687484,29.480456540322336,Wednesday,2.0,20.0,40.0,0.86,A Tiempo,Mañana,False
2025-11-12 12:02:51.022536,Ruta 4 - Este,153,9.0,5,60,2025-11-12 12:00:00,2025-11-12 12:01:49.390125768,25.4789300003348,Wednesday,4.0,24.0,40.0,1.82,A Tiempo,Mañana,False
2025-11-12 14:17:51.022536,Ruta 2 - Norte,153,9.0,7,50,2025-11-12 14:15:00,2025-11-12 14:20:46.601529984,19.884431929403377,Wednesday,2.0,26.0,52.0,5.78,Retraso Grave,Tarde,False
2025-11-13 05:42:51.022536,Ruta 3 - Sur,153,7.0,9,60,2025-11-13 05:30:00,2025-11-13 05:30:22.286638680,17.01156165388265,Thursday,-2.0,24.0,40.0,0.37,A Tiempo,Madrugada,False
2025-11-13 12:17:51.022536,Ruta 1 - Centro,153,9.0,7,40,2025-11-13 12:15:00,2025-11-13 12:15:11.437722468,23.959106829032887,Thursday,2.0,26.0,65.0,0.19,A Tiempo,Mañana,False
2025-11-13 21:02:51.022536,Ruta 3 - Sur,153,5.0,3,40,2025-11-13 21:00:00,2025-11-13 21:00:06.971501934,27.11043591917058,Thursday,2.0,28.0,70.0,0.12,A Tiempo,Noche,False
2025-11-13 21:32:51.022536,Ruta 6 - Express,153,8.0,5,60,2025-11-13 21:30:00,2025-11-13 21:31:19.608995814,22.6971637163774,Thursday,3.0,31.0,51.67,1.33,A Tiempo,Noche,False
2025-11-14 06:47:51.022536,Ruta 4 - Este,153,11.0,2,50,2025-11-14 06:45:00,2025-11-14 06:46:36.909241122,20.01647739805239,Friday,9.0,40.0,80.0,1.62,A Tiempo,Madrugada,False
2025-11-14 08:02:51.022536,Ruta 5 - Oeste,153,11.0,6,50,2025-11-14 08:00:00,2025-11-14 08:00:13.071019614,25.212246667245992,Friday,5.0,45.0,90.0,0.22,A Tiempo,Mañana,True
2025-11-14 10:22:51.022536,Ruta 2 - Norte,153,11.0,8,60,2025-11-14 10:15:00,2025-11-14 10:15:12.012974802,24.81176748579665,Friday,3.0,48.0,80.0,0.2,A Tiempo,Mañana,False
2025-11-14 10:42:51.022536,Ruta 2 - Norte,153,6.0,6,60,2025-11-14 10:30:00,2025-11-14 10:32:00.882964452,17.147976928221084,Friday,0.0,48.0,80.0,2.01,Retraso Leve,Mañana,False
2025-11-14 19:17:51.022536,Ruta 1 - Centro,153,9.0,6,40,2025-11-14 19:15:00,2025-11-14 19:16:04.613605932,20.89439196982992,Friday,3.0,51.0,100.0,1.08,A Tiempo,Noche,True
2025-11-14 20:02:51.022536,Ruta 3 - Sur,153,5.0,3,50,2025-11-14 20:00:00,2025-11-14 20:00:41.778014910,26.020668393391883,Friday,2.0,53.0,100.0,0.7,A Tiempo,Noche,False
2025-11-14 20:42:51.022536,Ruta 6 - Express,153,9.0,6,50,2025-11-14 20:30:00,2025-11-14 20:31:43.005392664,24.81141992043875,Friday,3.0,56.0,100.0,1.72,A Tiempo,Noche,False
2025-11-15 07:17:51.022536,Ruta 5 - Oeste,153,5.0,7,50,2025-11-15 07:15:00,2025-11-15 07:20:48.611948670,27.09079822956566,Saturday,-2.0,54.0,100.0,5.81,Retraso Grave,Mañana,True
2025-11-15 23:57:51.022536,Ruta 4 - Este,153,8.0,10,60,2025-11-15 23:45:00,2025-11-15 23:45:02.550199308,20.582874181842737,Saturday,-2.0,52.0,86.67,0.04,A Tiempo,Noche,False
2025-11-16 08:22:51.022536,Ruta 4 - Este,153,6.0,1,40,2025-11-16 08:15:00,2025-11-16 08:15:39.721241814,21.45971659322314,Sunday,5.0,57.0,100.0,0.66,A Tiempo,Mañana,True
2025-11-16 22:22:51.022536,Ruta 1 - Centro,153,9.0,7,40,2025-11-16 22:15:00,2025-11-16 22:17:38.717887200,26.70532947218655,Sunday,2.0,59.0,100.0,2.65,Retraso Leve,Noche,False
2025-11-17 06:17:51.022536,Ruta 6 - Express,153,4.0,4,40,2025-11-17 06:15:00,2025-11-17 06:16:08.880178596,20.200939107606374,Monday,0.0,59.0,100.0,1.15,A Tiempo,Madrugada,False
2025-11-17 12:52:51.022536,Ruta 5 - Oeste,153,8.0,6,50,2025-11-17 12:45:00,2025-11-17 12:48:58.194488772,23.351544363984168,Monday,2.0,61.0,100.0,3.97,Retraso Leve,Mañana,False
2025-11-17 13:42:51.022536,Ruta 5 - Oeste,153,4.0,4,50,2025-11-17 13:30:00,2025-11-17 13:34:50.541965802,24.44967545964452,Monday,0.0,61.0,100.0,4.84,Retraso Leve,Tarde,False
2025-11-17 16:32:51.022536,Ruta 5 - Oeste,153,12.0,4,40,2025-11-17 16:30:00,2025-11-17 16:32:37.530218274,22.79290486830154,Monday,8.0,69.0,100.0,2.63,Retraso Leve,Tarde,False
2025-11-17 21:02:51.022536,Ruta 4 - Este,153,8.0,6,60,2025-11-17 21:00:00,2025-11-17 21:05:14.741526462,20.590388920135148,Monday,2.0,71.0,100.0,5.25,Retraso Grave,Noche,False
2025-11-18 00:07:51.022536,Ruta 5 - Oeste,153,9.0,8,50,2025-11-18 00:00:00,2025-11-18 00:00:16.424469786,29.18456070485481,Tuesday,1.0,72.0,100.0,0.27,A Tiempo,Madrugada,False
2025-11-18 16:22:51.022536,Ruta 2 - Norte,153,6.0,8,40,2025-11-18 16:15:00,2025-11-18 16:15:40.884331008,23.705588149323404,Tuesday,-2.0,70.0,100.0,0.68,A Tiempo,Tarde,False
2025-11-19 06:37:51.022536,Ruta 4 - Este,153,8.0,7,60,2025-11-19 06:30:00,2025-11-19 06:30:12.203572992,21.22160028575308,Wednesday,1.0,71.0,100.0,0.2,A Tiempo,Madrugada,False
2025-11-19 15:02:51.022536,Ruta 6 - Express,153,7.0,6,50,2025-11-19 15:00:00,2025-11-19 15:00:57.842392776,35.76055557314474,Wednesday,1.0,72.0,100.0,0.96,A Tiempo,Tarde,False
2025-11-19 16:07:51.022536,Ruta 4 - Este,153,5.0,7,50,2025-11-19 16:00:00,2025-11-19 16:05:58.584406806,30.610950074749965,Wednesday,-2.0,70.0,100.0,5.98,Retraso Grave,Tarde,False
2025-11-19 22:27:51.022536,Ruta 4 - Este,153,10.0,6,50,2025-11-19 22:15:00,2025-11-19 22:15:53.781276528,28.840568112874585,Wednesday,4.0,74.0,100.0,0.9,A Tiempo,Noche,False
2025-11-19 22:32:51.022536,Ruta 4 - Este,153,7.0,7,50,2025-11-19 22:30:00,2025-11-19 22:31:41.786713020,37.90165737304052,Wednesday,0.0,74.0,100.0,1.7,A Tiempo,Noche,False
2025-11-20 00:52:51.022536,Ruta 3 - Sur,153,10.0,7,60,2025-11-20 00:45:00,2025-11-20 00:53:35.206545912,26.141545671379102,Thursday,3.0,77.0,100.0,8.59,Retraso Grave,Madrugada,False
2025-11-20 16:37:51.022536,Ruta 4 - Este,153,4.0,3,50,2025-11-20 16:30:00,2025-11-20 16:32:10.897994616,21.09164354105303,Thursday,1.0,78.0,100.0,2.18,Retraso Leve,Tarde,False
2025-11-21 03:02:51.022536,Ruta 4 - Este,153,12.0,3,60,2025-11-21 03:00:00,2025-11-21 03:00:24.345754566,25.89738751534552,Friday,9.0,87.0,100.0,0.41,A Tiempo,Madrugada,False
2025-11-21 12:02:51.022536,Ruta 3 - Sur,153,8.0,5,50,2025-11-21 12:00:00,2025-11-21 12:02:56.880212352,18.55201473836723,Friday,3.0,90.0,100.0,2.95,Retraso Leve,Mañana,False
2025-11-21 21:22:51.022536,Ruta 4 - Este,153,6.0,5,40,2025-11-21 21:15:00,2025-11-21 21:15:16.855775964,30.338443189834287,Friday,1.0,91.0,100.0,0.28,A Tiempo,Noche,False
2025-11-22 00:52:51.022536,Ruta 1 - Centro,153,10.0,4,40,2025-11-22 00:45:00,2025-11-22 00:45:35.839468014,27.30364065010675,Saturday,6.0,97.0,100.0,0.6,A Tiempo,Madrugada,False
2025-11-22 07:17:51.022536,Ruta 1 - Centro,153,12.0,7,50,2025-11-22 07:15:00,2025-11-22 07:18:47.663186070,13.109500585583296,Saturday,5.0,102.0,100.0,3.79,Retraso Leve,Mañana,True
2025-11-22 13:52:51.022536,Ruta 5 - Oeste,153,9.0,7,60,2025-11-22 13:45:00,2025-11-22 13:46:24.357774174,19.84627814076636,Saturday,2.0,104.0,100.0,1.41,A Tiempo,Tarde,False
2025-11-22 17:27:51.022536,Ruta 4 - Este,153,10.0,4,40,2025-11-22 17:15:00,2025-11-22 17:16:57.911255700,36.1487552879344,Saturday,6.0,110.0,100.0,1.97,A Tiempo,Tarde,True
2025-11-22 21:17:51.022536,Ruta 3 - Sur,153,6.0,8,40,2025-11-22 21:15:00,2025-11-22 21:20:41.272924794,30.04513197129364,Saturday,-2.0,108.0,100.0,5.69,Retraso Grave,Noche,False
2025-11-22 23:57:51.022536,Ruta 3 - Sur,153,6.0,12,50,2025-11-22 23:45:00,2025-11-22 23:47:49.832212188,18.944250710740697,Saturday,-6.0,102.0,100.0,2.83,Retraso Leve,Noche,False
2025-11-24 11:37:51.022536,Ruta 6 - Express,153,11.0,5,60,2025-11-24 11:30:00,2025-11-24 11:30:29.612433540,17.716780166416697,Monday,6.0,108.0,100.0,0.49,A Tiempo,Mañana,False
2025-11-24 18:17:51.022536,Ruta 5 - Oeste,153,3.0,5,60,2025-11-24 18:15:00,2025-11-24 18:15:39.129274314,27.431981468902777,Monday,-2.0,106.0,100.0,0.65,A Tiempo,Tarde,True
2025-11-24 23:12:51.022536,Ruta 4 - Este,153,11.0,9,40,2025-11-24 23:00:00,2025-11-24 23:01:17.982501522,27.13463729380615,Monday,2.0,108.0,100.0,1.3,A Tiempo,Noche,False
2025-11-25 01:32:51.022536,Ruta 3 - Sur,153,7.0,7,40,2025-11-25 01:30:00,2025-11-25 01:34:43.652934948,24.066911586816943,Tuesday,0.0,108.0,100.0,4.73,Retraso Leve,Madrugada,False
2025-11-25 20:07:51.022536,Ruta 6 - Express,153,9.0,9,50,2025-11-25 20:00:00,2025-11-25 20:05:22.851555342,24.589376613347667,Tuesday,0.0,108.0,100.0,5.38,Retraso Grave,Noche,False
2025-11-25 23:07:51.022536,Ruta 2 - Norte,153,11.0,9,50,2025-11-25 23:00:00,2025-11-25 23:00:15.180815490,24.030422624932708,Tuesday,2.0,110.0,100.0,0.25,A Tiempo,Noche,False
2025-11-26 00:47:51.022536,Ruta 4 - Este,153,8.0,8,60,2025-11-26 00:45:00,2025-11-26 00:46:19.358748756,22.104013784837772,Wednesday,0.0,110.0,100.0,1.32,A Tiempo,Madrugada,False
2025-11-26 09:52:51.022536,Ruta 2 - Norte,153,12.0,3,40,2025-11-26 09:45:00,2025-11-26 09:46:09.115329654,27.93634136288659,Wednesday,9.0,119.0,100.0,1.15,A Tiempo,Mañana,True
2025-11-26 14:57:51.022536,Ruta 2 - Norte,153,7.0,4,60,2025-11-26 14:45:00,2025-11-26 14:47:09.167289426,23.362615288719155,Wednesday,3.0,122.0,100.0,2.15,Retraso Leve,Tarde,False
2025-11-26 16:57:51.022536,Ruta 4 - Este,153,11.0,7,60,2025-11-26 16:45:00,2025-11-26 16:51:19.424226498,30.747241965307957,Wednesday,4.0,126.0,100.0,6.32,Retraso Grave,Tarde,False
2025-11-26 18:12:51.022536,Ruta 3 - Sur,153,10.0,8,60,2025-11-26 18:00:00,2025-11-26 18:02:45.120186546,13.167879393787809,Wednesday,2.0,128.0,100.0,2.75,Retraso Leve,Tarde,True
2025-11-26 21:37:51.022536,Ruta 4 - Este,153,11.0,5,40,2025-11-26 21:30:00,2025-11-26 21:32:48.911104020,31.79081856599023,Wednesday,6.0,134.0,100.0,2.82,Retraso Leve,Noche,False
2025-11-09 17:47:51.022536,Ruta 5 - Oeste,154,8.0,2,40,2025-11-09 17:45:00,2025-11-09 17:47:14.367062130,26.39444650560058,Sunday,6.0,6.0,15.0,2.24,Retraso Leve,Tarde,True
2025-11-10 09:02:51.022536,Ruta 6 - Express,154,6.0,1,40,2025-11-10 09:00:00,2025-11-10 09:00:10.133304354,22.338619089992203,Monday,5.0,11.0,27.5,0.17,A Tiempo,Mañana,True
2025-11-10 11:22:51.022536,Ruta 5 - Oeste,154,14.0,5,40,2025-11-10 11:15:00,2025-11-10 11:17:44.043497748,16.351200868036955,Monday,9.0,20.0,50.0,2.73,Retraso Leve,Mañana,False
2025-11-10 13:12:51.022536,Ruta 4 - Este,154,7.0,7,40,2025-11-10 13:00:00,2025-11-10 13:03:25.245411732,35.55864876058141,Monday,0.0,20.0,50.0,3.42,Retraso Leve,Tarde,False
2025-11-10 18:57:51.022536,Ruta 6 - Express,154,12.0,3,60,2025-11-10 18:45:00,2025-11-10 18:49:59.669408352,27.17012213779418,Monday,9.0,29.0,48.33,4.99,Retraso Leve,Tarde,True
2025-11-11 03:37:51.022536,Ruta 5 - Oeste,154,10.0,4,40,2025-11-11 03:30:00,2025-11-11 03:32:24.925537482,29.773174466118878,Tuesday,6.0,35.0,87.5,2.42,Retraso Leve,Madrugada,False
2025-11-11 07:07:51.022536,Ruta 1 - Centro,154,7.0,2,50,2025-11-11 07:00:00,2025-11-11 07:00:23.960584464,24.063858351786912,Tuesday,5.0,40.0,80.0,0.4,A Tiempo,Mañana,True
2025-11-11 16:07:51.022536,Ruta 1 - Centro,154,10.0,6,60,2025-11-11 16:00:00,2025-11-11 16:02:00.845087136,27.55921734043374,Tuesday,4.0,44.0,73.33,2.01,Retraso Leve,Tarde,False
2025-11-12 04:37:51.022536,Ruta 4 - Este,154,14.0,5,50,2025-11-12 04:30:00,2025-11-12 04:30:24.312935874,27.403129683691205,Wednesday,9.0,53.0,100.0,0.41,A Tiempo,Madrugada,False
2025-11-12 08:27:51.022536,Ruta 3 - Sur,154,9.0,4,40,2025-11-12 08:15:00,2025-11-12 08:18:43.574212260,25.65825052377879,Wednesday,5.0,58.0,100.0,3.73,Retraso Leve,Mañana,True
2025-11-12 11:32:51.022536,Ruta 5 - Oeste,154,7.0,7,60,2025-11-12 11:30:00,2025-11-12 11:30:07.499927760,22.14519007085711,Wednesday,0.0,58.0,96.67,0.12,A Tiempo,Mañana,False
2025-11-13 11:12:51.022536,Ruta 6 - Express,154,4.0,8,40,2025-11-13 11:00:00,2025-11-13 11:01:17.988368706,26.59025400681924,Thursday,-4.0,54.0,100.0,1.3,A Tiempo,Mañana,False
2025-11-14 16:02:51.022536,Ruta 6 - Express,154,11.0,4,50,2025-11-14 16:00:00,2025-11-14 16:00:34.107499980,26.175634418898955,Friday,7.0,61.0,100.0,0.57,A Tiempo,Tarde,False
2025-11-15 09:32:51.022536,Ruta 1 - Centro,154,2.0,5,60,2025-11-15 09:30:00,2025-11-15 09:34:24.016235406,29.732684365376706,Saturday,-3.0,58.0,96.67,4.4,Retraso Leve,Mañana,True
2025-11-15 20:42:51.022536,Ruta 4 - Este,154,1.0,7,50,2025-11-15 20:30:00,2025-11-15 20:33:24.030824328,17.517923064318794,Saturday,-6.0,52.0,100.0,3.4,Retraso Leve,Noche,False
2025-11-15 22:17:51.022536,Ruta 5 - Oeste,154,5.0,5,50,2025-11-15 22:15:00,2025-11-15 22:16:45.368897052,31.386727473643337,Saturday,0.0,52.0,100.0,1.76,A Tiempo,Noche,False
2025-11-16 00:42:51.022536,Ruta 2 - Norte,154,4.0,7,40,2025-11-16 00:30:00,2025-11-16 00:30:11.468349954,21.13007125974608,Sunday,-3.0,49.0,100.0,0.19,A Tiempo,Madrugada,False
2025-11-16 09:02:51.022536,Ruta 2 - Norte,154,10.0,7,50,2025-11-16 09:00:00,2025-11-16 09:00:32.276149074,16.14676432229473,Sunday,3.0,52.0,100.0,0.54,A Tiempo,Mañana,True
2025-11-16 15:42:51.022536,Ruta 3 - Sur,154,5.0,9,50,2025-11-16 15:30:00,2025-11-16 15:30:43.146002424,21.19392777078637,Sunday,-4.0,48.0,96.0,0.72,A Tiempo,Tarde,False
2025-11-16 17:52:51.022536,Ruta 1 - Centro,154,8.0,6,60,2025-11-16 17:45:00,2025-11-16 17:45:54.657855876,22.50787386187469,Sunday,2.0,50.0,83.33,0.91,A Tiempo,Tarde,True
2025-11-16 18:02:51.022536,Ruta 2 - Norte,154,15.0,9,60,2025-11-16 18:00:00,2025-11-16 18:01:24.860513046,20.00415867274508,Sunday,6.0,56.0,93.33,1.41,A Tiempo,Tarde,True
2025-11-16 20:57:51.022536,Ruta 6 - Express,154,12.0,13,50,2025-11-16 20:45:00,2025-11-16 20:45:42.414995148,27.05175307034447,Sunday,-1.0,55.0,100.0,0.71,A Tiempo,Noche,False
2025-11-17 10:12:51.022536,Ruta 3 - Sur,154,9.0,1,60,2025-11-17 10:00:00,2025-11-17 10:03:39.941962410,23.814896036203237,Monday,8.0,63.0,100.0,3.67,Retraso Leve,Mañana,False
2025-11-17 11:47:51.022536,Ruta 3 - Sur,154,6.0,6,40,2025-11-17 11:45:00,2025-11-17 11:45:38.674972794,28.3524038182076,Monday,0.0,63.0,100.0,0.64,A Tiempo,Mañana,False
2025-11-17 17:12:51.022536,Ruta 1 - Centro,154,10.0,2,50,2025-11-17 17:00:00,2025-11-17 17:00:32.059073088,24.743952256521453,Monday,8.0,71.0,100.0,0.53,A Tiempo,Tarde,True
2025-11-18 01:47:51.022536,Ruta 3 - Sur,154,6.0,6,60,2025-11-18 01:45:00,2025-11-18 01:45:57.733574898,22.19404841642326,Tuesday,0.0,71.0,100.0,0.96,A Tiempo,Madrugada,False
2025-11-18 02:22:51.022536,Ruta 2 - Norte,154,7.0,3,60,2025-11-18 02:15:00,2025-11-18 02:16:13.068385914,27.258748688197485,Tuesday,4.0,75.0,100.0,1.22,A Tiempo,Madrugada,False
2025-11-18 10:57:51.022536,Ruta 6 - Express,154,2.0,8,40,2025-11-18 10:45:00,2025-11-18 10:49:22.496541666,24.5477927150942,Tuesday,-6.0,69.0,100.0,4.37,Retraso Leve,Mañana,False
2025-11-18 15:17:51.022536,Ruta 2 - Norte,154,6.0,9,50,2025-11-18 15:15:00,2025-11-18 15:18:15.672616649,26.7880763357183,Tuesday,-3.0,66.0,100.0,3.26,Retraso Leve,Tarde,False
2025-11-18 21:47:51.022536,Ruta 5 - Oeste,154,13.0,7,40,2025-11-18 21:45:00,2025-11-18 21:46:36.226644774,26.453901322271893,Tuesday,6.0,72.0,100.0,1.6,A Tiempo,Noche,False
2025-11-20 06:42:51.022536,Ruta 5 - Oeste,154,7.0,9,50,2025-11-20 06:30:00,2025-11-20 06:36:13.600143762,24.90017844491705,Thursday,-2.0,70.0,100.0,6.23,Retraso Grave,Madrugada,False
2025-11-20 08:22:51.022536,Ruta 1 - Centro,154,11.0,8,50,2025-11-20 08:15:00,2025-11-20 08:15:10.430378814,22.19607505772372,Thursday,3.0,73.0,100.0,0.17,A Tiempo,Mañana,True
2025-11-20 11:37:51.022536,Ruta 6 - Express,154,3.0,8,50,2025-11-20 11:30:00,2025-11-20 11:32:02.379489102,30.478095232132212,Thursday,-5.0,68.0,100.0,2.04,Retraso Leve,Mañana,False
2025-11-20 18:17:51.022536,Ruta 6 - Express,154,4.0,6,40,2025-11-20 18:15:00,2025-11-20 18:15:00.271759812,28.0383983142084,Thursday,-2.0,66.0,100.0,0.0,A Tiempo,Tarde,True
2025-11-20 18:52:51.022536,Ruta 6 - Express,154,8.0,6,60,2025-11-20 18:45:00,2025-11-20 18:45:26.620564170,25.56943161044839,Thursday,2.0,68.0,100.0,0.44,A Tiempo,Tarde,True
2025-11-21 05:47:51.022536,Ruta 2 - Norte,154,10.0,4,40,2025-11-21 05:45:00,2025-11-21 05:46:39.076392120,22.81212953109801,Friday,6.0,74.0,100.0,1.65,A Tiempo,Madrugada,False
2025-11-21 14:12:51.022536,Ruta 6 - Express,154,6.0,8,60,2025-11-21 14:00:00,2025-11-21 14:04:58.703585580,26.05288489767692,Friday,-2.0,72.0,100.0,4.98,Retraso Leve,Tarde,False
2025-11-22 07:02:51.022536,Ruta 3 - Sur,154,10.0,5,50,2025-11-22 07:00:00,2025-11-22 07:00:22.270287528,14.71087227720753,Saturday,5.0,77.0,100.0,0.37,A Tiempo,Mañana,True
2025-11-22 15:52:51.022536,Ruta 5 - Oeste,154,12.0,4,40,2025-11-22 15:45:00,2025-11-22 15:45:31.304334744,29.75146152636752,Saturday,8.0,85.0,100.0,0.52,A Tiempo,Tarde,False
2025-11-22 21:27:51.022536,Ruta 3 - Sur,154,8.0,8,60,2025-11-22 21:15:00,2025-11-22 21:15:47.620241574,19.218950226226248,Saturday,0.0,85.0,100.0,0.79,A Tiempo,Noche,False
2025-11-23 09:27:51.022536,Ruta 4 - Este,154,5.0,7,50,2025-11-23 09:15:00,2025-11-23 09:16:30.511681464,19.26270452223125,Sunday,-2.0,83.0,100.0,1.51,A Tiempo,Mañana,True
2025-11-23 11:32:51.022536,Ruta 1 - Centro,154,6.0,8,50,2025-11-23 11:30:00,2025-11-23 11:31:10.702924422,31.42890272202349,Sunday,-2.0,81.0,100.0,1.18,A Tiempo,Mañana,False
2025-11-23 22:07:51.022536,Ruta 5 - Oeste,154,4.0,8,50,2025-11-23 22:00:00,2025-11-23 22:00:55.513058556,19.63985956704275,Sunday,-4.0,77.0,100.0,0.93,A Tiempo,Noche,False
2025-11-24 15:22:51.022536,Ruta 1 - Centro,154,5.0,7,40,2025-11-24 15:15:00,2025-11-24 15:16:11.939171862,25.001623805360094,Monday,-2.0,75.0,100.0,1.2,A Tiempo,Tarde,False
2025-11-24 22:27:51.022536,Ruta 5 - Oeste,154,6.0,6,60,2025-11-24 22:15:00,2025-11-24 22:16:35.362956210,18.679075893629005,Monday,0.0,75.0,100.0,1.59,A Tiempo,Noche,False
2025-11-25 04:52:51.022536,Ruta 2 - Norte,154,7.0,8,50,2025-11-25 04:45:00,2025-11-25 04:45:10.016999772,29.684435313534514,Tuesday,-1.0,74.0,100.0,0.17,A Tiempo,Madrugada,False
2025-11-25 21:07:51.022536,Ruta 1 - Centro,154,7.0,8,50,2025-11-25 21:00:00,2025-11-25 21:03:15.450993732,18.04600798017068,Tuesday,-1.0,73.0,100.0,3.26,Retraso Leve,Noche,False
2025-11-25 23:32:51.022536,Ruta 2 - Norte,154,6.0,1,60,2025-11-25 23:30:00,2025-11-25 23:30:31.877845656,28.762184881799005,Tuesday,5.0,78.0,100.0,0.53,A Tiempo,Noche,False
2025-11-26 06:52:51.022536,Ruta 4 - Este,154,8.0,7,50,2025-11-26 06:45:00,2025-11-26 06:45:21.793550346,26.49149117871894,Wednesday,1.0,79.0,100.0,0.36,A Tiempo,Madrugada,False
2025-11-26 07:22:51.022536,Ruta 3 - Sur,154,9.0,5,50,2025-11-26 07:15:00,2025-11-26 07:17:29.113031436,26.20384670147048,Wednesday,4.0,83.0,100.0,2.49,Retraso Leve,Mañana,True
2025-11-26 23:32:51.022536,Ruta 3 - Sur,154,10.0,8,50,2025-11-26 23:30:00,2025-11-26 23:30:26.310756666,17.68752147617316,Wednesday,2.0,85.0,100.0,0.44,A Tiempo,Noche,False
2025-11-27 00:07:51.022536,Ruta 2 - Norte,154,4.0,6,50,2025-11-27 00:00:00,2025-11-27 00:02:37.851497904,15.750517811242476,Thursday,-2.0,83.0,100.0,2.63,Retraso Leve,Madrugada,False
2025-11-10 05:02:51.022536,Ruta 2 - Norte,155,10.0,8,50,2025-11-10 05:00:00,2025-11-10 05:00:56.129698362,20.63345570673207,Monday,2.0,2.0,4.0,0.94,A Tiempo,Madrugada,False
2025-11-10 16:52:51.022536,Ruta 3 - Sur,155,6.0,5,50,2025-11-10 16:45:00,2025-11-10 16:53:31.625935631,22.58180877317463,Monday,1.0,3.0,6.0,8.53,Retraso Grave,Tarde,False
2025-11-10 19:37:51.022536,Ruta 3 - Sur,155,9.0,7,50,2025-11-10 19:30:00,2025-11-10 19:30:22.225379118,32.98594009484748,Monday,2.0,5.0,10.0,0.37,A Tiempo,Noche,True
2025-11-10 23:32:51.022536,Ruta 6 - Express,155,7.0,9,60,2025-11-10 23:30:00,2025-11-10 23:30:09.472555344,27.653564351400657,Monday,-2.0,3.0,5.0,0.16,A Tiempo,Noche,False
2025-11-11 00:07:51.022536,Ruta 1 - Centro,155,12.0,7,60,2025-11-11 00:00:00,2025-11-11 00:01:38.618073498,24.90808073833333,Tuesday,5.0,8.0,13.33,1.64,A Tiempo,Madrugada,False
2025-11-11 03:47:51.022536,Ruta 5 - Oeste,155,9.0,6,40,2025-11-11 03:45:00,2025-11-11 03:46:56.959383408,22.89915496739773,Tuesday,3.0,11.0,27.5,1.95,A Tiempo,Madrugada,False
2025-11-11 20:17:51.022536,Ruta 3 - Sur,155,7.0,8,40,2025-11-11 20:15:00,2025-11-11 20:15:15.365726628,22.5161811918927,Tuesday,-1.0,10.0,25.0,0.26,A Tiempo,Noche,False
2025-11-11 22:02:51.022536,Ruta 5 - Oeste,155,9.0,6,60,2025-11-11 22:00:00,2025-11-11 22:00:36.327168456,19.020093453978408,Tuesday,3.0,13.0,21.67,0.61,A Tiempo,Noche,False
2025-11-11 23:52:51.022536,Ruta 2 - Norte,155,5.0,12,40,2025-11-11 23:45:00,2025-11-11 23:46:34.786309236,32.9820768948408,Tuesday,-7.0,6.0,15.0,1.58,A Tiempo,Noche,False
2025-11-12 01:22:51.022536,Ruta 6 - Express,155,11.0,7,60,2025-11-12 01:15:00,2025-11-12 01:17:39.247636182,20.75985716893083,Wednesday,4.0,10.0,16.67,2.65,Retraso Leve,Madrugada,False
2025-11-12 08:37:51.022536,Ruta 2 - Norte,155,6.0,7,50,2025-11-12 08:30:00,2025-11-12 08:32:24.596962266,21.0759357849197,Wednesday,-1.0,9.0,18.0,2.41,Retraso Leve,Mañana,True
2025-11-12 10:57:51.022536,Ruta 5 - Oeste,155,10.0,5,40,2025-11-12 10:45:00,2025-11-12 10:50:35.777764302,39.39811984820898,Wednesday,5.0,14.0,35.0,5.6,Retraso Grave,Mañana,False
2025-11-12 22:42:51.022536,Ruta 3 - Sur,155,5.0,5,40,2025-11-12 22:30:00,2025-11-12 22:36:31.023637806,23.856440314143292,Wednesday,0.0,14.0,35.0,6.52,Retraso Grave,Noche,False
2025-11-14 03:57:51.022536,Ruta 2 - Norte,155,11.0,10,50,2025-11-14 03:45:00,2025-11-14 03:45:09.668939226,32.46795564315648,Friday,1.0,15.0,30.0,0.16,A Tiempo,Madrugada,False
2025-11-14 15:27:51.022536,Ruta 5 - Oeste,155,4.0,9,60,2025-11-14 15:15:00,2025-11-14 15:15:32.527816536,21.70203709103223,Friday,-5.0,10.0,16.67,0.54,A Tiempo,Tarde,False
2025-11-15 15:27:51.022536,Ruta 2 - Norte,155,14.0,5,50,2025-11-15 15:15:00,2025-11-15 15:15:50.111517312,33.84575100772109,Saturday,9.0,19.0,38.0,0.84,A Tiempo,Tarde,False
2025-11-15 17:57:51.022536,Ruta 3 - Sur,155,4.0,7,60,2025-11-15 17:45:00,2025-11-15 17:46:48.246594048,24.08639275938869,Saturday,-3.0,16.0,26.67,1.8,A Tiempo,Tarde,True
2025-11-15 21:57:51.022536,Ruta 3 - Sur,155,12.0,2,40,2025-11-15 21:45:00,2025-11-15 21:48:55.138154352,35.760169200370115,Saturday,10.0,26.0,65.0,3.92,Retraso Leve,Noche,False
2025-11-16 14:17:51.022536,Ruta 2 - Norte,155,14.0,5,50,2025-11-16 14:15:00,2025-11-16 14:16:36.735619692,29.19728151615782,Sunday,9.0,35.0,70.0,1.61,A Tiempo,Tarde,False
2025-11-16 22:27:51.022536,Ruta 4 - Este,155,3.0,3,50,2025-11-16 22:15:00,2025-11-16 22:15:37.915412538,24.32058393458693,Sunday,0.0,35.0,70.0,0.63,A Tiempo,Noche,False
2025-11-16 23:42:51.022536,Ruta 5 - Oeste,155,6.0,7,50,2025-11-16 23:30:00,2025-11-16 23:32:40.479058710,26.52348490357596,Sunday,-1.0,34.0,68.0,2.67,Retraso Leve,Noche,False
2025-11-17 06:42:51.022536,Ruta 1 - Centro,155,6.0,2,60,2025-11-17 06:30:00,2025-11-17 06:30:09.860450466,28.1827743768837,Monday,4.0,38.0,63.33,0.16,A Tiempo,Madrugada,False
2025-11-17 12:32:51.022536,Ruta 2 - Norte,155,10.0,9,40,2025-11-17 12:30:00,2025-11-17 12:31:09.763346772,23.98004486636924,Monday,1.0,39.0,97.5,1.16,A Tiempo,Mañana,False
2025-11-17 12:42:51.022536,Ruta 1 - Centro,155,8.0,9,60,2025-11-17 12:30:00,2025-11-17 12:31:10.405554654,19.01454613148589,Monday,-1.0,38.0,63.33,1.17,A Tiempo,Mañana,False
2025-11-17 15:47:51.022536,Ruta 3 - Sur,155,6.0,11,50,2025-11-17 15:45:00,2025-11-17 15:47:56.054671668,22.76536443663916,Monday,-5.0,33.0,66.0,2.93,Retraso Leve,Tarde,False
2025-11-17 19:07:51.022536,Ruta 3 - Sur,155,8.0,4,60,2025-11-17 19:00:00,2025-11-17 19:01:06.037066146,26.13568028174046,Monday,4.0,37.0,61.67,1.1,A Tiempo,Noche,True
2025-11-17 19:22:51.022536,Ruta 6 - Express,155,7.0,3,60,2025-11-17 19:15:00,2025-11-17 19:16:00.979123403,12.944135733201843,Monday,4.0,41.0,68.33,1.02,A Tiempo,Noche,True
2025-11-18 06:27:51.022536,Ruta 4 - Este,155,8.0,8,60,2025-11-18 06:15:00,2025-11-18 06:15:31.901313048,23.675098091994645,Tuesday,0.0,41.0,68.33,0.53,A Tiempo,Madrugada,False
2025-11-18 14:57:51.022536,Ruta 4 - Este,155,4.0,7,60,2025-11-18 14:45:00,2025-11-18 14:45:24.808083090,18.87103818695423,Tuesday,-3.0,38.0,63.33,0.41,A Tiempo,Tarde,False
2025-11-19 09:52:51.022536,Ruta 6 - Express,155,9.0,6,60,2025-11-19 09:45:00,2025-11-19 09:48:47.492411598,19.74645464725477,Wednesday,3.0,41.0,68.33,3.79,Retraso Leve,Mañana,True
2025-11-19 22:42:51.022536,Ruta 6 - Express,155,5.0,6,60,2025-11-19 22:30:00,2025-11-19 22:30:01.470734202,14.52709699089035,Wednesday,-1.0,40.0,66.67,0.02,A Tiempo,Noche,False
2025-11-19 23:57:51.022536,Ruta 1 - Centro,155,9.0,9,60,2025-11-19 23:45:00,2025-11-19 23:45:03.501251334,20.840807936853658,Wednesday,0.0,40.0,66.67,0.06,A Tiempo,Noche,False
2025-11-20 08:32:51.022536,Ruta 1 - Centro,155,9.0,5,60,2025-11-20 08:30:00,2025-11-20 08:32:29.814374628,20.344533237276323,Thursday,4.0,44.0,73.33,2.5,Retraso Leve,Mañana,True
2025-11-20 16:22:51.022536,Ruta 2 - Norte,155,9.0,6,60,2025-11-20 16:15:00,2025-11-20 16:15:56.264691612,22.77904295585937,Thursday,3.0,47.0,78.33,0.94,A Tiempo,Tarde,False
2025-11-20 18:47:51.022536,Ruta 3 - Sur,155,14.0,3,40,2025-11-20 18:45:00,2025-11-20 18:47:00.862207524,28.26275290356749,Thursday,11.0,58.0,100.0,2.01,Retraso Leve,Tarde,True
2025-11-21 12:17:51.022536,Ruta 1 - Centro,155,9.0,10,50,2025-11-21 12:15:00,2025-11-21 12:18:12.675766494,15.407162658179091,Friday,-1.0,57.0,100.0,3.21,Retraso Leve,Mañana,False
2025-11-21 16:32:51.022536,Ruta 5 - Oeste,155,11.0,6,50,2025-11-21 16:30:00,2025-11-21 16:31:16.280663154,23.693430063591794,Friday,5.0,62.0,100.0,1.27,A Tiempo,Tarde,False
2025-11-22 21:02:51.022536,Ruta 1 - Centro,155,8.0,5,60,2025-11-22 21:00:00,2025-11-22 21:01:40.287463506,30.47731747381941,Saturday,3.0,65.0,100.0,1.67,A Tiempo,Noche,False
2025-11-23 10:57:51.022536,Ruta 4 - Este,155,8.0,1,60,2025-11-23 10:45:00,2025-11-23 10:45:48.990626940,34.248847345713735,Sunday,7.0,72.0,100.0,0.82,A Tiempo,Mañana,False
2025-11-24 17:22:51.022536,Ruta 3 - Sur,155,12.0,2,40,2025-11-24 17:15:00,2025-11-24 17:15:50.432274294,26.22859042739512,Monday,10.0,82.0,100.0,0.84,A Tiempo,Tarde,True
2025-11-25 06:02:51.022536,Ruta 5 - Oeste,155,8.0,8,40,2025-11-25 06:00:00,2025-11-25 06:00:50.494529532,18.660004299491888,Tuesday,0.0,82.0,100.0,0.84,A Tiempo,Madrugada,False
2025-11-26 04:47:51.022536,Ruta 6 - Express,155,10.0,7,50,2025-11-26 04:45:00,2025-11-26 04:45:27.165432120,27.32576504898184,Wednesday,3.0,85.0,100.0,0.45,A Tiempo,Madrugada,False
2025-11-26 04:57:51.022536,Ruta 6 - Express,155,4.0,13,60,2025-11-26 04:45:00,2025-11-26 04:45:00.999544997,31.41594495980144,Wednesday,-9.0,76.0,100.0,0.02,A Tiempo,Madrugada,False
2025-11-26 06:17:51.022536,Ruta 3 - Sur,155,8.0,11,50,2025-11-26 06:15:00,2025-11-26 06:21:22.209861828,22.525082361540385,Wednesday,-3.0,73.0,100.0,6.37,Retraso Grave,Madrugada,False
2025-11-26 15:57:51.022536,Ruta 3 - Sur,155,6.0,2,60,2025-11-26 15:45:00,2025-11-26 15:50:00.873316980,19.289578486383466,Wednesday,4.0,77.0,100.0,5.01,Retraso Grave,Tarde,False
2025-11-26 18:47:51.022536,Ruta 3 - Sur,155,10.0,5,60,2025-11-26 18:45:00,2025-11-26 18:51:28.809778560,21.853357477322703,Wednesday,5.0,82.0,100.0,6.48,Retraso Grave,Tarde,True
2025-11-09 15:47:51.022536,Ruta 5 - Oeste,156,11.0,9,40,2025-11-09 15:45:00,2025-11-09 15:45:13.980965436,27.82275808037945,Sunday,2.0,2.0,5.0,0.23,A Tiempo,Tarde,False
2025-11-09 16:07:51.022536,Ruta 2 - Norte,156,6.0,3,60,2025-11-09 16:00:00,2025-11-09 16:00:24.807702960,19.70652675544088,Sunday,3.0,5.0,8.33,0.41,A Tiempo,Tarde,False
2025-11-09 23:07:51.022536,Ruta 5 - Oeste,156,8.0,6,60,2025-11-09 23:00:00,2025-11-09 23:00:03.521635602,13.79392900044652,Sunday,2.0,7.0,11.67,0.06,A Tiempo,Noche,False
2025-11-10 20:42:51.022536,Ruta 3 - Sur,156,10.0,10,40,2025-11-10 20:30:00,2025-11-10 20:33:52.198265160,20.18631202498789,Monday,0.0,7.0,17.5,3.87,Retraso Leve,Noche,False
2025-11-11 03:32:51.022536,Ruta 4 - Este,156,5.0,5,50,2025-11-11 03:30:00,2025-11-11 03:32:30.956651418,28.36107040061426,Tuesday,0.0,7.0,14.0,2.52,Retraso Leve,Madrugada,False
2025-11-11 10:27:51.022536,Ruta 3 - Sur,156,6.0,7,60,2025-11-11 10:15:00,2025-11-11 10:15:07.346652402,28.365213249856595,Tuesday,-1.0,6.0,10.0,0.12,A Tiempo,Mañana,False
2025-11-11 17:17:51.022536,Ruta 1 - Centro,156,11.0,5,50,2025-11-11 17:15:00,2025-11-11 17:17:26.599681332,29.70746807612704,Tuesday,6.0,12.0,24.0,2.44,Retraso Leve,Tarde,True
2025-11-11 18:37:51.022536,Ruta 3 - Sur,156,7.0,3,50,2025-11-11 18:30:00,2025-11-11 18:32:30.804235487,28.216564007581564,Tuesday,4.0,16.0,32.0,2.51,Retraso Leve,Tarde,True
2025-11-12 21:17:51.022536,Ruta 4 - Este,156,6.0,5,50,2025-11-12 21:15:00,2025-11-12 21:16:58.400631282,27.866445012874216,Wednesday,1.0,17.0,34.0,1.97,A Tiempo,Noche,False
2025-11-13 06:27:51.022536,Ruta 4 - Este,156,8.0,8,50,2025-11-13 06:15:00,2025-11-13 06:15:24.324568380,33.91948794937453,Thursday,0.0,17.0,34.0,0.41,A Tiempo,Madrugada,False
2025-11-13 14:02:51.022536,Ruta 3 - Sur,156,7.0,3,60,2025-11-13 14:00:00,2025-11-13 14:00:32.929137126,31.685179237309043,Thursday,4.0,21.0,35.0,0.55,A Tiempo,Tarde,False
2025-11-13 16:22:51.022536,Ruta 6 - Express,156,6.0,3,40,2025-11-13 16:15:00,2025-11-13 16:20:11.499923982,32.47137106791341,Thursday,3.0,24.0,60.0,5.19,Retraso Grave,Tarde,False
2025-11-13 23:02:51.022536,Ruta 4 - Este,156,9.0,7,50,2025-11-13 23:00:00,2025-11-13 23:02:19.706408178,27.17511277363561,Thursday,2.0,26.0,52.0,2.33,Retraso Leve,Noche,False
2025-11-14 01:37:51.022536,Ruta 1 - Centro,156,9.0,1,40,2025-11-14 01:30:00,2025-11-14 01:32:51.138782838,17.17029411304979,Friday,8.0,34.0,85.0,2.85,Retraso Leve,Madrugada,False
2025-11-14 13:52:51.022536,Ruta 2 - Norte,156,13.0,3,50,2025-11-14 13:45:00,2025-11-14 13:45:33.657148859,30.50668886570161,Friday,10.0,44.0,88.0,0.56,A Tiempo,Tarde,False
2025-11-14 19:22:51.022536,Ruta 1 - Centro,156,10.0,4,50,2025-11-14 19:15:00,2025-11-14 19:20:33.867473910,31.40664746728573,Friday,6.0,50.0,100.0,5.56,Retraso Grave,Noche,True
2025-11-14 20:27:51.022536,Ruta 4 - Este,156,6.0,11,40,2025-11-14 20:15:00,2025-11-14 20:15:09.604022370,19.39945119703527,Friday,-5.0,45.0,100.0,0.16,A Tiempo,Noche,False
2025-11-14 23:27:51.022536,Ruta 2 - Norte,156,4.0,6,40,2025-11-14 23:15:00,2025-11-14 23:15:08.776574040,33.365664983945344,Friday,-2.0,43.0,100.0,0.15,A Tiempo,Noche,False
2025-11-15 09:22:51.022536,Ruta 2 - Norte,156,8.0,5,60,2025-11-15 09:15:00,2025-11-15 09:23:18.943291992,23.519889007037044,Saturday,3.0,46.0,76.67,8.32,Retraso Grave,Mañana,True
2025-11-15 17:42:51.022536,Ruta 3 - Sur,156,5.0,6,60,2025-11-15 17:30:00,2025-11-15 17:30:02.596825998,24.21553347138488,Saturday,-1.0,45.0,75.0,0.04,A Tiempo,Tarde,True
2025-11-16 02:27:51.022536,Ruta 3 - Sur,156,10.0,8,50,2025-11-16 02:15:00,2025-11-16 02:15:05.140725456,27.21380986244205,Sunday,2.0,47.0,94.0,0.09,A Tiempo,Madrugada,False
2025-11-16 04:02:51.022536,Ruta 5 - Oeste,156,8.0,1,50,2025-11-16 04:00:00,2025-11-16 04:01:09.764048190,29.57092663806211,Sunday,7.0,54.0,100.0,1.16,A Tiempo,Madrugada,False
2025-11-17 09:27:51.022536,Ruta 6 - Express,156,7.0,5,50,2025-11-17 09:15:00,2025-11-17 09:15:59.707409778,24.47013724492797,Monday,2.0,56.0,100.0,1.0,A Tiempo,Mañana,True
2025-11-17 17:07:51.022536,Ruta 2 - Norte,156,6.0,9,40,2025-11-17 17:00:00,2025-11-17 17:06:09.045586764,32.394969217118906,Monday,-3.0,53.0,100.0,6.15,Retraso Grave,Tarde,True
2025-11-17 19:32:51.022536,Ruta 6 - Express,156,13.0,9,50,2025-11-17 19:30:00,2025-11-17 19:30:40.792286688,26.509122644767483,Monday,4.0,57.0,100.0,0.68,A Tiempo,Noche,True
2025-11-18 02:02:51.022536,Ruta 4 - Este,156,6.0,9,60,2025-11-18 02:00:00,2025-11-18 02:08:25.877547438,17.816345794693806,Tuesday,-3.0,54.0,90.0,8.43,Retraso Grave,Madrugada,False
2025-11-18 09:32:51.022536,Ruta 3 - Sur,156,8.0,3,50,2025-11-18 09:30:00,2025-11-18 09:30:37.040387442,15.533124249713126,Tuesday,5.0,59.0,100.0,0.62,A Tiempo,Mañana,True
2025-11-19 05:17:51.022536,Ruta 2 - Norte,156,9.0,6,40,2025-11-19 05:15:00,2025-11-19 05:20:34.830391806,22.95765112371583,Wednesday,3.0,62.0,100.0,5.58,Retraso Grave,Madrugada,False
2025-11-19 09:22:51.022536,Ruta 1 - Centro,156,7.0,3,50,2025-11-19 09:15:00,2025-11-19 09:16:07.909144223,24.90561216711729,Wednesday,4.0,66.0,100.0,1.13,A Tiempo,Mañana,True
2025-11-19 10:02:51.022536,Ruta 6 - Express,156,6.0,5,50,2025-11-19 10:00:00,2025-11-19 10:00:02.404432548,26.965168476427475,Wednesday,1.0,67.0,100.0,0.04,A Tiempo,Mañana,False
2025-11-19 11:17:51.022536,Ruta 5 - Oeste,156,12.0,5,40,2025-11-19 11:15:00,2025-11-19 11:17:08.909715846,26.057789761386577,Wednesday,7.0,74.0,100.0,2.15,Retraso Leve,Mañana,False
2025-11-19 15:47:51.022536,Ruta 1 - Centro,156,12.0,8,40,2025-11-19 15:45:00,2025-11-19 15:45:30.027099749,23.765440779755405,Wednesday,4.0,78.0,100.0,0.5,A Tiempo,Tarde,False
2025-11-20 07:07:51.022536,Ruta 1 - Centro,156,8.0,7,50,2025-11-20 07:00:00,2025-11-20 07:00:56.626287396,24.03862732334317,Thursday,1.0,79.0,100.0,0.94,A Tiempo,Mañana,True
2025-11-20 13:42:51.022536,Ruta 4 - Este,156,11.0,5,40,2025-11-20 13:30:00,2025-11-20 13:30:05.015493540,18.11153932704988,Thursday,6.0,85.0,100.0,0.08,A Tiempo,Tarde,False
2025-11-20 15:42:51.022536,Ruta 4 - Este,156,10.0,9,50,2025-11-20 15:30:00,2025-11-20 15:31:30.700525638,26.94107480067948,Thursday,1.0,86.0,100.0,1.51,A Tiempo,Tarde,False
2025-11-20 17:17:51.022536,Ruta 2 - Norte,156,8.0,5,60,2025-11-20 17:15:00,2025-11-20 17:16:26.653378206,18.51985070837433,Thursday,3.0,89.0,100.0,1.44,A Tiempo,Tarde,True
2025-11-20 23:07:51.022536,Ruta 2 - Norte,156,6.0,12,60,2025-11-20 23:00:00,2025-11-20 23:01:03.721479954,24.96884685284247,Thursday,-6.0,83.0,100.0,1.06,A Tiempo,Noche,False
2025-11-21 06:22:51.022536,Ruta 3 - Sur,156,4.0,6,40,2025-11-21 06:15:00,2025-11-21 06:15:12.143220528,26.43936755787764,Friday,-2.0,81.0,100.0,0.2,A Tiempo,Madrugada,False
2025-11-21 15:12:51.022536,Ruta 6 - Express,156,3.0,6,60,2025-11-21 15:00:00,2025-11-21 15:00:59.954738262,20.43496906908885,Friday,-3.0,78.0,100.0,1.0,A Tiempo,Tarde,False
2025-11-21 15:42:51.022536,Ruta 4 - Este,156,4.0,5,50,2025-11-21 15:30:00,2025-11-21 15:33:41.768934960,23.265193612503488,Friday,-1.0,77.0,100.0,3.7,Retraso Leve,Tarde,False
2025-11-21 17:42:51.022536,Ruta 6 - Express,156,7.0,6,40,2025-11-21 17:30:00,2025-11-21 17:33:47.549643618,24.113545700789324,Friday,1.0,78.0,100.0,3.79,Retraso Leve,Tarde,True
2025-11-23 04:02:51.022536,Ruta 6 - Express,156,4.0,8,60,2025-11-23 04:00:00,2025-11-23 04:01:14.898088398,22.37681465282702,Sunday,-4.0,74.0,100.0,1.25,A Tiempo,Madrugada,False
2025-11-23 05:02:51.022536,Ruta 5 - Oeste,156,6.0,3,50,2025-11-23 05:00:00,2025-11-23 05:03:11.201186268,18.24435788622079,Sunday,3.0,77.0,100.0,3.19,Retraso Leve,Madrugada,False
2025-11-23 06:17:51.022536,Ruta 2 - Norte,156,8.0,7,40,2025-11-23 06:15:00,2025-11-23 06:16:06.169770990,25.965231959536943,Sunday,1.0,78.0,100.0,1.1,A Tiempo,Madrugada,False
2025-11-23 08:17:51.022536,Ruta 2 - Norte,156,6.0,8,50,2025-11-23 08:15:00,2025-11-23 08:15:01.544976612,26.551973845166817,Sunday,-2.0,76.0,100.0,0.03,A Tiempo,Mañana,True
2025-11-23 11:57:51.022536,Ruta 5 - Oeste,156,4.0,8,50,2025-11-23 11:45:00,2025-11-23 11:46:54.883237122,24.526954151948825,Sunday,-4.0,72.0,100.0,1.91,A Tiempo,Mañana,False
2025-11-23 14:17:51.022536,Ruta 3 - Sur,156,5.0,7,50,2025-11-23 14:15:00,2025-11-23 14:15:56.148569682,25.301309282612102,Sunday,-2.0,70.0,100.0,0.94,A Tiempo,Tarde,False
2025-11-24 10:47:51.022536,Ruta 2 - Norte,156,12.0,8,50,2025-11-24 10:45:00,2025-11-24 10:49:08.319569706,32.66989082631081,Monday,4.0,74.0,100.0,4.14,Retraso Leve,Mañana,False
2025-11-24 11:27:51.022536,Ruta 4 - Este,156,7.0,6,60,2025-11-24 11:15:00,2025-11-24 11:15:09.459590370,22.853105410443035,Monday,1.0,75.0,100.0,0.16,A Tiempo,Mañana,False
2025-11-24 16:37:51.022536,Ruta 2 - Norte,156,6.0,6,50,2025-11-24 16:30:00,2025-11-24 16:32:32.563162139,23.85527017936899,Monday,0.0,75.0,100.0,2.54,Retraso Leve,Tarde,False
2025-11-25 12:12:51.022536,Ruta 5 - Oeste,156,10.0,2,60,2025-11-25 12:00:00,2025-11-25 12:00:18.343469130,22.5489018877633,Tuesday,8.0,83.0,100.0,0.31,A Tiempo,Mañana,False
2025-11-25 14:52:51.022536,Ruta 4 - Este,156,6.0,13,50,2025-11-25 14:45:00,2025-11-25 14:47:11.728509792,38.88098203075671,Tuesday,-7.0,76.0,100.0,2.2,Retraso Leve,Tarde,False
2025-11-25 22:22:51.022536,Ruta 1 - Centro,156,9.0,2,50,2025-11-25 22:15:00,2025-11-25 22:17:18.319241592,31.385732745933616,Tuesday,7.0,83.0,100.0,2.31,Retraso Leve,Noche,False
2025-11-26 03:07:51.022536,Ruta 3 - Sur,156,8.0,4,60,2025-11-26 03:00:00,2025-11-26 03:01:58.892189568,19.457248516131703,Wednesday,4.0,87.0,100.0,1.98,A Tiempo,Madrugada,False
2025-11-09 19:42:51.022536,Ruta 1 - Centro,157,8.0,5,50,2025-11-09 19:30:00,2025-11-09 19:32:36.105816540,26.99882129209432,Sunday,3.0,3.0,6.0,2.6,Retraso Leve,Noche,True
2025-11-09 20:07:51.022536,Ruta 1 - Centro,157,7.0,13,60,2025-11-09 20:00:00,2025-11-09 20:04:17.539941252,28.919375202380323,Sunday,-6.0,0.0,0.0,4.29,Retraso Leve,Noche,False
2025-11-09 21:17:51.022536,Ruta 4 - Este,157,6.0,6,50,2025-11-09 21:15:00,2025-11-09 21:15:23.830744350,20.75387214465881,Sunday,0.0,0.0,0.0,0.4,A Tiempo,Noche,False
2025-11-10 09:12:51.022536,Ruta 3 - Sur,157,10.0,3,40,2025-11-10 09:00:00,2025-11-10 09:02:01.644359916,32.13261622023947,Monday,7.0,4.0,10.0,2.03,Retraso Leve,Mañana,True
2025-11-10 22:17:51.022536,Ruta 4 - Este,157,7.0,10,60,2025-11-10 22:15:00,2025-11-10 22:16:26.890165338,29.6205951024471,Monday,-3.0,1.0,1.67,1.45,A Tiempo,Noche,False
2025-11-11 13:37:51.022536,Ruta 2 - Norte,157,6.0,5,50,2025-11-11 13:30:00,2025-11-11 13:31:06.056634396,19.810617520274704,Tuesday,1.0,2.0,4.0,1.1,A Tiempo,Tarde,False
2025-11-11 22:57:51.022536,Ruta 5 - Oeste,157,6.0,7,50,2025-11-11 22:45:00,2025-11-11 22:48:04.123277820,17.43863674592319,Tuesday,-1.0,1.0,2.0,3.07,Retraso Leve,Noche,False
2025-11-11 23:12:51.022536,Ruta 6 - Express,157,9.0,9,40,2025-11-11 23:00:00,2025-11-11 23:00:10.486137240,18.786566994948902,Tuesday,0.0,1.0,2.5,0.17,A Tiempo,Noche,False
2025-11-11 23:42:51.022536,Ruta 3 - Sur,157,5.0,5,60,2025-11-11 23:30:00,2025-11-11 23:30:57.657614022,22.816391579837735,Tuesday,0.0,1.0,1.67,0.96,A Tiempo,Noche,False
2025-11-12 02:57:51.022536,Ruta 5 - Oeste,157,12.0,10,50,2025-11-12 02:45:00,2025-11-12 02:45:57.551617206,21.417348579002923,Wednesday,2.0,3.0,6.0,0.96,A Tiempo,Madrugada,False
2025-11-12 10:47:51.022536,Ruta 3 - Sur,157,11.0,7,40,2025-11-12 10:45:00,2025-11-12 10:46:40.473376530,21.48822916317483,Wednesday,4.0,7.0,17.5,1.67,A Tiempo,Mañana,False
2025-11-12 15:02:51.022536,Ruta 4 - Este,157,5.0,7,50,2025-11-12 15:00:00,2025-11-12 15:01:09.085879548,26.83578525943928,Wednesday,-2.0,5.0,10.0,1.15,A Tiempo,Tarde,False
2025-11-12 18:52:51.022536,Ruta 2 - Norte,157,12.0,7,50,2025-11-12 18:45:00,2025-11-12 18:45:27.834722022,30.058832430771535,Wednesday,5.0,10.0,20.0,0.46,A Tiempo,Tarde,True
2025-11-13 03:42:51.022536,Ruta 6 - Express,157,8.0,6,60,2025-11-13 03:30:00,2025-11-13 03:30:09.104687580,25.134485398936985,Thursday,2.0,12.0,20.0,0.15,A Tiempo,Madrugada,False
2025-11-13 15:07:51.022536,Ruta 1 - Centro,157,7.0,8,50,2025-11-13 15:00:00,2025-11-13 15:01:59.927420772,24.854196886739427,Thursday,-1.0,11.0,22.0,2.0,A Tiempo,Tarde,False
2025-11-14 02:57:51.022536,Ruta 6 - Express,157,6.0,5,60,2025-11-14 02:45:00,2025-11-14 02:45:15.140237076,19.460300359157007,Friday,1.0,12.0,20.0,0.25,A Tiempo,Madrugada,False
2025-11-14 11:22:51.022536,Ruta 6 - Express,157,12.0,4,60,2025-11-14 11:15:00,2025-11-14 11:17:09.969235590,16.93775973137512,Friday,8.0,20.0,33.33,2.17,Retraso Leve,Mañana,False
2025-11-15 04:42:51.022536,Ruta 4 - Este,157,4.0,12,40,2025-11-15 04:30:00,2025-11-15 04:31:04.175184300,25.33272572472207,Saturday,-8.0,12.0,30.0,1.07,A Tiempo,Madrugada,False
2025-11-15 07:57:51.022536,Ruta 5 - Oeste,157,11.0,4,50,2025-11-15 07:45:00,2025-11-15 07:45:16.182418938,25.028906253929737,Saturday,7.0,19.0,38.0,0.27,A Tiempo,Mañana,True
2025-11-15 10:27:51.022536,Ruta 2 - Norte,157,6.0,10,60,2025-11-15 10:15:00,2025-11-15 10:15:42.854226654,26.87403227047449,Saturday,-4.0,15.0,25.0,0.71,A Tiempo,Mañana,False
2025-11-16 05:22:51.022536,Ruta 6 - Express,157,7.0,6,60,2025-11-16 05:15:00,2025-11-16 05:15:12.814736760,23.438375891495426,Sunday,1.0,16.0,26.67,0.21,A Tiempo,Madrugada,False
2025-11-16 16:22:51.022536,Ruta 1 - Centro,157,5.0,6,60,2025-11-16 16:15:00,2025-11-16 16:16:34.150273566,29.40437345421955,Sunday,-1.0,15.0,25.0,1.57,A Tiempo,Tarde,False
2025-11-17 07:47:51.022536,Ruta 2 - Norte,157,11.0,5,50,2025-11-17 07:45:00,2025-11-17 07:48:31.056970830,21.708998341935786,Monday,6.0,21.0,42.0,3.52,Retraso Leve,Mañana,True
2025-11-17 13:57:51.022536,Ruta 4 - Este,157,5.0,8,40,2025-11-17 13:45:00,2025-11-17 13:47:56.483499696,30.87753242359633,Monday,-3.0,18.0,45.0,2.94,Retraso Leve,Tarde,False
2025-11-18 00:12:51.022536,Ruta 1 - Centro,157,8.0,3,60,2025-11-18 00:00:00,2025-11-18 00:04:43.885387218,23.35028243829541,Tuesday,5.0,23.0,38.33,4.73,Retraso Leve,Madrugada,False
2025-11-18 04:07:51.022536,Ruta 3 - Sur,157,10.0,6,60,2025-11-18 04:00:00,2025-11-18 04:00:45.940845342,22.214114193489237,Tuesday,4.0,27.0,45.0,0.77,A Tiempo,Madrugada,False
2025-11-18 07:22:51.022536,Ruta 4 - Este,157,7.0,3,40,2025-11-18 07:15:00,2025-11-18 07:18:38.060788494,19.56276130386172,Tuesday,4.0,31.0,77.5,3.63,Retraso Leve,Mañana,True
2025-11-18 10:32:51.022536,Ruta 2 - Norte,157,5.0,9,60,2025-11-18 10:30:00,2025-11-18 10:32:39.749134962,28.385938338709973,Tuesday,-4.0,27.0,45.0,2.66,Retraso Leve,Mañana,False
2025-11-18 17:02:51.022536,Ruta 1 - Centro,157,6.0,5,60,2025-11-18 17:00:00,2025-11-18 17:01:32.741531730,32.3539903079158,Tuesday,1.0,28.0,46.67,1.55,A Tiempo,Tarde,True
2025-11-19 13:42:51.022536,Ruta 3 - Sur,157,8.0,8,40,2025-11-19 13:30:00,2025-11-19 13:34:39.226059840,24.12887300508844,Wednesday,0.0,28.0,70.0,4.65,Retraso Leve,Tarde,False
2025-11-19 14:52:51.022536,Ruta 4 - Este,157,9.0,8,40,2025-11-19 14:45:00,2025-11-19 14:45:25.368839910,30.797320908997264,Wednesday,1.0,29.0,72.5,0.42,A Tiempo,Tarde,False
2025-11-19 16:37:51.022536,Ruta 2 - Norte,157,9.0,3,60,2025-11-19 16:30:00,2025-11-19 16:30:28.819996254,24.339964929574343,Wednesday,6.0,35.0,58.33,0.48,A Tiempo,Tarde,False
2025-11-19 23:12:51.022536,Ruta 5 - Oeste,157,6.0,3,60,2025-11-19 23:00:00,2025-11-19 23:02:41.875923096,18.53184299335277,Wednesday,3.0,38.0,63.33,2.7,Retraso Leve,Noche,False
2025-11-20 08:57:51.022536,Ruta 2 - Norte,157,7.0,4,50,2025-11-20 08:45:00,2025-11-20 08:45:25.445615838,27.529971844931097,Thursday,3.0,41.0,82.0,0.42,A Tiempo,Mañana,True
2025-11-20 13:37:51.022536,Ruta 2 - Norte,157,6.0,3,50,2025-11-20 13:30:00,2025-11-20 13:34:17.431560624,26.529483259021696,Thursday,3.0,44.0,88.0,4.29,Retraso Leve,Tarde,False
2025-11-20 15:57:51.022536,Ruta 4 - Este,157,11.0,6,40,2025-11-20 15:45:00,2025-11-20 15:48:03.621386088,26.90884442698401,Thursday,5.0,49.0,100.0,3.06,Retraso Leve,Tarde,False
2025-11-21 08:07:51.022536,Ruta 6 - Express,157,3.0,13,40,2025-11-21 08:00:00,2025-11-21 08:01:15.685876307,22.79695543678968,Friday,-10.0,39.0,97.5,1.26,A Tiempo,Mañana,True
2025-11-21 14:32:51.022536,Ruta 6 - Express,157,14.0,10,60,2025-11-21 14:30:00,2025-11-21 14:30:11.391484584,20.33486581521308,Friday,4.0,43.0,71.67,0.19,A Tiempo,Tarde,False
2025-11-21 22:57:51.022536,Ruta 3 - Sur,157,4.0,8,50,2025-11-21 22:45:00,2025-11-21 22:50:02.319088584,27.267826064857864,Friday,-4.0,39.0,78.0,5.04,Retraso Grave,Noche,False
2025-11-22 01:37:51.022536,Ruta 6 - Express,157,11.0,8,60,2025-11-22 01:30:00,2025-11-22 01:30:50.681814348,19.54928671233335,Saturday,3.0,42.0,70.0,0.84,A Tiempo,Madrugada,False
2025-11-22 07:37:51.022536,Ruta 2 - Norte,157,8.0,5,40,2025-11-22 07:30:00,2025-11-22 07:31:16.523485452,21.72155643550497,Saturday,3.0,45.0,100.0,1.28,A Tiempo,Mañana,True
2025-11-22 09:02:51.022536,Ruta 3 - Sur,157,9.0,5,50,2025-11-22 09:00:00,2025-11-22 09:04:10.487648322,28.407047234944077,Saturday,4.0,49.0,98.0,4.17,Retraso Leve,Mañana,True
2025-11-22 12:52:51.022536,Ruta 3 - Sur,157,7.0,5,40,2025-11-22 12:45:00,2025-11-22 12:46:39.809292888,23.30053789372222,Saturday,2.0,51.0,100.0,1.66,A Tiempo,Mañana,False
2025-11-22 14:07:51.022536,Ruta 4 - Este,157,7.0,4,50,2025-11-22 14:00:00,2025-11-22 14:03:09.735025254,23.494773890739665,Saturday,3.0,54.0,100.0,3.16,Retraso Leve,Tarde,False
2025-11-22 14:27:51.022536,Ruta 5 - Oeste,157,6.0,5,40,2025-11-22 14:15:00,2025-11-22 14:16:44.925013080,23.565665898238716,Saturday,1.0,55.0,100.0,1.75,A Tiempo,Tarde,False
2025-11-22 21:42:51.022536,Ruta 5 - Oeste,157,9.0,4,60,2025-11-22 21:30:00,2025-11-22 21:34:49.579283736,30.90948002391636,Saturday,5.0,60.0,100.0,4.83,Retraso Leve,Noche,False
2025-11-23 01:22:51.022536,Ruta 6 - Express,157,9.0,4,50,2025-11-23 01:15:00,2025-11-23 01:18:19.826605782,25.138570371345512,Sunday,5.0,65.0,100.0,3.33,Retraso Leve,Madrugada,False
2025-11-23 01:27:51.022536,Ruta 6 - Express,157,6.0,6,40,2025-11-23 01:15:00,2025-11-23 01:15:07.084633404,23.63818782804261,Sunday,0.0,65.0,100.0,0.12,A Tiempo,Madrugada,False
2025-11-23 05:57:51.022536,Ruta 4 - Este,157,6.0,10,60,2025-11-23 05:45:00,2025-11-23 05:47:30.706437353,23.75775240989568,Sunday,-4.0,61.0,100.0,2.51,Retraso Leve,Madrugada,False
2025-11-23 06:07:51.022536,Ruta 4 - Este,157,6.0,4,60,2025-11-23 06:00:00,2025-11-23 06:00:26.188656162,32.27773089144487,Sunday,2.0,63.0,100.0,0.44,A Tiempo,Madrugada,False
2025-11-23 10:42:51.022536,Ruta 3 - Sur,157,11.0,5,40,2025-11-23 10:30:00,2025-11-23 10:30:58.758274248,29.11983644903846,Sunday,6.0,69.0,100.0,0.98,A Tiempo,Mañana,False
2025-11-23 12:27:51.022536,Ruta 4 - Este,157,11.0,3,50,2025-11-23 12:15:00,2025-11-23 12:15:23.144992446,15.61219397575366,Sunday,8.0,77.0,100.0,0.39,A Tiempo,Mañana,False
2025-11-23 20:27:51.022536,Ruta 4 - Este,157,9.0,4,40,2025-11-23 20:15:00,2025-11-23 20:15:38.994520722,22.194122584777944,Sunday,5.0,82.0,100.0,0.65,A Tiempo,Noche,False
2025-11-23 22:52:51.022536,Ruta 5 - Oeste,157,5.0,8,40,2025-11-23 22:45:00,2025-11-23 22:47:11.221627914,30.858655430171545,Sunday,-3.0,79.0,100.0,2.19,Retraso Leve,Noche,False
2025-11-24 02:02:51.022536,Ruta 2 - Norte,157,7.0,8,50,2025-11-24 02:00:00,2025-11-24 02:00:57.535115976,20.730635796113887,Monday,-1.0,78.0,100.0,0.96,A Tiempo,Madrugada,False
2025-11-24 08:37:51.022536,Ruta 1 - Centro,157,13.0,9,60,2025-11-24 08:30:00,2025-11-24 08:33:02.755562472,29.816634908809775,Monday,4.0,82.0,100.0,3.05,Retraso Leve,Mañana,True
2025-11-24 16:47:51.022536,Ruta 2 - Norte,157,9.0,3,40,2025-11-24 16:45:00,2025-11-24 16:45:33.432985902,28.26816394268674,Monday,6.0,88.0,100.0,0.56,A Tiempo,Tarde,False
2025-11-25 00:12:51.022536,Ruta 6 - Express,157,15.0,5,40,2025-11-25 00:00:00,2025-11-25 00:04:30.354586356,31.822971091198287,Tuesday,10.0,98.0,100.0,4.51,Retraso Leve,Madrugada,False
2025-11-25 08:12:51.022536,Ruta 6 - Express,157,10.0,8,50,2025-11-25 08:00:00,2025-11-25 08:00:22.215595956,26.11143124146764,Tuesday,2.0,100.0,100.0,0.37,A Tiempo,Mañana,True
2025-11-25 17:22:51.022536,Ruta 2 - Norte,157,9.0,6,60,2025-11-25 17:15:00,2025-11-25 17:15:04.390712118,22.2755982960901,Tuesday,3.0,103.0,100.0,0.07,A Tiempo,Tarde,True
2025-11-26 02:27:51.022536,Ruta 1 - Centro,157,8.0,5,40,2025-11-26 02:15:00,2025-11-26 02:16:25.564860828,24.005848498224783,Wednesday,3.0,106.0,100.0,1.43,A Tiempo,Madrugada,False
2025-11-26 06:27:51.022536,Ruta 2 - Norte,157,4.0,3,40,2025-11-26 06:15:00,2025-11-26 06:16:57.204944694,26.74516094217493,Wednesday,1.0,107.0,100.0,1.95,A Tiempo,Madrugada,False
2025-11-26 16:37:51.022536,Ruta 4 - Este,157,8.0,3,50,2025-11-26 16:30:00,2025-11-26 16:30:12.907216626,17.68042931548385,Wednesday,5.0,112.0,100.0,0.22,A Tiempo,Tarde,False
2025-11-09 17:42:51.022536,Ruta 6 - Express,158,8.0,5,40,2025-11-09 17:30:00,2025-11-09 17:34:28.818182598,22.734614448409715,Sunday,3.0,3.0,7.5,4.48,Retraso Leve,Tarde,True
2025-11-09 20:42:51.022536,Ruta 4 - Este,158,10.0,5,50,2025-11-09 20:30:00,2025-11-09 20:30:25.622590302,26.651744021821173,Sunday,5.0,8.0,16.0,0.43,A Tiempo,Noche,False
2025-11-09 23:02:51.022536,Ruta 5 - Oeste,158,6.0,5,50,2025-11-09 23:00:00,2025-11-09 23:01:44.849574462,23.450951776199773,Sunday,1.0,9.0,18.0,1.75,A Tiempo,Noche,False
2025-11-09 23:17:51.022536,Ruta 5 - Oeste,158,7.0,6,50,2025-11-09 23:15:00,2025-11-09 23:15:17.867667222,23.896389077540015,Sunday,1.0,10.0,20.0,0.3,A Tiempo,Noche,False
2025-11-10 05:07:51.022536,Ruta 2 - Norte,158,6.0,9,60,2025-11-10 05:00:00,2025-11-10 05:05:48.603709038,31.036837081784142,Monday,-3.0,7.0,11.67,5.81,Retraso Grave,Madrugada,False
2025-11-10 07:42:51.022536,Ruta 6 - Express,158,2.0,0,50,2025-11-10 07:30:00,2025-11-10 07:31:20.913661920,21.818942629795224,Monday,2.0,9.0,18.0,1.35,A Tiempo,Mañana,True
2025-11-10 11:42:51.022536,Ruta 6 - Express,158,10.0,7,50,2025-11-10 11:30:00,2025-11-10 11:30:04.372965816,17.147820170582,Monday,3.0,12.0,24.0,0.07,A Tiempo,Mañana,False
2025-11-10 14:02:51.022536,Ruta 6 - Express,158,6.0,11,50,2025-11-10 14:00:00,2025-11-10 14:00:10.105039284,21.65390698785798,Monday,-5.0,7.0,14.0,0.17,A Tiempo,Tarde,False
2025-11-10 16:02:51.022536,Ruta 4 - Este,158,8.0,8,60,2025-11-10 16:00:00,2025-11-10 16:00:08.862769836,32.12814088109059,Monday,0.0,7.0,11.67,0.15,A Tiempo,Tarde,False
2025-11-10 19:32:51.022536,Ruta 6 - Express,158,6.0,3,40,2025-11-10 19:30:00,2025-11-10 19:34:34.765140270,28.1678330239753,Monday,3.0,10.0,25.0,4.58,Retraso Leve,Noche,True
2025-11-11 07:22:51.022536,Ruta 6 - Express,158,9.0,10,50,2025-11-11 07:15:00,2025-11-11 07:20:48.643039374,26.633997100224068,Tuesday,-1.0,9.0,18.0,5.81,Retraso Grave,Mañana,True
2025-11-11 09:02:51.022536,Ruta 2 - Norte,158,7.0,4,60,2025-11-11 09:00:00,2025-11-11 09:00:48.501856674,27.42603758010778,Tuesday,3.0,12.0,20.0,0.81,A Tiempo,Mañana,True
2025-11-11 11:02:51.022536,Ruta 1 - Centro,158,7.0,9,60,2025-11-11 11:00:00,2025-11-11 11:03:07.775808816,26.58888078928959,Tuesday,-2.0,10.0,16.67,3.13,Retraso Leve,Mañana,False
2025-11-11 11:17:51.022536,Ruta 4 - Este,158,16.0,9,50,2025-11-11 11:15:00,2025-11-11 11:18:21.191419176,22.514427581104368,Tuesday,7.0,17.0,34.0,3.35,Retraso Leve,Mañana,False
2025-11-11 14:12:51.022536,Ruta 3 - Sur,158,11.0,6,50,2025-11-11 14:00:00,2025-11-11 14:00:33.094404588,27.032155447279315,Tuesday,5.0,22.0,44.0,0.55,A Tiempo,Tarde,False
2025-11-11 14:22:51.022536,Ruta 4 - Este,158,8.0,5,50,2025-11-11 14:15:00,2025-11-11 14:20:18.345761634,22.06571807302684,Tuesday,3.0,25.0,50.0,5.31,Retraso Grave,Tarde,False
2025-11-12 08:42:51.022536,Ruta 1 - Centro,158,9.0,5,60,2025-11-12 08:30:00,2025-11-12 08:31:07.843705878,23.43562866524371,Wednesday,4.0,29.0,48.33,1.13,A Tiempo,Mañana,True
2025-11-12 09:02:51.022536,Ruta 1 - Centro,158,9.0,6,40,2025-11-12 09:00:00,2025-11-12 09:02:31.679855826,19.637805073854608,Wednesday,3.0,32.0,80.0,2.53,Retraso Leve,Mañana,True
2025-11-12 16:02:51.022536,Ruta 2 - Norte,158,10.0,2,40,2025-11-12 16:00:00,2025-11-12 16:00:27.691391778,22.16251207803622,Wednesday,8.0,40.0,100.0,0.46,A Tiempo,Tarde,False
2025-11-12 19:22:51.022536,Ruta 6 - Express,158,10.0,7,40,2025-11-12 19:15:00,2025-11-12 19:16:25.918049832,19.86156816937209,Wednesday,3.0,43.0,100.0,1.43,A Tiempo,Noche,True
2025-11-13 06:07:51.022536,Ruta 2 - Norte,158,9.0,11,60,2025-11-13 06:00:00,2025-11-13 06:03:57.170375652,23.62303729375281,Thursday,-2.0,41.0,68.33,3.95,Retraso Leve,Madrugada,False
2025-11-13 07:17:51.022536,Ruta 6 - Express,158,5.0,5,50,2025-11-13 07:15:00,2025-11-13 07:15:40.378580130,28.63845571380592,Thursday,0.0,41.0,82.0,0.67,A Tiempo,Mañana,True
2025-11-13 17:07:51.022536,Ruta 4 - Este,158,7.0,4,50,2025-11-13 17:00:00,2025-11-13 17:01:23.806252494,19.2650360747797,Thursday,3.0,44.0,88.0,1.4,A Tiempo,Tarde,True
2025-11-14 05:02:51.022536,Ruta 2 - Norte,158,9.0,8,40,2025-11-14 05:00:00,2025-11-14 05:00:10.539698364,21.360475014461656,Friday,1.0,45.0,100.0,0.18,A Tiempo,Madrugada,False
2025-11-14 17:37:51.022536,Ruta 6 - Express,158,12.0,3,40,2025-11-14 17:30:00,2025-11-14 17:31:43.427843748,23.796462018466848,Friday,9.0,54.0,100.0,1.72,A Tiempo,Tarde,True
2025-11-15 02:37:51.022536,Ruta 5 - Oeste,158,12.0,4,60,2025-11-15 02:30:00,2025-11-15 02:34:55.689041232,13.061305002853182,Saturday,8.0,62.0,100.0,4.93,Retraso Leve,Madrugada,False
2025-11-15 08:07:51.022536,Ruta 1 - Centro,158,10.0,9,40,2025-11-15 08:00:00,2025-11-15 08:02:48.364660110,31.93552523266705,Saturday,1.0,63.0,100.0,2.81,Retraso Leve,Mañana,True
2025-11-15 11:17:51.022536,Ruta 3 - Sur,158,7.0,5,40,2025-11-15 11:15:00,2025-11-15 11:16:56.958640464,29.38447460847725,Saturday,2.0,65.0,100.0,1.95,A Tiempo,Mañana,False
2025-11-15 17:27:51.022536,Ruta 5 - Oeste,158,6.0,3,40,2025-11-15 17:15:00,2025-11-15 17:15:44.294937414,28.5957273587164,Saturday,3.0,68.0,100.0,0.74,A Tiempo,Tarde,True
2025-11-15 22:37:51.022536,Ruta 3 - Sur,158,4.0,10,40,2025-11-15 22:30:00,2025-11-15 22:31:56.618037468,24.83960602150604,Saturday,-6.0,62.0,100.0,1.94,A Tiempo,Noche,False
2025-11-16 17:07:51.022536,Ruta 4 - Este,158,9.0,3,40,2025-11-16 17:00:00,2025-11-16 17:00:05.668968564,27.30712977556718,Sunday,6.0,68.0,100.0,0.09,A Tiempo,Tarde,True
2025-11-16 22:37:51.022536,Ruta 5 - Oeste,158,9.0,10,50,2025-11-16 22:30:00,2025-11-16 22:34:46.448677974,37.79788363161463,Sunday,-1.0,67.0,100.0,4.77,Retraso Leve,Noche,False
2025-11-16 23:07:51.022536,Ruta 2 - Norte,158,9.0,3,40,2025-11-16 23:00:00,2025-11-16 23:04:03.811571838,25.87902474129046,Sunday,6.0,73.0,100.0,4.06,Retraso Leve,Noche,False
2025-11-17 01:22:51.022536,Ruta 4 - Este,158,5.0,7,60,2025-11-17 01:15:00,2025-11-17 01:15:04.440657402,26.43185251404677,Monday,-2.0,71.0,100.0,0.07,A Tiempo,Madrugada,False
2025-11-17 11:27:51.022536,Ruta 1 - Centro,158,1.0,4,50,2025-11-17 11:15:00,2025-11-17 11:15:58.293824694,25.309189070866555,Monday,-3.0,68.0,100.0,0.97,A Tiempo,Mañana,False
2025-11-17 21:57:51.022536,Ruta 3 - Sur,158,6.0,9,60,2025-11-17 21:45:00,2025-11-17 21:46:39.094662708,22.14271318199523,Monday,-3.0,65.0,100.0,1.65,A Tiempo,Noche,False
2025-11-18 07:17:51.022536,Ruta 5 - Oeste,158,7.0,6,60,2025-11-18 07:15:00,2025-11-18 07:15:54.325683834,19.20475519023814,Tuesday,1.0,66.0,100.0,0.91,A Tiempo,Mañana,True
2025-11-18 21:32:51.022536,Ruta 5 - Oeste,158,8.0,6,60,2025-11-18 21:30:00,2025-11-18 21:34:39.230824440,23.84607341854332,Tuesday,2.0,68.0,100.0,4.65,Retraso Leve,Noche,False
2025-11-19 00:17:51.022536,Ruta 1 - Centro,158,5.0,2,40,2025-11-19 00:15:00,2025-11-19 00:16:05.942433858,18.4622190492284,Wednesday,3.0,71.0,100.0,1.1,A Tiempo,Madrugada,False
2025-11-19 09:42:51.022536,Ruta 5 - Oeste,158,4.0,9,60,2025-11-19 09:30:00,2025-11-19 09:36:56.904992952,27.61332616463423,Wednesday,-5.0,66.0,100.0,6.95,Retraso Grave,Mañana,True
2025-11-20 05:27:51.022536,Ruta 3 - Sur,158,7.0,9,40,2025-11-20 05:15:00,2025-11-20 05:15:07.968083532,31.111121734206225,Thursday,-2.0,64.0,100.0,0.13,A Tiempo,Madrugada,False
2025-11-20 20:02:51.022536,Ruta 5 - Oeste,158,8.0,13,60,2025-11-20 20:00:00,2025-11-20 20:00:49.839212118,25.70547583201549,Thursday,-5.0,59.0,98.33,0.83,A Tiempo,Noche,False
2025-11-21 01:42:51.022536,Ruta 6 - Express,158,10.0,6,60,2025-11-21 01:30:00,2025-11-21 01:34:24.210986406,27.366055734108247,Friday,4.0,63.0,100.0,4.4,Retraso Leve,Madrugada,False
2025-11-21 03:37:51.022536,Ruta 4 - Este,158,6.0,5,50,2025-11-21 03:30:00,2025-11-21 03:32:02.697764148,21.28783061187647,Friday,1.0,64.0,100.0,2.04,Retraso Leve,Madrugada,False
2025-11-21 11:32:51.022536,Ruta 5 - Oeste,158,9.0,3,40,2025-11-21 11:30:00,2025-11-21 11:31:17.297225328,17.977615945041787,Friday,6.0,70.0,100.0,1.29,A Tiempo,Mañana,False
2025-11-21 22:07:51.022536,Ruta 4 - Este,158,8.0,3,50,2025-11-21 22:00:00,2025-11-21 22:00:58.410187104,24.492340193765983,Friday,5.0,75.0,100.0,0.97,A Tiempo,Noche,False
2025-11-21 23:32:51.022536,Ruta 3 - Sur,158,6.0,5,50,2025-11-21 23:30:00,2025-11-21 23:30:02.140360013,30.336591546273283,Friday,1.0,76.0,100.0,0.04,A Tiempo,Noche,False
2025-11-22 17:17:51.022536,Ruta 6 - Express,158,3.0,4,60,2025-11-22 17:15:00,2025-11-22 17:15:22.907120466,20.977431621988508,Saturday,-1.0,75.0,100.0,0.38,A Tiempo,Tarde,True
2025-11-22 19:17:51.022536,Ruta 6 - Express,158,8.0,8,50,2025-11-22 19:15:00,2025-11-22 19:16:31.741049238,22.839743284890957,Saturday,0.0,75.0,100.0,1.53,A Tiempo,Noche,True
2025-11-23 01:07:51.022536,Ruta 2 - Norte,158,13.0,9,40,2025-11-23 01:00:00,2025-11-23 01:00:17.905432764,23.437230265654016,Sunday,4.0,79.0,100.0,0.3,A Tiempo,Madrugada,False
2025-11-23 13:52:51.022536,Ruta 4 - Este,158,5.0,5,60,2025-11-23 13:45:00,2025-11-23 13:46:56.447079342,24.43976903282377,Sunday,0.0,79.0,100.0,1.94,A Tiempo,Tarde,False
2025-11-23 23:12:51.022536,Ruta 3 - Sur,158,9.0,9,50,2025-11-23 23:00:00,2025-11-23 23:00:06.588043236,27.3888062280003,Sunday,0.0,79.0,100.0,0.11,A Tiempo,Noche,False
2025-11-24 23:37:51.022536,Ruta 2 - Norte,158,10.0,3,60,2025-11-24 23:30:00,2025-11-24 23:33:31.451504999,28.95531571593557,Monday,7.0,86.0,100.0,3.52,Retraso Leve,Noche,False
2025-11-25 00:37:51.022536,Ruta 3 - Sur,158,10.0,5,60,2025-11-25 00:30:00,2025-11-25 00:34:14.330223042,21.34963466855503,Tuesday,5.0,91.0,100.0,4.24,Retraso Leve,Madrugada,False
2025-11-25 04:07:51.022536,Ruta 5 - Oeste,158,8.0,5,60,2025-11-25 04:00:00,2025-11-25 04:01:35.265359682,29.383841972414302,Tuesday,3.0,94.0,100.0,1.59,A Tiempo,Madrugada,False
2025-11-26 16:42:51.022536,Ruta 2 - Norte,158,8.0,8,60,2025-11-26 16:30:00,2025-11-26 16:33:35.370952332,22.957911747978084,Wednesday,0.0,94.0,100.0,3.59,Retraso Leve,Tarde,False
2025-11-26 19:42:51.022536,Ruta 2 - Norte,158,7.0,11,40,2025-11-26 19:30:00,2025-11-26 19:32:44.452778262,27.29993593255702,Wednesday,-4.0,90.0,100.0,2.74,Retraso Leve,Noche,True
2025-11-26 20:17:51.022536,Ruta 2 - Norte,158,11.0,10,40,2025-11-26 20:15:00,2025-11-26 20:18:21.648547764,23.21763205675362,Wednesday,1.0,91.0,100.0,3.36,Retraso Leve,Noche,False
2025-11-26 20:27:51.022536,Ruta 5 - Oeste,158,6.0,4,40,2025-11-26 20:15:00,2025-11-26 20:16:23.100022272,26.95071417400396,Wednesday,2.0,93.0,100.0,1.39,A Tiempo,Noche,False
2025-11-09 18:02:51.022536,Ruta 1 - Centro,159,3.0,7,60,2025-11-09 18:00:00,2025-11-09 18:00:18.842329686,24.05480058643849,Sunday,-4.0,0.0,0.0,0.31,A Tiempo,Tarde,True
2025-11-10 04:32:51.022536,Ruta 4 - Este,159,4.0,5,40,2025-11-10 04:30:00,2025-11-10 04:32:27.055677462,29.3656825658932,Monday,-1.0,0.0,0.0,2.45,Retraso Leve,Madrugada,False
2025-11-11 00:12:51.022536,Ruta 1 - Centro,159,2.0,4,60,2025-11-11 00:00:00,2025-11-11 00:03:17.419448634,20.327086223579904,Tuesday,-2.0,0.0,0.0,3.29,Retraso Leve,Madrugada,False
2025-11-11 02:57:51.022536,Ruta 6 - Express,159,8.0,7,50,2025-11-11 02:45:00,2025-11-11 02:49:51.773465238,24.96884685284247,Tuesday,1.0,0.0,0.0,4.86,Retraso Leve,Madrugada,False
2025-11-11 06:37:51.022536,Ruta 2 - Norte,159,4.0,4,50,2025-11-11 06:30:00,2025-11-11 06:45:06.981094086,26.36815493699747,Tuesday,0.0,0.0,0.0,15.12,Retraso Grave,Madrugada,False
2025-11-11 08:07:51.022536,Ruta 5 - Oeste,159,11.0,9,50,2025-11-11 08:00:00,2025-11-11 08:02:12.723473562,33.35999062437513,Tuesday,2.0,0.0,0.0,2.21,Retraso Leve,Mañana,True
2025-11-11 23:32:51.022536,Ruta 4 - Este,159,9.0,4,60,2025-11-11 23:30:00,2025-11-11 23:32:36.869210274,34.388002134124235,Tuesday,5.0,1.0,1.67,2.61,Retraso Leve,Noche,False
2025-11-12 09:17:51.022536,Ruta 2 - Norte,159,8.0,4,40,2025-11-12 09:15:00,2025-11-12 09:16:10.762773054,30.533090575308364,Wednesday,4.0,5.0,12.5,1.18,A Tiempo,Mañana,True
2025-11-12 14:42:51.022536,Ruta 6 - Express,159,6.0,9,40,2025-11-12 14:30:00,2025-11-12 14:31:04.571194650,20.31109676266037,Wednesday,-3.0,2.0,5.0,1.08,A Tiempo,Tarde,False
2025-11-12 22:02:51.022536,Ruta 4 - Este,159,10.0,3,60,2025-11-12 22:00:00,2025-11-12 22:01:14.487799086,27.689253912981293,Wednesday,7.0,9.0,15.0,1.24,A Tiempo,Noche,False
2025-11-13 01:57:51.022536,Ruta 5 - Oeste,159,6.0,6,60,2025-11-13 01:45:00,2025-11-13 01:48:03.215462886,26.90532371214185,Thursday,0.0,9.0,15.0,3.05,Retraso Leve,Madrugada,False
2025-11-13 06:52:51.022536,Ruta 1 - Centro,159,6.0,4,50,2025-11-13 06:45:00,2025-11-13 06:45:52.559050086,24.45280315742685,Thursday,2.0,11.0,22.0,0.88,A Tiempo,Madrugada,False
2025-11-13 17:27:51.022536,Ruta 3 - Sur,159,11.0,4,50,2025-11-13 17:15:00,2025-11-13 17:16:23.449244586,28.355699193706634,Thursday,7.0,18.0,36.0,1.39,A Tiempo,Tarde,True
2025-11-13 21:27:51.022536,Ruta 2 - Norte,159,11.0,4,40,2025-11-13 21:15:00,2025-11-13 21:15:31.322367336,22.961736033061065,Thursday,7.0,25.0,62.5,0.52,A Tiempo,Noche,False
2025-11-13 22:12:51.022536,Ruta 1 - Centro,159,9.0,13,50,2025-11-13 22:00:00,2025-11-13 22:00:06.040292862,23.7770944596063,Thursday,-4.0,21.0,42.0,0.1,A Tiempo,Noche,False
2025-11-14 00:52:51.022536,Ruta 1 - Centro,159,4.0,8,60,2025-11-14 00:45:00,2025-11-14 00:48:46.951026882,31.81741773805181,Friday,-4.0,17.0,28.33,3.78,Retraso Leve,Madrugada,False
2025-11-14 12:27:51.022536,Ruta 5 - Oeste,159,7.0,10,60,2025-11-14 12:15:00,2025-11-14 12:19:01.013057003,27.841965472620576,Friday,-3.0,14.0,23.33,4.02,Retraso Leve,Mañana,False
2025-11-14 13:47:51.022536,Ruta 6 - Express,159,4.0,7,60,2025-11-14 13:45:00,2025-11-14 13:45:27.079894890,25.80575352960802,Friday,-3.0,11.0,18.33,0.45,A Tiempo,Tarde,False
2025-11-15 00:07:51.022536,Ruta 2 - Norte,159,6.0,7,60,2025-11-15 00:00:00,2025-11-15 00:00:30.902836332,19.27879294207184,Saturday,-1.0,10.0,16.67,0.52,A Tiempo,Madrugada,False
2025-11-15 14:12:51.022536,Ruta 6 - Express,159,7.0,4,40,2025-11-15 14:00:00,2025-11-15 14:00:29.698984344,21.337618778582307,Saturday,3.0,13.0,32.5,0.49,A Tiempo,Tarde,False
2025-11-15 15:57:51.022536,Ruta 3 - Sur,159,5.0,7,40,2025-11-15 15:45:00,2025-11-15 15:46:44.683848624,21.02819897891389,Saturday,-2.0,11.0,27.5,1.74,A Tiempo,Tarde,False
2025-11-15 17:32:51.022536,Ruta 2 - Norte,159,3.0,9,50,2025-11-15 17:30:00,2025-11-15 17:30:28.498255704,32.88180255078692,Saturday,-6.0,5.0,10.0,0.47,A Tiempo,Tarde,True
2025-11-15 22:32:51.022536,Ruta 3 - Sur,159,4.0,6,40,2025-11-15 22:30:00,2025-11-15 22:31:09.947449008,17.871947153543495,Saturday,-2.0,3.0,7.5,1.17,A Tiempo,Noche,False
2025-11-16 00:22:51.022536,Ruta 5 - Oeste,159,4.0,5,40,2025-11-16 00:15:00,2025-11-16 00:16:48.519300762,26.760894853731223,Sunday,-1.0,2.0,5.0,1.81,A Tiempo,Madrugada,False
2025-11-16 10:17:51.022536,Ruta 2 - Norte,159,8.0,3,50,2025-11-16 10:15:00,2025-11-16 10:15:19.660151292,23.837319336206527,Sunday,5.0,7.0,14.0,0.33,A Tiempo,Mañana,False
2025-11-16 14:22:51.022536,Ruta 3 - Sur,159,5.0,7,50,2025-11-16 14:15:00,2025-11-16 14:19:40.836036672,30.05123007816722,Sunday,-2.0,5.0,10.0,4.68,Retraso Leve,Tarde,False
2025-11-16 17:12:51.022536,Ruta 4 - Este,159,9.0,8,40,2025-11-16 17:00:00,2025-11-16 17:06:50.435568624,26.35062070128977,Sunday,1.0,6.0,15.0,6.84,Retraso Grave,Tarde,True
2025-11-17 11:57:51.022536,Ruta 6 - Express,159,5.0,5,40,2025-11-17 11:45:00,2025-11-17 11:46:20.322749208,23.929559010262217,Monday,0.0,6.0,15.0,1.34,A Tiempo,Mañana,False
2025-11-17 17:17:51.022536,Ruta 5 - Oeste,159,7.0,7,60,2025-11-17 17:15:00,2025-11-17 17:15:22.702129596,26.81914003795429,Monday,0.0,6.0,10.0,0.38,A Tiempo,Tarde,True
2025-11-18 05:42:51.022536,Ruta 4 - Este,159,11.0,6,40,2025-11-18 05:30:00,2025-11-18 05:30:27.364610808,26.67459814659059,Tuesday,5.0,11.0,27.5,0.46,A Tiempo,Madrugada,False
2025-11-18 08:02:51.022536,Ruta 2 - Norte,159,18.0,5,60,2025-11-18 08:00:00,2025-11-18 08:02:51.619811880,25.916149298942777,Tuesday,13.0,24.0,40.0,2.86,Retraso Leve,Mañana,True
2025-11-19 18:07:51.022536,Ruta 4 - Este,159,11.0,7,40,2025-11-19 18:00:00,2025-11-19 18:00:07.328044998,23.57376033751238,Wednesday,4.0,28.0,70.0,0.12,A Tiempo,Tarde,True
2025-11-20 12:27:51.022536,Ruta 4 - Este,159,11.0,2,50,2025-11-20 12:15:00,2025-11-20 12:16:29.956637850,26.393855385777417,Thursday,9.0,37.0,74.0,1.5,A Tiempo,Mañana,False
2025-11-21 00:37:51.022536,Ruta 5 - Oeste,159,6.0,6,40,2025-11-21 00:30:00,2025-11-21 00:30:34.423530042,25.781338841063217,Friday,0.0,37.0,92.5,0.57,A Tiempo,Madrugada,False
2025-11-21 14:27:51.022536,Ruta 3 - Sur,159,7.0,5,40,2025-11-21 14:15:00,2025-11-21 14:15:22.900437384,26.74091421041569,Friday,2.0,39.0,97.5,0.38,A Tiempo,Tarde,False
2025-11-22 04:27:51.022536,Ruta 4 - Este,159,7.0,4,40,2025-11-22 04:15:00,2025-11-22 04:15:58.694332998,26.01743653478634,Saturday,3.0,42.0,100.0,0.98,A Tiempo,Madrugada,False
2025-11-22 20:57:51.022536,Ruta 1 - Centro,159,4.0,7,60,2025-11-22 20:45:00,2025-11-22 20:48:18.691259352,32.65203838404508,Saturday,-3.0,39.0,65.0,3.31,Retraso Leve,Noche,False
2025-11-23 00:22:51.022536,Ruta 1 - Centro,159,7.0,7,60,2025-11-23 00:15:00,2025-11-23 00:15:53.803492992,27.337421893368333,Sunday,0.0,39.0,65.0,0.9,A Tiempo,Madrugada,False
2025-11-23 12:22:51.022536,Ruta 1 - Centro,159,5.0,5,50,2025-11-23 12:15:00,2025-11-23 12:16:37.207718934,21.57521447211265,Sunday,0.0,39.0,78.0,1.62,A Tiempo,Mañana,False
2025-11-23 16:07:51.022536,Ruta 2 - Norte,159,7.0,8,40,2025-11-23 16:00:00,2025-11-23 16:03:58.587700836,16.501979338010706,Sunday,-1.0,38.0,95.0,3.98,Retraso Leve,Tarde,False
2025-11-24 02:27:51.022536,Ruta 3 - Sur,159,8.0,3,60,2025-11-24 02:15:00,2025-11-24 02:15:42.209185044,27.93311294421344,Monday,5.0,43.0,71.67,0.7,A Tiempo,Madrugada,False
2025-11-24 07:52:51.022536,Ruta 4 - Este,159,9.0,6,40,2025-11-24 07:45:00,2025-11-24 07:46:41.900204718,20.52536394917434,Monday,3.0,46.0,100.0,1.7,A Tiempo,Mañana,True
2025-11-24 13:47:51.022536,Ruta 5 - Oeste,159,7.0,6,50,2025-11-24 13:45:00,2025-11-24 13:46:15.741194502,26.204892113887123,Monday,1.0,47.0,94.0,1.26,A Tiempo,Tarde,False
2025-11-24 15:17:51.022536,Ruta 3 - Sur,159,10.0,6,60,2025-11-24 15:15:00,2025-11-24 15:16:09.520624362,28.387334730401903,Monday,4.0,51.0,85.0,1.16,A Tiempo,Tarde,False
2025-11-25 07:07:51.022536,Ruta 3 - Sur,159,6.0,3,40,2025-11-25 07:00:00,2025-11-25 07:00:56.932085466,19.95306384673894,Tuesday,3.0,54.0,100.0,0.95,A Tiempo,Mañana,True
2025-11-25 21:17:51.022536,Ruta 5 - Oeste,159,5.0,5,50,2025-11-25 21:15:00,2025-11-25 21:20:33.370192674,16.333582705057374,Tuesday,0.0,54.0,100.0,5.56,Retraso Grave,Noche,False
2025-11-26 02:07:51.022536,Ruta 1 - Centro,159,10.0,5,60,2025-11-26 02:00:00,2025-11-26 02:02:09.436619238,22.14751315168597,Wednesday,5.0,59.0,98.33,2.16,Retraso Leve,Madrugada,False
2025-11-26 08:17:51.022536,Ruta 6 - Express,159,11.0,4,50,2025-11-26 08:15:00,2025-11-26 08:20:14.671886466,26.29490759886338,Wednesday,7.0,66.0,100.0,5.24,Retraso Grave,Mañana,True
2025-11-26 13:27:51.022536,Ruta 6 - Express,159,7.0,5,40,2025-11-26 13:15:00,2025-11-26 13:19:57.790198470,24.20894089942977,Wednesday,2.0,68.0,100.0,4.96,Retraso Leve,Tarde,False
2025-11-09 19:07:51.022536,Ruta 3 - Sur,160,7.0,7,40,2025-11-09 19:00:00,2025-11-09 19:02:14.547174456,19.794496317703583,Sunday,0.0,0.0,0.0,2.24,Retraso Leve,Noche,True
2025-11-09 22:32:51.022536,Ruta 4 - Este,160,11.0,7,40,2025-11-09 22:30:00,2025-11-09 22:31:28.092183948,29.05266446478102,Sunday,4.0,4.0,10.0,1.47,A Tiempo,Noche,False
2025-11-10 01:27:51.022536,Ruta 4 - Este,160,9.0,7,50,2025-11-10 01:15:00,2025-11-10 01:18:20.178322392,20.76906085613181,Monday,2.0,6.0,12.0,3.34,Retraso Leve,Madrugada,False
2025-11-10 06:27:51.022536,Ruta 1 - Centro,160,6.0,7,50,2025-11-10 06:15:00,2025-11-10 06:16:22.309980522,25.10721759131098,Monday,-1.0,5.0,10.0,1.37,A Tiempo,Madrugada,False
2025-11-10 06:47:51.022536,Ruta 1 - Centro,160,5.0,5,60,2025-11-10 06:45:00,2025-11-10 06:46:36.490627566,20.734906814580665,Monday,0.0,5.0,8.33,1.61,A Tiempo,Madrugada,False
2025-11-10 10:02:51.022536,Ruta 6 - Express,160,7.0,4,50,2025-11-10 10:00:00,2025-11-10 10:00:07.883335872,16.62857393866357,Monday,3.0,8.0,16.0,0.13,A Tiempo,Mañana,False
2025-11-10 10:32:51.022536,Ruta 2 - Norte,160,4.0,5,60,2025-11-10 10:30:00,2025-11-10 10:39:52.351115850,23.589379235846835,Monday,-1.0,7.0,11.67,9.87,Retraso Grave,Mañana,False
2025-11-10 12:57:51.022536,Ruta 3 - Sur,160,7.0,3,40,2025-11-10 12:45:00,2025-11-10 12:48:03.667735494,20.171348582464184,Monday,4.0,11.0,27.5,3.06,Retraso Leve,Mañana,False
2025-11-11 14:47:51.022536,Ruta 3 - Sur,160,4.0,5,60,2025-11-11 14:45:00,2025-11-11 14:46:48.001597302,31.43217833886052,Tuesday,-1.0,10.0,16.67,1.8,A Tiempo,Tarde,False
2025-11-12 08:07:51.022536,Ruta 6 - Express,160,5.0,6,50,2025-11-12 08:00:00,2025-11-12 08:00:02.898876564,25.671549709791925,Wednesday,-1.0,9.0,18.0,0.05,A Tiempo,Mañana,True
2025-11-12 10:17:51.022536,Ruta 5 - Oeste,160,2.0,4,40,2025-11-12 10:15:00,2025-11-12 10:17:21.992635518,23.55010965790181,Wednesday,-2.0,7.0,17.5,2.37,Retraso Leve,Mañana,False
2025-11-12 14:07:51.022536,Ruta 6 - Express,160,15.0,6,50,2025-11-12 14:00:00,2025-11-12 14:00:08.069130774,29.89888612533839,Wednesday,9.0,16.0,32.0,0.13,A Tiempo,Tarde,False
2025-11-12 18:02:51.022536,Ruta 3 - Sur,160,9.0,7,40,2025-11-12 18:00:00,2025-11-12 18:00:19.467511278,19.657680256041907,Wednesday,2.0,18.0,45.0,0.32,A Tiempo,Tarde,True
2025-11-13 16:32:51.022536,Ruta 4 - Este,160,8.0,6,60,2025-11-13 16:30:00,2025-11-13 16:30:30.340989660,6.456500520308861,Thursday,2.0,20.0,33.33,0.51,A Tiempo,Tarde,False
2025-11-14 03:47:51.022536,Ruta 6 - Express,160,11.0,5,60,2025-11-14 03:45:00,2025-11-14 03:46:51.439772016,22.838730680521845,Friday,6.0,26.0,43.33,1.86,A Tiempo,Madrugada,False
2025-11-14 06:07:51.022536,Ruta 3 - Sur,160,7.0,7,50,2025-11-14 06:00:00,2025-11-14 06:00:12.550530258,18.91217084847545,Friday,0.0,26.0,52.0,0.21,A Tiempo,Madrugada,False
2025-11-14 18:02:51.022536,Ruta 4 - Este,160,4.0,6,60,2025-11-14 18:00:00,2025-11-14 18:00:48.300894204,17.92646393561128,Friday,-2.0,24.0,40.0,0.81,A Tiempo,Tarde,True
2025-11-15 01:12:51.022536,Ruta 4 - Este,160,7.0,5,60,2025-11-15 01:00:00,2025-11-15 01:00:20.215318662,26.39913340425581,Saturday,2.0,26.0,43.33,0.34,A Tiempo,Madrugada,False
2025-11-16 12:37:51.022536,Ruta 4 - Este,160,13.0,3,40,2025-11-16 12:30:00,2025-11-16 12:30:13.922279880,26.24171894974909,Sunday,10.0,36.0,90.0,0.23,A Tiempo,Mañana,False
2025-11-16 21:52:51.022536,Ruta 1 - Centro,160,7.0,6,40,2025-11-16 21:45:00,2025-11-16 21:46:54.398803752,24.15890729575207,Sunday,1.0,37.0,92.5,1.91,A Tiempo,Noche,False
2025-11-17 02:27:51.022536,Ruta 3 - Sur,160,1.0,7,60,2025-11-17 02:15:00,2025-11-17 02:17:17.517646476,27.500206657789487,Monday,-6.0,31.0,51.67,2.29,Retraso Leve,Madrugada,False
2025-11-17 04:32:51.022536,Ruta 4 - Este,160,11.0,1,40,2025-11-17 04:30:00,2025-11-17 04:32:20.546025774,23.54054651431582,Monday,10.0,41.0,100.0,2.34,Retraso Leve,Madrugada,False
2025-11-17 07:07:51.022536,Ruta 4 - Este,160,10.0,8,50,2025-11-17 07:00:00,2025-11-17 07:04:27.622206492,19.93232778864479,Monday,2.0,43.0,86.0,4.46,Retraso Leve,Mañana,True
2025-11-17 13:12:51.022536,Ruta 4 - Este,160,10.0,3,50,2025-11-17 13:00:00,2025-11-17 13:02:39.949406364,23.649539130993144,Monday,7.0,50.0,100.0,2.67,Retraso Leve,Tarde,False
2025-11-17 20:57:51.022536,Ruta 4 - Este,160,5.0,4,40,2025-11-17 20:45:00,2025-11-17 20:47:42.950746122,16.245107200511296,Monday,1.0,51.0,100.0,2.72,Retraso Leve,Noche,False
2025-11-18 02:12:51.022536,Ruta 1 - Centro,160,6.0,3,60,2025-11-18 02:00:00,2025-11-18 02:05:47.493866688,18.27724248190018,Tuesday,3.0,54.0,90.0,5.79,Retraso Grave,Madrugada,False
2025-11-18 04:42:51.022536,Ruta 4 - Este,160,5.0,4,50,2025-11-18 04:30:00,2025-11-18 04:31:28.942825632,27.24654088364107,Tuesday,1.0,55.0,100.0,1.48,A Tiempo,Madrugada,False
2025-11-18 16:17:51.022536,Ruta 3 - Sur,160,8.0,9,40,2025-11-18 16:15:00,2025-11-18 16:15:34.298311662,21.87345809168015,Tuesday,-1.0,54.0,100.0,0.57,A Tiempo,Tarde,False
2025-11-19 07:57:51.022536,Ruta 4 - Este,160,8.0,12,40,2025-11-19 07:45:00,2025-11-19 07:46:02.352078462,19.37284088403478,Wednesday,-4.0,50.0,100.0,1.04,A Tiempo,Mañana,True
2025-11-19 20:22:51.022536,Ruta 6 - Express,160,7.0,8,60,2025-11-19 20:15:00,2025-11-19 20:15:22.323391212,19.3314846455288,Wednesday,-1.0,49.0,81.67,0.37,A Tiempo,Noche,False
2025-11-19 21:17:51.022536,Ruta 2 - Norte,160,5.0,7,50,2025-11-19 21:15:00,2025-11-19 21:15:41.219531280,19.70461419160042,Wednesday,-2.0,47.0,94.0,0.69,A Tiempo,Noche,False
2025-11-20 02:12:51.022536,Ruta 2 - Norte,160,13.0,6,40,2025-11-20 02:00:00,2025-11-20 02:00:02.732327490,30.52245630371316,Thursday,7.0,54.0,100.0,0.05,A Tiempo,Madrugada,False
2025-11-20 14:02:51.022536,Ruta 1 - Centro,160,14.0,7,60,2025-11-20 14:00:00,2025-11-20 14:00:03.000961134,21.48760862055933,Thursday,7.0,61.0,100.0,0.05,A Tiempo,Tarde,False
2025-11-21 22:42:51.022536,Ruta 4 - Este,160,5.0,5,50,2025-11-21 22:30:00,2025-11-21 22:33:31.649241804,17.275663431299662,Friday,0.0,61.0,100.0,3.53,Retraso Leve,Noche,False
2025-11-22 04:32:51.022536,Ruta 2 - Norte,160,8.0,5,50,2025-11-22 04:30:00,2025-11-22 04:31:56.455301802,19.93448411450391,Saturday,3.0,64.0,100.0,1.94,A Tiempo,Madrugada,False
2025-11-22 05:37:51.022536,Ruta 1 - Centro,160,3.0,3,50,2025-11-22 05:30:00,2025-11-22 05:30:25.575719526,25.091862761558733,Saturday,0.0,64.0,100.0,0.43,A Tiempo,Madrugada,False
2025-11-23 09:47:51.022536,Ruta 3 - Sur,160,4.0,5,50,2025-11-23 09:45:00,2025-11-23 09:45:12.974308176,15.02701808426428,Sunday,-1.0,63.0,100.0,0.22,A Tiempo,Mañana,True
2025-11-24 09:12:51.022536,Ruta 6 - Express,160,7.0,4,50,2025-11-24 09:00:00,2025-11-24 09:01:59.131280202,19.61316330066516,Monday,3.0,66.0,100.0,1.99,A Tiempo,Mañana,True
2025-11-24 18:12:51.022536,Ruta 1 - Centro,160,6.0,10,40,2025-11-24 18:00:00,2025-11-24 18:00:17.215161840,30.30735516287006,Monday,-4.0,62.0,100.0,0.29,A Tiempo,Tarde,True
2025-11-24 19:47:51.022536,Ruta 2 - Norte,160,7.0,5,40,2025-11-24 19:45:00,2025-11-24 19:46:00.714136596,25.76747407869708,Monday,2.0,64.0,100.0,1.01,A Tiempo,Noche,True
2025-11-24 21:57:51.022536,Ruta 3 - Sur,160,7.0,6,60,2025-11-24 21:45:00,2025-11-24 21:46:46.544834604,22.257210142394968,Monday,1.0,65.0,100.0,1.78,A Tiempo,Noche,False
2025-11-25 17:02:51.022536,Ruta 4 - Este,160,2.0,6,60,2025-11-25 17:00:00,2025-11-25 17:06:50.643843594,23.454521600034703,Tuesday,-4.0,61.0,100.0,6.84,Retraso Grave,Tarde,True
2025-11-26 19:02:51.022536,Ruta 1 - Centro,160,6.0,4,40,2025-11-26 19:00:00,2025-11-26 19:01:44.930505594,25.150817569707904,Wednesday,2.0,63.0,100.0,1.75,A Tiempo,Noche,True
2025-11-09 17:52:51.022536,Ruta 4 - Este,161,5.0,2,40,2025-11-09 17:45:00,2025-11-09 17:46:26.208964164,29.511604781862665,Sunday,3.0,3.0,7.5,1.44,A Tiempo,Tarde,True
2025-11-09 18:37:51.022536,Ruta 6 - Express,161,4.0,4,60,2025-11-09 18:30:00,2025-11-09 18:30:38.374396932,34.04536190151684,Sunday,0.0,3.0,5.0,0.64,A Tiempo,Tarde,True
2025-11-09 19:52:51.022536,Ruta 6 - Express,161,8.0,6,60,2025-11-09 19:45:00,2025-11-09 19:45:35.100115842,25.26681129814433,Sunday,2.0,5.0,8.33,0.59,A Tiempo,Noche,True
2025-11-09 22:12:51.022536,Ruta 4 - Este,161,7.0,4,40,2025-11-09 22:00:00,2025-11-09 22:03:39.437880984,31.16686265791144,Sunday,3.0,8.0,20.0,3.66,Retraso Leve,Noche,False
2025-11-10 00:47:51.022536,Ruta 3 - Sur,161,10.0,10,40,2025-11-10 00:45:00,2025-11-10 00:48:58.445293476,25.93157924251927,Monday,0.0,8.0,20.0,3.97,Retraso Leve,Madrugada,False
2025-11-10 00:57:51.022536,Ruta 1 - Centro,161,10.0,7,40,2025-11-10 00:45:00,2025-11-10 00:45:48.204086814,21.641459909954435,Monday,3.0,11.0,27.5,0.8,A Tiempo,Madrugada,False
2025-11-10 19:12:51.022536,Ruta 6 - Express,161,6.0,4,40,2025-11-10 19:00:00,2025-11-10 19:00:28.870617324,19.149662559742588,Monday,2.0,13.0,32.5,0.48,A Tiempo,Noche,True
2025-11-11 02:17:51.022536,Ruta 3 - Sur,161,9.0,6,50,2025-11-11 02:15:00,2025-11-11 02:17:46.879664250,27.84263827759925,Tuesday,3.0,16.0,32.0,2.78,Retraso Leve,Madrugada,False
2025-11-11 03:02:51.022536,Ruta 1 - Centro,161,11.0,2,50,2025-11-11 03:00:00,2025-11-11 03:01:48.690021174,24.40545927846629,Tuesday,9.0,25.0,50.0,1.81,A Tiempo,Madrugada,False
2025-11-11 07:37:51.022536,Ruta 4 - Este,161,7.0,3,50,2025-11-11 07:30:00,2025-11-11 07:32:40.360451532,19.83191515652399,Tuesday,4.0,29.0,58.0,2.67,Retraso Leve,Mañana,True
2025-11-11 10:22:51.022536,Ruta 2 - Norte,161,5.0,9,50,2025-11-11 10:15:00,2025-11-11 10:18:26.337099498,21.352439987516867,Tuesday,-4.0,25.0,50.0,3.44,Retraso Leve,Mañana,False
2025-11-11 11:37:51.022536,Ruta 4 - Este,161,7.0,8,50,2025-11-11 11:30:00,2025-11-11 11:31:37.866419256,29.98764083344317,Tuesday,-1.0,24.0,48.0,1.63,A Tiempo,Mañana,False
2025-11-11 18:57:51.022536,Ruta 3 - Sur,161,4.0,5,40,2025-11-11 18:45:00,2025-11-11 18:45:23.615330046,17.937264493988813,Tuesday,-1.0,23.0,57.5,0.39,A Tiempo,Tarde,True
2025-11-11 19:17:51.022536,Ruta 3 - Sur,161,11.0,9,40,2025-11-11 19:15:00,2025-11-11 19:15:51.529334202,28.27198893660156,Tuesday,2.0,25.0,62.5,0.86,A Tiempo,Noche,True
2025-11-12 05:37:51.022536,Ruta 5 - Oeste,161,7.0,5,40,2025-11-12 05:30:00,2025-11-12 05:33:56.701805742,32.26223872311194,Wednesday,2.0,27.0,67.5,3.95,Retraso Leve,Madrugada,False
2025-11-12 12:52:51.022536,Ruta 1 - Centro,161,7.0,3,50,2025-11-12 12:45:00,2025-11-12 12:46:49.526164128,30.86385184209264,Wednesday,4.0,31.0,62.0,1.83,A Tiempo,Mañana,False
2025-11-12 19:42:51.022536,Ruta 4 - Este,161,7.0,5,50,2025-11-12 19:30:00,2025-11-12 19:31:07.084972152,26.674579994181432,Wednesday,2.0,33.0,66.0,1.12,A Tiempo,Noche,True
2025-11-13 13:02:51.022536,Ruta 1 - Centro,161,10.0,3,60,2025-11-13 13:00:00,2025-11-13 13:03:13.865982780,24.676882649423465,Thursday,7.0,40.0,66.67,3.23,Retraso Leve,Tarde,False
2025-11-14 08:07:51.022536,Ruta 3 - Sur,161,9.0,6,60,2025-11-14 08:00:00,2025-11-14 08:02:43.247911620,20.71288530250029,Friday,3.0,43.0,71.67,2.72,Retraso Leve,Mañana,True
2025-11-15 06:52:51.022536,Ruta 4 - Este,161,13.0,5,40,2025-11-15 06:45:00,2025-11-15 06:46:24.912147018,28.6891514406907,Saturday,8.0,51.0,100.0,1.42,A Tiempo,Madrugada,False
2025-11-15 16:57:51.022536,Ruta 4 - Este,161,8.0,9,40,2025-11-15 16:45:00,2025-11-15 16:45:09.143438172,29.451884854006597,Saturday,-1.0,50.0,100.0,0.15,A Tiempo,Tarde,False
2025-11-16 07:02:51.022536,Ruta 6 - Express,161,6.0,8,60,2025-11-16 07:00:00,2025-11-16 07:02:15.573129786,30.542746183542896,Sunday,-2.0,48.0,80.0,2.26,Retraso Leve,Mañana,True
2025-11-16 17:22:51.022536,Ruta 6 - Express,161,7.0,7,60,2025-11-16 17:15:00,2025-11-16 17:16:18.807630930,21.152240900983937,Sunday,0.0,48.0,80.0,1.31,A Tiempo,Tarde,True
2025-11-17 02:07:51.022536,Ruta 4 - Este,161,14.0,3,60,2025-11-17 02:00:00,2025-11-17 02:00:03.521332008,16.91016554338244,Monday,11.0,59.0,98.33,0.06,A Tiempo,Madrugada,False
2025-11-17 04:02:51.022536,Ruta 1 - Centro,161,7.0,6,50,2025-11-17 04:00:00,2025-11-17 04:00:00.743032860,26.093078691387937,Monday,1.0,60.0,100.0,0.01,A Tiempo,Madrugada,False
2025-11-17 05:02:51.022536,Ruta 2 - Norte,161,4.0,13,40,2025-11-17 05:00:00,2025-11-17 05:00:11.694181692,24.906395909847745,Monday,-9.0,51.0,100.0,0.19,A Tiempo,Madrugada,False
2025-11-17 12:07:51.022536,Ruta 3 - Sur,161,7.0,4,60,2025-11-17 12:00:00,2025-11-17 12:03:48.781554906,32.367704848092075,Monday,3.0,54.0,90.0,3.81,Retraso Leve,Mañana,False
2025-11-17 17:27:51.022536,Ruta 2 - Norte,161,5.0,5,50,2025-11-17 17:15:00,2025-11-17 17:18:46.147077612,25.066926444526526,Monday,0.0,54.0,100.0,3.77,Retraso Leve,Tarde,True
2025-11-18 06:52:51.022536,Ruta 4 - Este,161,8.0,7,60,2025-11-18 06:45:00,2025-11-18 06:46:46.362611784,23.95058897234461,Tuesday,1.0,55.0,91.67,1.77,A Tiempo,Madrugada,False
2025-11-18 09:47:51.022536,Ruta 6 - Express,161,3.0,7,60,2025-11-18 09:45:00,2025-11-18 09:46:08.407091844,32.8361849730477,Tuesday,-4.0,51.0,85.0,1.14,A Tiempo,Mañana,True
2025-11-18 16:27:51.022536,Ruta 2 - Norte,161,8.0,14,60,2025-11-18 16:15:00,2025-11-18 16:20:08.386742616,26.623863317504416,Tuesday,-6.0,45.0,75.0,5.14,Retraso Grave,Tarde,False
2025-11-19 03:17:51.022536,Ruta 4 - Este,161,8.0,6,50,2025-11-19 03:15:00,2025-11-19 03:16:23.632479606,30.045469358853577,Wednesday,2.0,47.0,94.0,1.39,A Tiempo,Madrugada,False
2025-11-19 08:22:51.022536,Ruta 4 - Este,161,8.0,6,40,2025-11-19 08:15:00,2025-11-19 08:15:52.148482584,23.88197736606725,Wednesday,2.0,49.0,100.0,0.87,A Tiempo,Mañana,True
2025-11-20 04:57:51.022536,Ruta 5 - Oeste,161,9.0,9,60,2025-11-20 04:45:00,2025-11-20 04:46:24.627807924,21.922116597484333,Thursday,0.0,49.0,81.67,1.41,A Tiempo,Madrugada,False
2025-11-20 10:32:51.022536,Ruta 2 - Norte,161,7.0,8,50,2025-11-20 10:30:00,2025-11-20 10:30:25.704173706,25.980902804164163,Thursday,-1.0,48.0,96.0,0.43,A Tiempo,Mañana,False
2025-11-20 13:47:51.022536,Ruta 2 - Norte,161,6.0,5,40,2025-11-20 13:45:00,2025-11-20 13:45:02.162578278,18.776144376252343,Thursday,1.0,49.0,100.0,0.04,A Tiempo,Tarde,False
2025-11-20 15:02:51.022536,Ruta 2 - Norte,161,7.0,9,40,2025-11-20 15:00:00,2025-11-20 15:01:03.804506118,22.12514725459486,Thursday,-2.0,47.0,100.0,1.06,A Tiempo,Tarde,False
2025-11-20 20:42:51.022536,Ruta 2 - Norte,161,10.0,0,40,2025-11-20 20:30:00,2025-11-20 20:30:56.833283790,9.024725857022162,Thursday,10.0,57.0,100.0,0.95,A Tiempo,Noche,False
2025-11-21 01:52:51.022536,Ruta 4 - Este,161,16.0,6,40,2025-11-21 01:45:00,2025-11-21 01:46:06.705749484,26.01948310708565,Friday,10.0,67.0,100.0,1.11,A Tiempo,Madrugada,False
2025-11-21 07:37:51.022536,Ruta 6 - Express,161,5.0,5,60,2025-11-21 07:30:00,2025-11-21 07:34:37.899118098,27.734273327231428,Friday,0.0,67.0,100.0,4.63,Retraso Leve,Mañana,True
2025-11-22 07:42:51.022536,Ruta 4 - Este,161,6.0,3,40,2025-11-22 07:30:00,2025-11-22 07:30:52.533378168,27.81276847484421,Saturday,3.0,70.0,100.0,0.88,A Tiempo,Mañana,True
2025-11-23 03:57:51.022536,Ruta 3 - Sur,161,14.0,7,40,2025-11-23 03:45:00,2025-11-23 03:49:23.523714438,13.694540832130691,Sunday,7.0,77.0,100.0,4.39,Retraso Leve,Madrugada,False
2025-11-23 05:37:51.022536,Ruta 1 - Centro,161,8.0,4,40,2025-11-23 05:30:00,2025-11-23 05:31:21.517790868,24.911067181915875,Sunday,4.0,81.0,100.0,1.36,A Tiempo,Madrugada,False
2025-11-23 08:42:51.022536,Ruta 6 - Express,161,5.0,9,40,2025-11-23 08:30:00,2025-11-23 08:30:24.333810408,17.202381833706657,Sunday,-4.0,77.0,100.0,0.41,A Tiempo,Mañana,True
2025-11-23 15:37:51.022536,Ruta 6 - Express,161,11.0,11,40,2025-11-23 15:30:00,2025-11-23 15:30:14.045960622,30.836557230879794,Sunday,0.0,77.0,100.0,0.23,A Tiempo,Tarde,False
2025-11-23 20:17:51.022536,Ruta 4 - Este,161,3.0,8,40,2025-11-23 20:15:00,2025-11-23 20:16:42.349571946,24.33872181707873,Sunday,-5.0,72.0,100.0,1.71,A Tiempo,Noche,False
2025-11-24 17:42:51.022536,Ruta 2 - Norte,161,13.0,8,40,2025-11-24 17:30:00,2025-11-24 17:30:13.166106816,23.95407514524935,Monday,5.0,77.0,100.0,0.22,A Tiempo,Tarde,True
2025-11-25 15:27:51.022536,Ruta 6 - Express,161,8.0,6,60,2025-11-25 15:15:00,2025-11-25 15:16:22.528028988,19.18764096509752,Tuesday,2.0,79.0,100.0,1.38,A Tiempo,Tarde,False
2025-11-25 23:27:51.022536,Ruta 6 - Express,161,11.0,9,60,2025-11-25 23:15:00,2025-11-25 23:15:23.231504130,26.953774773495944,Tuesday,2.0,81.0,100.0,0.39,A Tiempo,Noche,False
2025-11-26 04:17:51.022536,Ruta 6 - Express,161,9.0,6,50,2025-11-26 04:15:00,2025-11-26 04:20:28.043740248,21.330605507180064,Wednesday,3.0,84.0,100.0,5.47,Retraso Grave,Madrugada,False
2025-11-26 06:57:51.022536,Ruta 6 - Express,161,7.0,5,60,2025-11-26 06:45:00,2025-11-26 06:46:43.047216690,19.98966398397932,Wednesday,2.0,86.0,100.0,1.72,A Tiempo,Madrugada,False
2025-11-26 10:52:51.022536,Ruta 4 - Este,161,11.0,6,40,2025-11-26 10:45:00,2025-11-26 10:45:10.123080408,25.37527817161347,Wednesday,5.0,91.0,100.0,0.17,A Tiempo,Mañana,False
2025-11-26 15:02:51.022536,Ruta 5 - Oeste,161,4.0,4,50,2025-11-26 15:00:00,2025-11-26 15:00:33.786192852,26.415644267517557,Wednesday,0.0,91.0,100.0,0.56,A Tiempo,Tarde,False
2025-11-26 18:32:51.022536,Ruta 5 - Oeste,161,8.0,7,50,2025-11-26 18:30:00,2025-11-26 18:30:16.898424870,25.11938752972096,Wednesday,1.0,92.0,100.0,0.28,A Tiempo,Tarde,True
2025-11-26 20:22:51.022536,Ruta 1 - Centro,161,5.0,6,40,2025-11-26 20:15:00,2025-11-26 20:20:15.217480103,17.800350572071224,Wednesday,-1.0,91.0,100.0,5.25,Retraso Grave,Noche,False
2025-11-26 21:12:51.022536,Ruta 3 - Sur,161,8.0,7,50,2025-11-26 21:00:00,2025-11-26 21:01:29.872260642,18.647211281797333,Wednesday,1.0,92.0,100.0,1.5,A Tiempo,Noche,False
2025-11-10 03:52:51.022536,Ruta 4 - Este,162,6.0,8,50,2025-11-10 03:45:00,2025-11-10 03:45:47.580627984,20.723515457695097,Monday,-2.0,0.0,0.0,0.79,A Tiempo,Madrugada,False
2025-11-10 11:37:51.022536,Ruta 6 - Express,162,8.0,3,50,2025-11-10 11:30:00,2025-11-10 11:30:10.666560486,23.35204259239649,Monday,5.0,3.0,6.0,0.18,A Tiempo,Mañana,False
2025-11-11 04:57:51.022536,Ruta 4 - Este,162,11.0,4,50,2025-11-11 04:45:00,2025-11-11 04:45:46.619786886,25.744711529560156,Tuesday,7.0,10.0,20.0,0.78,A Tiempo,Madrugada,False
2025-11-11 06:12:51.022536,Ruta 5 - Oeste,162,11.0,2,40,2025-11-11 06:00:00,2025-11-11 06:00:44.605635042,17.586712321025544,Tuesday,9.0,19.0,47.5,0.74,A Tiempo,Madrugada,False
2025-11-11 09:07:51.022536,Ruta 2 - Norte,162,6.0,7,40,2025-11-11 09:00:00,2025-11-11 09:02:42.708829464,27.140861142378203,Tuesday,-1.0,18.0,45.0,2.71,Retraso Leve,Mañana,True
2025-11-11 21:32:51.022536,Ruta 2 - Norte,162,11.0,5,40,2025-11-11 21:30:00,2025-11-11 21:30:36.753723714,22.725188524294424,Tuesday,6.0,24.0,60.0,0.61,A Tiempo,Noche,False
2025-11-12 00:32:51.022536,Ruta 6 - Express,162,14.0,0,50,2025-11-12 00:30:00,2025-11-12 00:30:47.708601714,26.230536357123825,Wednesday,14.0,38.0,76.0,0.8,A Tiempo,Madrugada,False
2025-11-12 10:07:51.022536,Ruta 6 - Express,162,5.0,11,40,2025-11-12 10:00:00,2025-11-12 10:00:48.163537914,20.389525495584607,Wednesday,-6.0,32.0,80.0,0.8,A Tiempo,Mañana,False
2025-11-12 11:57:51.022536,Ruta 2 - Norte,162,6.0,6,50,2025-11-12 11:45:00,2025-11-12 11:46:31.631893866,24.891146903914063,Wednesday,0.0,32.0,64.0,1.53,A Tiempo,Mañana,False
2025-11-12 17:02:51.022536,Ruta 6 - Express,162,12.0,6,40,2025-11-12 17:00:00,2025-11-12 17:02:56.526017952,29.212359296666477,Wednesday,6.0,38.0,95.0,2.94,Retraso Leve,Tarde,True
2025-11-12 23:52:51.022536,Ruta 1 - Centro,162,7.0,7,60,2025-11-12 23:45:00,2025-11-12 23:45:00.714960816,21.845996828058475,Wednesday,0.0,38.0,63.33,0.01,A Tiempo,Noche,False
2025-11-13 00:27:51.022536,Ruta 1 - Centro,162,4.0,10,50,2025-11-13 00:15:00,2025-11-13 00:20:04.752699216,16.473013413400263,Thursday,-6.0,32.0,64.0,5.08,Retraso Grave,Madrugada,False
2025-11-13 07:47:51.022536,Ruta 1 - Centro,162,7.0,5,50,2025-11-13 07:45:00,2025-11-13 07:49:12.796735134,22.396573462547277,Thursday,2.0,34.0,68.0,4.21,Retraso Leve,Mañana,True
2025-11-13 07:57:51.022536,Ruta 2 - Norte,162,7.0,6,60,2025-11-13 07:45:00,2025-11-13 07:45:01.459221192,29.41590414209839,Thursday,1.0,35.0,58.33,0.02,A Tiempo,Mañana,True
2025-11-13 08:22:51.022536,Ruta 2 - Norte,162,5.0,10,60,2025-11-13 08:15:00,2025-11-13 08:16:29.512251318,24.817497839237152,Thursday,-5.0,30.0,50.0,1.49,A Tiempo,Mañana,True
2025-11-13 11:37:51.022536,Ruta 5 - Oeste,162,5.0,4,60,2025-11-13 11:30:00,2025-11-13 11:30:14.707487964,22.47719880112791,Thursday,1.0,31.0,51.67,0.25,A Tiempo,Mañana,False
2025-11-15 17:37:51.022536,Ruta 1 - Centro,162,6.0,9,50,2025-11-15 17:30:00,2025-11-15 17:30:22.556079288,27.547556935247982,Saturday,-3.0,28.0,56.0,0.38,A Tiempo,Tarde,True
2025-11-15 20:27:51.022536,Ruta 5 - Oeste,162,4.0,9,60,2025-11-15 20:15:00,2025-11-15 20:15:24.744972966,19.588277017267025,Saturday,-5.0,23.0,38.33,0.41,A Tiempo,Noche,False
2025-11-16 10:47:51.022536,Ruta 2 - Norte,162,5.0,7,60,2025-11-16 10:45:00,2025-11-16 10:46:19.343455632,20.728825233363,Sunday,-2.0,21.0,35.0,1.32,A Tiempo,Mañana,False
2025-11-16 12:57:51.022536,Ruta 6 - Express,162,6.0,6,40,2025-11-16 12:45:00,2025-11-16 12:51:12.500059188,23.19209145188068,Sunday,0.0,21.0,52.5,6.21,Retraso Grave,Mañana,False
2025-11-16 19:37:51.022536,Ruta 1 - Centro,162,6.0,5,40,2025-11-16 19:30:00,2025-11-16 19:32:35.035537716,27.09185111684901,Sunday,1.0,22.0,55.0,2.58,Retraso Leve,Noche,True
2025-11-16 23:32:51.022536,Ruta 1 - Centro,162,7.0,2,60,2025-11-16 23:30:00,2025-11-16 23:30:32.276870472,31.58311491936861,Sunday,5.0,27.0,45.0,0.54,A Tiempo,Noche,False
2025-11-17 01:07:51.022536,Ruta 4 - Este,162,0.0,5,60,2025-11-17 01:00:00,2025-11-17 01:08:09.259709334,32.16771651657117,Monday,-5.0,22.0,36.67,8.15,Retraso Grave,Madrugada,False
2025-11-17 02:22:51.022536,Ruta 1 - Centro,162,5.0,6,60,2025-11-17 02:15:00,2025-11-17 02:22:07.256449740,25.691944602707814,Monday,-1.0,21.0,35.0,7.12,Retraso Grave,Madrugada,False
2025-11-17 17:02:51.022536,Ruta 2 - Norte,162,8.0,5,40,2025-11-17 17:00:00,2025-11-17 17:00:00.455720244,25.559367322159595,Monday,3.0,24.0,60.0,0.01,A Tiempo,Tarde,True
2025-11-18 06:02:51.022536,Ruta 4 - Este,162,11.0,11,40,2025-11-18 06:00:00,2025-11-18 06:00:09.315409602,28.122936837668757,Tuesday,0.0,24.0,60.0,0.16,A Tiempo,Madrugada,False
2025-11-18 08:12:51.022536,Ruta 2 - Norte,162,9.0,7,60,2025-11-18 08:00:00,2025-11-18 08:05:06.279147702,22.04505191760523,Tuesday,2.0,26.0,43.33,5.1,Retraso Grave,Mañana,True
2025-11-18 15:02:51.022536,Ruta 5 - Oeste,162,5.0,7,40,2025-11-18 15:00:00,2025-11-18 15:02:18.938788296,25.388871094048337,Tuesday,-2.0,24.0,60.0,2.32,Retraso Leve,Tarde,False
2025-11-18 18:37:51.022536,Ruta 4 - Este,162,8.0,9,50,2025-11-18 18:30:00,2025-11-18 18:38:38.892592878,21.53509666670055,Tuesday,-1.0,23.0,46.0,8.65,Retraso Grave,Tarde,True
2025-11-19 05:12:51.022536,Ruta 2 - Norte,162,8.0,7,40,2025-11-19 05:00:00,2025-11-19 05:02:21.786155394,22.72259681253729,Wednesday,1.0,24.0,60.0,2.36,Retraso Leve,Madrugada,False
2025-11-20 02:37:51.022536,Ruta 1 - Centro,162,10.0,3,40,2025-11-20 02:30:00,2025-11-20 02:35:06.165050670,24.71863432983905,Thursday,7.0,31.0,77.5,5.1,Retraso Grave,Madrugada,False
2025-11-20 14:22:51.022536,Ruta 1 - Centro,162,7.0,2,40,2025-11-20 14:15:00,2025-11-20 14:17:33.890317308,21.173061902962505,Thursday,5.0,36.0,90.0,2.56,Retraso Leve,Tarde,False
2025-11-20 19:47:51.022536,Ruta 2 - Norte,162,7.0,7,40,2025-11-20 19:45:00,2025-11-20 19:45:45.188299944,30.750959329191403,Thursday,0.0,36.0,90.0,0.75,A Tiempo,Noche,True
2025-11-20 20:37:51.022536,Ruta 2 - Norte,162,4.0,3,60,2025-11-20 20:30:00,2025-11-20 20:30:20.126238528,19.929770878247368,Thursday,1.0,37.0,61.67,0.34,A Tiempo,Noche,False
2025-11-21 17:27:51.022536,Ruta 1 - Centro,162,5.0,7,40,2025-11-21 17:15:00,2025-11-21 17:18:02.542915218,21.188838922342327,Friday,-2.0,35.0,87.5,3.04,Retraso Leve,Tarde,True
2025-11-22 02:47:51.022536,Ruta 5 - Oeste,162,5.0,7,50,2025-11-22 02:45:00,2025-11-22 02:45:08.603742636,26.344900414571743,Saturday,-2.0,33.0,66.0,0.14,A Tiempo,Madrugada,False
2025-11-22 03:37:51.022536,Ruta 2 - Norte,162,4.0,2,50,2025-11-22 03:30:00,2025-11-22 03:32:22.325863080,17.01117662866105,Saturday,2.0,35.0,70.0,2.37,Retraso Leve,Madrugada,False
2025-11-22 08:37:51.022536,Ruta 3 - Sur,162,11.0,7,50,2025-11-22 08:30:00,2025-11-22 08:30:04.669101108,18.8397263451812,Saturday,4.0,39.0,78.0,0.08,A Tiempo,Mañana,True
2025-11-24 00:42:51.022536,Ruta 4 - Este,162,3.0,9,40,2025-11-24 00:30:00,2025-11-24 00:33:42.498617292,28.93273287356648,Monday,-6.0,33.0,82.5,3.71,Retraso Leve,Madrugada,False
2025-11-24 14:07:51.022536,Ruta 6 - Express,162,5.0,3,50,2025-11-24 14:00:00,2025-11-24 14:02:24.385318944,24.40707207862112,Monday,2.0,35.0,70.0,2.41,Retraso Leve,Tarde,False
2025-11-25 00:22:51.022536,Ruta 4 - Este,162,11.0,2,50,2025-11-25 00:15:00,2025-11-25 00:19:01.149103656,20.211747335775723,Tuesday,9.0,44.0,88.0,4.02,Retraso Leve,Madrugada,False
2025-11-25 02:07:51.022536,Ruta 4 - Este,162,8.0,6,60,2025-11-25 02:00:00,2025-11-25 02:02:35.137267812,28.78536788625256,Tuesday,2.0,46.0,76.67,2.59,Retraso Leve,Madrugada,False
2025-11-25 05:32:51.022536,Ruta 1 - Centro,162,7.0,7,60,2025-11-25 05:30:00,2025-11-25 05:31:27.122398128,21.0296024511113,Tuesday,0.0,46.0,76.67,1.45,A Tiempo,Madrugada,False
2025-11-25 14:37:51.022536,Ruta 3 - Sur,162,8.0,5,60,2025-11-25 14:30:00,2025-11-25 14:30:07.018508670,25.570822048679037,Tuesday,3.0,49.0,81.67,0.12,A Tiempo,Tarde,False
2025-11-25 18:42:51.022536,Ruta 6 - Express,162,7.0,8,60,2025-11-25 18:30:00,2025-11-25 18:33:32.136875765,33.352273182900085,Tuesday,-1.0,48.0,80.0,3.54,Retraso Leve,Tarde,True
2025-11-26 20:42:51.022536,Ruta 6 - Express,162,10.0,5,40,2025-11-26 20:30:00,2025-11-26 20:32:02.840541894,30.72882492859296,Wednesday,5.0,53.0,100.0,2.05,Retraso Leve,Noche,False
2025-11-09 16:52:51.022536,Ruta 2 - Norte,163,8.0,8,40,2025-11-09 16:45:00,2025-11-09 16:45:35.068664460,20.201873351192447,Sunday,0.0,0.0,0.0,0.58,A Tiempo,Tarde,False
2025-11-09 17:32:51.022536,Ruta 4 - Este,163,13.0,4,50,2025-11-09 17:30:00,2025-11-09 17:30:43.239904002,27.88650791212873,Sunday,9.0,9.0,18.0,0.72,A Tiempo,Tarde,True
2025-11-09 20:27:51.022536,Ruta 4 - Este,163,6.0,1,40,2025-11-09 20:15:00,2025-11-09 20:16:47.154060282,28.991959341773697,Sunday,5.0,14.0,35.0,1.79,A Tiempo,Noche,False
2025-11-09 21:52:51.022536,Ruta 6 - Express,163,9.0,14,40,2025-11-09 21:45:00,2025-11-09 21:50:14.346325386,19.528970233505987,Sunday,-5.0,9.0,22.5,5.24,Retraso Grave,Noche,False
2025-11-10 14:37:51.022536,Ruta 4 - Este,163,5.0,6,40,2025-11-10 14:30:00,2025-11-10 14:30:45.992328108,23.358968821857296,Monday,-1.0,8.0,20.0,0.77,A Tiempo,Tarde,False
2025-11-10 21:32:51.022536,Ruta 3 - Sur,163,8.0,10,60,2025-11-10 21:30:00,2025-11-10 21:31:23.228976444,29.016579449844087,Monday,-2.0,6.0,10.0,1.39,A Tiempo,Noche,False
2025-11-10 23:47:51.022536,Ruta 2 - Norte,163,5.0,1,40,2025-11-10 23:45:00,2025-11-10 23:53:58.516108158,14.020850585202467,Monday,4.0,10.0,25.0,8.98,Retraso Grave,Noche,False
2025-11-11 01:22:51.022536,Ruta 5 - Oeste,163,4.0,12,50,2025-11-11 01:15:00,2025-11-11 01:17:37.897265322,25.69058017006704,Tuesday,-8.0,2.0,4.0,2.63,Retraso Leve,Madrugada,False
2025-11-11 02:27:51.022536,Ruta 2 - Norte,163,7.0,7,60,2025-11-11 02:15:00,2025-11-11 02:16:12.860423436,21.28112248523224,Tuesday,0.0,2.0,3.33,1.21,A Tiempo,Madrugada,False
2025-11-11 20:42:51.022536,Ruta 4 - Este,163,11.0,10,50,2025-11-11 20:30:00,2025-11-11 20:30:48.013667868,29.765825751292635,Tuesday,1.0,3.0,6.0,0.8,A Tiempo,Noche,False
2025-11-12 02:22:51.022536,Ruta 5 - Oeste,163,8.0,5,50,2025-11-12 02:15:00,2025-11-12 02:15:56.965706508,26.061133064193736,Wednesday,3.0,6.0,12.0,0.95,A Tiempo,Madrugada,False
2025-11-12 07:27:51.022536,Ruta 2 - Norte,163,9.0,2,50,2025-11-12 07:15:00,2025-11-12 07:18:00.636103230,21.1638222623396,Wednesday,7.0,13.0,26.0,3.01,Retraso Leve,Mañana,True
2025-11-12 08:12:51.022536,Ruta 1 - Centro,163,13.0,11,40,2025-11-12 08:00:00,2025-11-12 08:01:51.297527130,24.414651981409108,Wednesday,2.0,15.0,37.5,1.85,A Tiempo,Mañana,True
2025-11-12 10:12:51.022536,Ruta 3 - Sur,163,16.0,6,40,2025-11-12 10:00:00,2025-11-12 10:00:42.692507544,25.656088552878337,Wednesday,10.0,25.0,62.5,0.71,A Tiempo,Mañana,False
2025-11-12 16:07:51.022536,Ruta 1 - Centro,163,5.0,9,60,2025-11-12 16:00:00,2025-11-12 16:01:21.637162740,18.72206540700365,Wednesday,-4.0,21.0,35.0,1.36,A Tiempo,Tarde,False
2025-11-13 05:12:51.022536,Ruta 3 - Sur,163,8.0,9,50,2025-11-13 05:00:00,2025-11-13 05:01:35.230304838,24.00429452882137,Thursday,-1.0,20.0,40.0,1.59,A Tiempo,Madrugada,False
2025-11-13 05:17:51.022536,Ruta 6 - Express,163,6.0,4,60,2025-11-13 05:15:00,2025-11-13 05:15:58.282526586,25.719504896802157,Thursday,2.0,22.0,36.67,0.97,A Tiempo,Madrugada,False
2025-11-13 10:57:51.022536,Ruta 3 - Sur,163,10.0,7,40,2025-11-13 10:45:00,2025-11-13 10:46:54.958157730,23.85103980058711,Thursday,3.0,25.0,62.5,1.92,A Tiempo,Mañana,False
2025-11-14 16:57:51.022536,Ruta 3 - Sur,163,10.0,8,50,2025-11-14 16:45:00,2025-11-14 16:46:41.336472060,25.386915025701622,Friday,2.0,27.0,54.0,1.69,A Tiempo,Tarde,False
2025-11-14 22:27:51.022536,Ruta 6 - Express,163,9.0,4,40,2025-11-14 22:15:00,2025-11-14 22:15:17.241884886,25.20940549246132,Friday,5.0,32.0,80.0,0.29,A Tiempo,Noche,False
2025-11-14 22:37:51.022536,Ruta 2 - Norte,163,9.0,6,40,2025-11-14 22:30:00,2025-11-14 22:33:35.743571778,29.696935874883785,Friday,3.0,35.0,87.5,3.6,Retraso Leve,Noche,False
2025-11-16 01:27:51.022536,Ruta 4 - Este,163,10.0,7,50,2025-11-16 01:15:00,2025-11-16 01:16:24.201850506,23.090347516634125,Sunday,3.0,38.0,76.0,1.4,A Tiempo,Madrugada,False
2025-11-16 06:47:51.022536,Ruta 1 - Centro,163,8.0,4,40,2025-11-16 06:45:00,2025-11-16 06:45:09.098565048,28.76348922595633,Sunday,4.0,42.0,100.0,0.15,A Tiempo,Madrugada,False
2025-11-16 14:37:51.022536,Ruta 5 - Oeste,163,8.0,8,40,2025-11-16 14:30:00,2025-11-16 14:38:13.823694486,21.699207269327022,Sunday,0.0,42.0,100.0,8.23,Retraso Grave,Tarde,False
2025-11-16 16:47:51.022536,Ruta 2 - Norte,163,9.0,9,40,2025-11-16 16:45:00,2025-11-16 16:45:51.571896804,24.653033692681944,Sunday,0.0,42.0,100.0,0.86,A Tiempo,Tarde,False
2025-11-17 05:47:51.022536,Ruta 6 - Express,163,6.0,7,60,2025-11-17 05:45:00,2025-11-17 05:50:20.401055892,16.190216665406098,Monday,-1.0,41.0,68.33,5.34,Retraso Grave,Madrugada,False
2025-11-17 08:52:51.022536,Ruta 5 - Oeste,163,5.0,8,60,2025-11-17 08:45:00,2025-11-17 08:46:26.098895604,21.43402826022939,Monday,-3.0,38.0,63.33,1.43,A Tiempo,Mañana,True
2025-11-17 09:52:51.022536,Ruta 2 - Norte,163,5.0,5,60,2025-11-17 09:45:00,2025-11-17 09:49:25.176255618,30.9175215391322,Monday,0.0,38.0,63.33,4.42,Retraso Leve,Mañana,True
2025-11-17 21:42:51.022536,Ruta 2 - Norte,163,8.0,4,60,2025-11-17 21:30:00,2025-11-17 21:30:27.988139580,35.82771863640681,Monday,4.0,42.0,70.0,0.47,A Tiempo,Noche,False
2025-11-18 01:52:51.022536,Ruta 6 - Express,163,5.0,4,50,2025-11-18 01:45:00,2025-11-18 01:47:27.547774050,28.888924199916698,Tuesday,1.0,43.0,86.0,2.46,Retraso Leve,Madrugada,False
2025-11-18 06:17:51.022536,Ruta 5 - Oeste,163,9.0,8,50,2025-11-18 06:15:00,2025-11-18 06:15:44.724922602,17.234780986551577,Tuesday,1.0,44.0,88.0,0.75,A Tiempo,Madrugada,False
2025-11-18 07:12:51.022536,Ruta 1 - Centro,163,5.0,3,40,2025-11-18 07:00:00,2025-11-18 07:03:25.978167810,17.47970197048933,Tuesday,2.0,46.0,100.0,3.43,Retraso Leve,Mañana,True
2025-11-18 22:47:51.022536,Ruta 6 - Express,163,6.0,5,60,2025-11-18 22:45:00,2025-11-18 22:46:16.497449016,30.089168371237268,Tuesday,1.0,47.0,78.33,1.27,A Tiempo,Noche,False
2025-11-19 00:37:51.022536,Ruta 2 - Norte,163,13.0,2,40,2025-11-19 00:30:00,2025-11-19 00:35:18.003113904,22.871910316710224,Wednesday,11.0,58.0,100.0,5.3,Retraso Grave,Madrugada,False
2025-11-19 11:42:51.022536,Ruta 3 - Sur,163,9.0,5,60,2025-11-19 11:30:00,2025-11-19 11:31:50.344667124,24.403923867600746,Wednesday,4.0,62.0,100.0,1.84,A Tiempo,Mañana,False
2025-11-20 07:37:51.022536,Ruta 3 - Sur,163,5.0,5,60,2025-11-20 07:30:00,2025-11-20 07:30:13.257484410,19.202622431300306,Thursday,0.0,62.0,100.0,0.22,A Tiempo,Mañana,True
2025-11-21 04:47:51.022536,Ruta 4 - Este,163,6.0,6,60,2025-11-21 04:45:00,2025-11-21 04:46:24.207867486,35.147875956238884,Friday,0.0,62.0,100.0,1.4,A Tiempo,Madrugada,False
2025-11-21 20:32:51.022536,Ruta 3 - Sur,163,9.0,7,40,2025-11-21 20:30:00,2025-11-21 20:33:46.354873914,22.750913520337956,Friday,2.0,64.0,100.0,3.77,Retraso Leve,Noche,False
2025-11-22 00:42:51.022536,Ruta 6 - Express,163,5.0,2,50,2025-11-22 00:30:00,2025-11-22 00:31:16.216526424,18.17692523276478,Saturday,3.0,67.0,100.0,1.27,A Tiempo,Madrugada,False
2025-11-22 01:17:51.022536,Ruta 3 - Sur,163,8.0,3,40,2025-11-22 01:15:00,2025-11-22 01:16:41.358649158,31.10496357356945,Saturday,5.0,72.0,100.0,1.69,A Tiempo,Madrugada,False
2025-11-22 03:57:51.022536,Ruta 1 - Centro,163,3.0,2,40,2025-11-22 03:45:00,2025-11-22 03:45:32.817441336,14.73528947265872,Saturday,1.0,73.0,100.0,0.55,A Tiempo,Madrugada,False
2025-11-22 08:22:51.022536,Ruta 5 - Oeste,163,9.0,7,50,2025-11-22 08:15:00,2025-11-22 08:15:32.978717070,18.485648096381336,Saturday,2.0,75.0,100.0,0.55,A Tiempo,Mañana,True
2025-11-22 08:47:51.022536,Ruta 5 - Oeste,163,8.0,8,50,2025-11-22 08:45:00,2025-11-22 08:51:23.582841114,23.053382735091983,Saturday,0.0,75.0,100.0,6.39,Retraso Grave,Mañana,True
2025-11-22 16:12:51.022536,Ruta 5 - Oeste,163,9.0,7,60,2025-11-22 16:00:00,2025-11-22 16:01:35.438067000,28.169156300748195,Saturday,2.0,77.0,100.0,1.59,A Tiempo,Tarde,False
2025-11-23 05:42:51.022536,Ruta 6 - Express,163,3.0,7,50,2025-11-23 05:30:00,2025-11-23 05:31:37.467138624,27.590361077520893,Sunday,-4.0,73.0,100.0,1.62,A Tiempo,Madrugada,False
2025-11-23 10:02:51.022536,Ruta 3 - Sur,163,9.0,8,50,2025-11-23 10:00:00,2025-11-23 10:00:25.903784820,28.69150081717677,Sunday,1.0,74.0,100.0,0.43,A Tiempo,Mañana,False
2025-11-23 23:27:51.022536,Ruta 1 - Centro,163,5.0,5,60,2025-11-23 23:15:00,2025-11-23 23:15:29.903961210,24.666432979010636,Sunday,0.0,74.0,100.0,0.5,A Tiempo,Noche,False
2025-11-24 03:02:51.022536,Ruta 4 - Este,163,6.0,9,40,2025-11-24 03:00:00,2025-11-24 03:00:41.126711448,31.905721361390263,Monday,-3.0,71.0,100.0,0.69,A Tiempo,Madrugada,False
2025-11-24 03:12:51.022536,Ruta 3 - Sur,163,8.0,5,60,2025-11-24 03:00:00,2025-11-24 03:00:15.419312111,20.304294745677,Monday,3.0,74.0,100.0,0.26,A Tiempo,Madrugada,False
2025-11-25 01:17:51.022536,Ruta 6 - Express,163,7.0,6,50,2025-11-25 01:15:00,2025-11-25 01:15:08.500583543,14.613031110818625,Tuesday,1.0,75.0,100.0,0.14,A Tiempo,Madrugada,False
2025-11-26 06:37:51.022536,Ruta 2 - Norte,163,9.0,7,50,2025-11-26 06:30:00,2025-11-26 06:31:08.565241464,32.25587647520423,Wednesday,2.0,77.0,100.0,1.14,A Tiempo,Madrugada,False
2025-11-26 12:07:51.022536,Ruta 6 - Express,163,7.0,5,40,2025-11-26 12:00:00,2025-11-26 12:00:40.964862108,25.558455301881917,Wednesday,2.0,79.0,100.0,0.68,A Tiempo,Mañana,False
2025-11-26 17:12:51.022536,Ruta 6 - Express,163,9.0,8,50,2025-11-26 17:00:00,2025-11-26 17:00:14.711193228,31.641735670611112,Wednesday,1.0,80.0,100.0,0.25,A Tiempo,Tarde,True
2025-11-26 22:17:51.022536,Ruta 6 - Express,163,4.0,10,50,2025-11-26 22:15:00,2025-11-26 22:15:20.394175728,23.66282610002513,Wednesday,-6.0,74.0,100.0,0.34,A Tiempo,Noche,False
2025-11-10 14:32:51.022536,Ruta 4 - Este,164,8.0,8,50,2025-11-10 14:30:00,2025-11-10 14:30:14.817139350,22.85202355645149,Monday,0.0,0.0,0.0,0.25,A Tiempo,Tarde,False
2025-11-10 14:52:51.022536,Ruta 1 - Centro,164,8.0,2,40,2025-11-10 14:45:00,2025-11-10 14:49:49.966676622,21.98811556232938,Monday,6.0,6.0,15.0,4.83,Retraso Leve,Tarde,False
2025-11-11 03:17:51.022536,Ruta 6 - Express,164,9.0,6,60,2025-11-11 03:15:00,2025-11-11 03:15:04.888192800,25.252492999748988,Tuesday,3.0,9.0,15.0,0.08,A Tiempo,Madrugada,False
2025-11-11 19:07:51.022536,Ruta 1 - Centro,164,11.0,7,40,2025-11-11 19:00:00,2025-11-11 19:00:56.508469374,28.16434597773212,Tuesday,4.0,13.0,32.5,0.94,A Tiempo,Noche,True
2025-11-12 09:12:51.022536,Ruta 1 - Centro,164,10.0,3,50,2025-11-12 09:00:00,2025-11-12 09:00:30.491384801,17.678423452636505,Wednesday,7.0,20.0,40.0,0.51,A Tiempo,Mañana,True
2025-11-12 11:52:51.022536,Ruta 1 - Centro,164,7.0,6,50,2025-11-12 11:45:00,2025-11-12 11:51:24.076827078,28.613925204899736,Wednesday,1.0,21.0,42.0,6.4,Retraso Grave,Mañana,False
2025-11-12 18:22:51.022536,Ruta 5 - Oeste,164,10.0,3,50,2025-11-12 18:15:00,2025-11-12 18:15:49.237434168,30.13302488497813,Wednesday,7.0,28.0,56.0,0.82,A Tiempo,Tarde,True
2025-11-13 01:22:51.022536,Ruta 6 - Express,164,17.0,5,60,2025-11-13 01:15:00,2025-11-13 01:15:29.314899198,25.03452920443395,Thursday,12.0,40.0,66.67,0.49,A Tiempo,Madrugada,False
2025-11-13 19:27:51.022536,Ruta 4 - Este,164,10.0,4,50,2025-11-13 19:15:00,2025-11-13 19:30:13.255727196,17.11600484003032,Thursday,6.0,46.0,92.0,15.22,Retraso Grave,Noche,True
2025-11-14 01:02:51.022536,Ruta 3 - Sur,164,12.0,7,50,2025-11-14 01:00:00,2025-11-14 01:00:00.391751052,25.938183279387697,Friday,5.0,51.0,100.0,0.01,A Tiempo,Madrugada,False
2025-11-14 11:17:51.022536,Ruta 1 - Centro,164,4.0,11,50,2025-11-14 11:15:00,2025-11-14 11:15:37.244988108,27.000917243194387,Friday,-7.0,44.0,88.0,0.62,A Tiempo,Mañana,False
2025-11-14 17:22:51.022536,Ruta 6 - Express,164,4.0,9,60,2025-11-14 17:15:00,2025-11-14 17:19:35.943514482,25.83731468497175,Friday,-5.0,39.0,65.0,4.6,Retraso Leve,Tarde,True
2025-11-15 21:32:51.022536,Ruta 2 - Norte,164,7.0,5,40,2025-11-15 21:30:00,2025-11-15 21:34:52.858290078,22.300015116856517,Saturday,2.0,41.0,100.0,4.88,Retraso Leve,Noche,False
2025-11-16 01:12:51.022536,Ruta 3 - Sur,164,6.0,7,40,2025-11-16 01:00:00,2025-11-16 01:05:13.355552994,26.95257078360181,Sunday,-1.0,40.0,100.0,5.22,Retraso Grave,Madrugada,False
2025-11-17 10:42:51.022536,Ruta 1 - Centro,164,8.0,8,50,2025-11-17 10:30:00,2025-11-17 10:37:01.676855886,27.145260099992143,Monday,0.0,40.0,80.0,7.03,Retraso Grave,Mañana,False
2025-11-17 14:42:51.022536,Ruta 5 - Oeste,164,11.0,4,40,2025-11-17 14:30:00,2025-11-17 14:31:10.747526580,24.94712483522692,Monday,7.0,47.0,100.0,1.18,A Tiempo,Tarde,False
2025-11-17 16:27:51.022536,Ruta 3 - Sur,164,6.0,4,40,2025-11-17 16:15:00,2025-11-17 16:15:44.447113104,32.36305530577579,Monday,2.0,49.0,100.0,0.74,A Tiempo,Tarde,False
2025-11-17 18:17:51.022536,Ruta 2 - Norte,164,8.0,5,50,2025-11-17 18:15:00,2025-11-17 18:16:21.327901470,20.811641090947845,Monday,3.0,52.0,100.0,1.36,A Tiempo,Tarde,True
2025-11-17 20:22:51.022536,Ruta 1 - Centro,164,4.0,8,40,2025-11-17 20:15:00,2025-11-17 20:23:06.882712392,28.126833288439336,Monday,-4.0,48.0,100.0,8.11,Retraso Grave,Noche,False
2025-11-17 21:27:51.022536,Ruta 4 - Este,164,10.0,10,60,2025-11-17 21:15:00,2025-11-17 21:19:19.853752980,24.816125455501965,Monday,0.0,48.0,80.0,4.33,Retraso Leve,Noche,False
2025-11-19 15:12:51.022536,Ruta 2 - Norte,164,7.0,8,50,2025-11-19 15:00:00,2025-11-19 15:00:14.894962104,29.160663638835363,Wednesday,-1.0,47.0,94.0,0.25,A Tiempo,Tarde,False
2025-11-19 20:02:51.022536,Ruta 3 - Sur,164,8.0,6,50,2025-11-19 20:00:00,2025-11-19 20:02:27.368408682,24.9278299629851,Wednesday,2.0,49.0,98.0,2.46,Retraso Leve,Noche,False
2025-11-20 12:47:51.022536,Ruta 4 - Este,164,8.0,6,60,2025-11-20 12:45:00,2025-11-20 12:46:56.633282880,24.68477088444699,Thursday,2.0,51.0,85.0,1.94,A Tiempo,Mañana,False
2025-11-20 17:37:51.022536,Ruta 4 - Este,164,6.0,8,40,2025-11-20 17:30:00,2025-11-20 17:31:35.933222988,24.356864126505105,Thursday,-2.0,49.0,100.0,1.6,A Tiempo,Tarde,True
2025-11-21 01:12:51.022536,Ruta 4 - Este,164,12.0,4,60,2025-11-21 01:00:00,2025-11-21 01:01:29.937877722,24.939317540681724,Friday,8.0,57.0,95.0,1.5,A Tiempo,Madrugada,False
2025-11-22 02:42:51.022536,Ruta 5 - Oeste,164,10.0,4,50,2025-11-22 02:30:00,2025-11-22 02:31:05.591350242,27.088822882329943,Saturday,6.0,63.0,100.0,1.09,A Tiempo,Madrugada,False
2025-11-22 15:17:51.022536,Ruta 4 - Este,164,9.0,6,50,2025-11-22 15:15:00,2025-11-22 15:19:39.702184446,23.10030511736683,Saturday,3.0,66.0,100.0,4.66,Retraso Leve,Tarde,False
2025-11-22 15:22:51.022536,Ruta 2 - Norte,164,11.0,6,60,2025-11-22 15:15:00,2025-11-22 15:15:17.505356556,14.921411429092135,Saturday,5.0,71.0,100.0,0.29,A Tiempo,Tarde,False
2025-11-22 16:32:51.022536,Ruta 3 - Sur,164,15.0,3,50,2025-11-22 16:30:00,2025-11-22 16:32:04.153361190,20.291820347938295,Saturday,12.0,83.0,100.0,2.07,Retraso Leve,Tarde,False
2025-11-22 17:57:51.022536,Ruta 2 - Norte,164,9.0,7,60,2025-11-22 17:45:00,2025-11-22 17:45:15.077032302,22.78450300963202,Saturday,2.0,85.0,100.0,0.25,A Tiempo,Tarde,True
2025-11-22 21:52:51.022536,Ruta 5 - Oeste,164,10.0,9,40,2025-11-22 21:45:00,2025-11-22 21:45:12.574212600,20.95325220350377,Saturday,1.0,86.0,100.0,0.21,A Tiempo,Noche,False
2025-11-23 19:02:51.022536,Ruta 1 - Centro,164,9.0,5,40,2025-11-23 19:00:00,2025-11-23 19:06:53.844675924,26.091524828128808,Sunday,4.0,90.0,100.0,6.9,Retraso Grave,Noche,True
2025-11-24 04:17:51.022536,Ruta 2 - Norte,164,3.0,4,60,2025-11-24 04:15:00,2025-11-24 04:20:30.784380125,22.99663306479504,Monday,-1.0,89.0,100.0,5.51,Retraso Grave,Madrugada,False
2025-11-24 05:02:51.022536,Ruta 6 - Express,164,6.0,4,40,2025-11-24 05:00:00,2025-11-24 05:00:23.167600782,25.663841906674207,Monday,2.0,91.0,100.0,0.39,A Tiempo,Madrugada,False
2025-11-25 11:52:51.022536,Ruta 4 - Este,164,12.0,10,60,2025-11-25 11:45:00,2025-11-25 11:45:40.851923004,25.03632570459354,Tuesday,2.0,93.0,100.0,0.68,A Tiempo,Mañana,False
2025-11-26 02:57:51.022536,Ruta 5 - Oeste,164,9.0,6,60,2025-11-26 02:45:00,2025-11-26 02:46:28.202745840,30.55469799300867,Wednesday,3.0,96.0,100.0,1.47,A Tiempo,Madrugada,False
2025-11-09 16:27:51.022536,Ruta 5 - Oeste,165,7.0,6,50,2025-11-09 16:15:00,2025-11-09 16:17:48.626211480,21.267249646414815,Sunday,1.0,1.0,2.0,2.81,Retraso Leve,Tarde,False
2025-11-10 10:22:51.022536,Ruta 3 - Sur,165,8.0,6,50,2025-11-10 10:15:00,2025-11-10 10:15:47.989029666,28.31320848492419,Monday,2.0,3.0,6.0,0.8,A Tiempo,Mañana,False
2025-11-10 17:17:51.022536,Ruta 2 - Norte,165,10.0,3,50,2025-11-10 17:15:00,2025-11-10 17:20:02.539997934,28.480892278487733,Monday,7.0,10.0,20.0,5.04,Retraso Grave,Tarde,True
2025-11-10 17:32:51.022536,Ruta 3 - Sur,165,10.0,7,40,2025-11-10 17:30:00,2025-11-10 17:30:52.935846570,20.24514099538676,Monday,3.0,13.0,32.5,0.88,A Tiempo,Tarde,True
2025-11-11 21:27:51.022536,Ruta 5 - Oeste,165,8.0,9,40,2025-11-11 21:15:00,2025-11-11 21:15:57.078731778,23.86532425563162,Tuesday,-1.0,12.0,30.0,0.95,A Tiempo,Noche,False
2025-11-11 22:12:51.022536,Ruta 5 - Oeste,165,9.0,4,60,2025-11-11 22:00:00,2025-11-11 22:00:31.833973362,28.533482428830915,Tuesday,5.0,17.0,28.33,0.53,A Tiempo,Noche,False
2025-11-12 04:52:51.022536,Ruta 2 - Norte,165,13.0,6,60,2025-11-12 04:45:00,2025-11-12 04:46:02.464161498,23.858776465669344,Wednesday,7.0,24.0,40.0,1.04,A Tiempo,Madrugada,False
2025-11-12 20:12:51.022536,Ruta 2 - Norte,165,4.0,6,50,2025-11-12 20:00:00,2025-11-12 20:07:34.654355490,19.48858001873495,Wednesday,-2.0,22.0,44.0,7.58,Retraso Grave,Noche,False
2025-11-12 21:02:51.022536,Ruta 5 - Oeste,165,11.0,12,60,2025-11-12 21:00:00,2025-11-12 21:02:13.762349178,28.37301023971604,Wednesday,-1.0,21.0,35.0,2.23,Retraso Leve,Noche,False
2025-11-13 17:02:51.022536,Ruta 4 - Este,165,10.0,6,40,2025-11-13 17:00:00,2025-11-13 17:02:11.882626944,28.282340466559088,Thursday,4.0,25.0,62.5,2.2,Retraso Leve,Tarde,True
2025-11-13 17:22:51.022536,Ruta 3 - Sur,165,7.0,9,60,2025-11-13 17:15:00,2025-11-13 17:15:57.882707094,29.910201212215032,Thursday,-2.0,23.0,38.33,0.96,A Tiempo,Tarde,True
2025-11-13 21:07:51.022536,Ruta 1 - Centro,165,8.0,7,40,2025-11-13 21:00:00,2025-11-13 21:05:48.347045478,24.711040597421505,Thursday,1.0,24.0,60.0,5.81,Retraso Grave,Noche,False
2025-11-13 23:47:51.022536,Ruta 3 - Sur,165,8.0,5,40,2025-11-13 23:45:00,2025-11-13 23:48:05.767303974,25.77509553942735,Thursday,3.0,27.0,67.5,3.1,Retraso Leve,Noche,False
2025-11-14 00:57:51.022536,Ruta 5 - Oeste,165,10.0,6,40,2025-11-14 00:45:00,2025-11-14 00:48:26.620539528,29.083968497048943,Friday,4.0,31.0,77.5,3.44,Retraso Leve,Madrugada,False
2025-11-14 01:47:51.022536,Ruta 1 - Centro,165,7.0,3,40,2025-11-14 01:45:00,2025-11-14 01:45:40.582160136,26.67608580373852,Friday,4.0,35.0,87.5,0.68,A Tiempo,Madrugada,False
2025-11-14 09:17:51.022536,Ruta 3 - Sur,165,6.0,8,40,2025-11-14 09:15:00,2025-11-14 09:15:58.269262926,30.67036877985894,Friday,-2.0,33.0,82.5,0.97,A Tiempo,Mañana,True
2025-11-14 11:42:51.022536,Ruta 1 - Centro,165,6.0,6,60,2025-11-14 11:30:00,2025-11-14 11:31:03.254007246,22.34910946494577,Friday,0.0,33.0,55.0,1.05,A Tiempo,Mañana,False
2025-11-15 03:57:51.022536,Ruta 4 - Este,165,12.0,3,60,2025-11-15 03:45:00,2025-11-15 03:45:16.382217942,16.239208027864187,Saturday,9.0,42.0,70.0,0.27,A Tiempo,Madrugada,False
2025-11-15 08:57:51.022536,Ruta 6 - Express,165,7.0,3,50,2025-11-15 08:45:00,2025-11-15 08:46:14.095546632,23.77155323457728,Saturday,4.0,46.0,92.0,1.23,A Tiempo,Mañana,True
2025-11-15 20:07:51.022536,Ruta 2 - Norte,165,10.0,4,40,2025-11-15 20:00:00,2025-11-15 20:02:42.078391740,15.577536730059848,Saturday,6.0,52.0,100.0,2.7,Retraso Leve,Noche,False
2025-11-16 05:12:51.022536,Ruta 1 - Centro,165,10.0,5,50,2025-11-16 05:00:00,2025-11-16 05:00:08.647311006,22.96257428390988,Sunday,5.0,57.0,100.0,0.14,A Tiempo,Madrugada,False
2025-11-16 06:07:51.022536,Ruta 4 - Este,165,8.0,6,60,2025-11-16 06:00:00,2025-11-16 06:01:44.868733542,19.095193411442622,Sunday,2.0,59.0,98.33,1.75,A Tiempo,Madrugada,False
2025-11-17 09:32:51.022536,Ruta 4 - Este,165,9.0,7,50,2025-11-17 09:30:00,2025-11-17 09:34:49.290451560,19.898483501536028,Monday,2.0,61.0,100.0,4.82,Retraso Leve,Mañana,True
2025-11-18 14:17:51.022536,Ruta 5 - Oeste,165,9.0,9,50,2025-11-18 14:15:00,2025-11-18 14:21:23.197853460,18.921116793174853,Tuesday,0.0,61.0,100.0,6.39,Retraso Grave,Tarde,False
2025-11-18 20:37:51.022536,Ruta 6 - Express,165,9.0,5,40,2025-11-18 20:30:00,2025-11-18 20:36:51.091590894,33.974296609785,Tuesday,4.0,65.0,100.0,6.85,Retraso Grave,Noche,False
2025-11-18 22:02:51.022536,Ruta 1 - Centro,165,4.0,4,50,2025-11-18 22:00:00,2025-11-18 22:07:30.220868387,25.446138642181037,Tuesday,0.0,65.0,100.0,7.5,Retraso Grave,Noche,False
2025-11-19 13:37:51.022536,Ruta 4 - Este,165,6.0,9,40,2025-11-19 13:30:00,2025-11-19 13:30:24.836783796,26.723155029757987,Wednesday,-3.0,62.0,100.0,0.41,A Tiempo,Tarde,False
2025-11-20 11:27:51.022536,Ruta 3 - Sur,165,9.0,5,60,2025-11-20 11:15:00,2025-11-20 11:15:10.642084596,25.91823308734676,Thursday,4.0,66.0,100.0,0.18,A Tiempo,Mañana,False
2025-11-20 19:27:51.022536,Ruta 2 - Norte,165,12.0,9,50,2025-11-20 19:15:00,2025-11-20 19:15:18.733568598,18.522899551661617,Thursday,3.0,69.0,100.0,0.31,A Tiempo,Noche,True
2025-11-21 05:07:51.022536,Ruta 3 - Sur,165,7.0,7,50,2025-11-21 05:00:00,2025-11-21 05:03:49.998710196,25.51134799010461,Friday,0.0,69.0,100.0,3.83,Retraso Leve,Madrugada,False
2025-11-21 07:02:51.022536,Ruta 1 - Centro,165,8.0,9,50,2025-11-21 07:00:00,2025-11-21 07:00:37.956275658,21.012341042317296,Friday,-1.0,68.0,100.0,0.63,A Tiempo,Mañana,True
2025-11-21 09:57:51.022536,Ruta 6 - Express,165,11.0,6,60,2025-11-21 09:45:00,2025-11-21 09:46:39.227710608,20.638439792154596,Friday,5.0,73.0,100.0,1.65,A Tiempo,Mañana,True
2025-11-21 13:42:51.022536,Ruta 5 - Oeste,165,17.0,6,60,2025-11-21 13:30:00,2025-11-21 13:31:19.667611836,26.928682761292794,Friday,11.0,84.0,100.0,1.33,A Tiempo,Tarde,False
2025-11-21 17:12:51.022536,Ruta 5 - Oeste,165,8.0,9,50,2025-11-21 17:00:00,2025-11-21 17:00:25.727965614,27.45815812074584,Friday,-1.0,83.0,100.0,0.43,A Tiempo,Tarde,True
2025-11-22 02:17:51.022536,Ruta 3 - Sur,165,10.0,8,50,2025-11-22 02:15:00,2025-11-22 02:15:28.089965616,21.61171319008093,Saturday,2.0,85.0,100.0,0.47,A Tiempo,Madrugada,False
2025-11-22 07:12:51.022536,Ruta 3 - Sur,165,8.0,9,50,2025-11-22 07:00:00,2025-11-22 07:02:10.487216796,25.13989358790584,Saturday,-1.0,84.0,100.0,2.17,Retraso Leve,Mañana,True
2025-11-22 13:02:51.022536,Ruta 3 - Sur,165,9.0,4,60,2025-11-22 13:00:00,2025-11-22 13:07:05.749267110,28.072979923312936,Saturday,5.0,89.0,100.0,7.1,Retraso Grave,Tarde,False
2025-11-22 14:22:51.022536,Ruta 4 - Este,165,6.0,9,50,2025-11-22 14:15:00,2025-11-22 14:15:28.807835178,34.833546931484335,Saturday,-3.0,86.0,100.0,0.48,A Tiempo,Tarde,False
2025-11-22 23:22:51.022536,Ruta 6 - Express,165,7.0,7,50,2025-11-22 23:15:00,2025-11-22 23:18:56.776856640,20.53122751115224,Saturday,0.0,86.0,100.0,3.95,Retraso Leve,Noche,False
2025-11-23 12:52:51.022536,Ruta 6 - Express,165,9.0,5,60,2025-11-23 12:45:00,2025-11-23 12:45:00.479084610,20.61043928520768,Sunday,4.0,90.0,100.0,0.01,A Tiempo,Mañana,False
2025-11-24 03:32:51.022536,Ruta 6 - Express,165,9.0,9,50,2025-11-24 03:30:00,2025-11-24 03:32:26.376994362,33.93705604236415,Monday,0.0,90.0,100.0,2.44,Retraso Leve,Madrugada,False
2025-11-24 06:07:51.022536,Ruta 2 - Norte,165,6.0,2,40,2025-11-24 06:00:00,2025-11-24 06:06:53.624504220,29.701593712451157,Monday,4.0,94.0,100.0,6.89,Retraso Grave,Madrugada,False
2025-11-24 07:07:51.022536,Ruta 3 - Sur,165,6.0,12,50,2025-11-24 07:00:00,2025-11-24 07:00:57.885399360,25.71462896604277,Monday,-6.0,88.0,100.0,0.96,A Tiempo,Mañana,True
2025-11-24 21:37:51.022536,Ruta 2 - Norte,165,4.0,6,50,2025-11-24 21:30:00,2025-11-24 21:31:04.727962404,21.977780864843474,Monday,-2.0,86.0,100.0,1.08,A Tiempo,Noche,False
2025-11-25 04:27:51.022536,Ruta 1 - Centro,165,6.0,3,60,2025-11-25 04:15:00,2025-11-25 04:16:28.381716396,29.68660648059622,Tuesday,3.0,89.0,100.0,1.47,A Tiempo,Madrugada,False
2025-11-25 09:27:51.022536,Ruta 3 - Sur,165,7.0,10,60,2025-11-25 09:15:00,2025-11-25 09:16:43.362060726,31.965021571822614,Tuesday,-3.0,86.0,100.0,1.72,A Tiempo,Mañana,True
2025-11-09 17:07:51.022536,Ruta 6 - Express,166,7.0,7,50,2025-11-09 17:00:00,2025-11-09 17:00:24.171418266,23.533093701215385,Sunday,0.0,0.0,0.0,0.4,A Tiempo,Tarde,True
2025-11-10 01:07:51.022536,Ruta 5 - Oeste,166,8.0,9,60,2025-11-10 01:00:00,2025-11-10 01:01:26.220123936,28.95131575174767,Monday,-1.0,0.0,0.0,1.44,A Tiempo,Madrugada,False
2025-11-10 01:17:51.022536,Ruta 2 - Norte,166,7.0,7,60,2025-11-10 01:15:00,2025-11-10 01:15:25.456818588,31.65381017986377,Monday,0.0,0.0,0.0,0.42,A Tiempo,Madrugada,False
2025-11-10 06:57:51.022536,Ruta 6 - Express,166,9.0,5,40,2025-11-10 06:45:00,2025-11-10 06:50:45.014007570,29.969924536667783,Monday,4.0,3.0,7.5,5.75,Retraso Grave,Madrugada,False
2025-11-11 09:32:51.022536,Ruta 6 - Express,166,8.0,5,50,2025-11-11 09:30:00,2025-11-11 09:30:06.224897082,24.36136644810568,Tuesday,3.0,6.0,12.0,0.1,A Tiempo,Mañana,True
2025-11-12 01:57:51.022536,Ruta 5 - Oeste,166,7.0,7,50,2025-11-12 01:45:00,2025-11-12 01:45:28.320921540,15.994685123554891,Wednesday,0.0,6.0,12.0,0.47,A Tiempo,Madrugada,False
2025-11-12 02:37:51.022536,Ruta 6 - Express,166,6.0,2,60,2025-11-12 02:30:00,2025-11-12 02:31:56.322970686,29.045422330247693,Wednesday,4.0,10.0,16.67,1.94,A Tiempo,Madrugada,False
2025-11-12 02:52:51.022536,Ruta 4 - Este,166,10.0,7,50,2025-11-12 02:45:00,2025-11-12 02:46:36.948964854,27.081104527599795,Wednesday,3.0,13.0,26.0,1.62,A Tiempo,Madrugada,False
2025-11-12 07:32:51.022536,Ruta 2 - Norte,166,7.0,7,50,2025-11-12 07:30:00,2025-11-12 07:33:16.033292153,30.4724051708975,Wednesday,0.0,13.0,26.0,3.27,Retraso Leve,Mañana,True
2025-11-12 23:57:51.022536,Ruta 1 - Centro,166,11.0,6,40,2025-11-12 23:45:00,2025-11-12 23:46:28.914519846,14.853802526905945,Wednesday,5.0,18.0,45.0,1.48,A Tiempo,Noche,False
2025-11-13 10:12:51.022536,Ruta 1 - Centro,166,6.0,6,40,2025-11-13 10:00:00,2025-11-13 10:02:53.059526082,16.3986891029404,Thursday,0.0,18.0,45.0,2.88,Retraso Leve,Mañana,False
2025-11-13 20:42:51.022536,Ruta 5 - Oeste,166,5.0,9,50,2025-11-13 20:30:00,2025-11-13 20:41:23.093699670,22.295818172997564,Thursday,-4.0,14.0,28.0,11.38,Retraso Grave,Noche,False
2025-11-13 20:52:51.022536,Ruta 1 - Centro,166,7.0,4,60,2025-11-13 20:45:00,2025-11-13 20:46:43.357436682,19.963108250700685,Thursday,3.0,17.0,28.33,1.72,A Tiempo,Noche,False
2025-11-14 04:42:51.022536,Ruta 4 - Este,166,8.0,3,40,2025-11-14 04:30:00,2025-11-14 04:32:51.301849134,25.96369078915823,Friday,5.0,22.0,55.0,2.86,Retraso Leve,Madrugada,False
2025-11-14 11:12:51.022536,Ruta 3 - Sur,166,6.0,2,50,2025-11-14 11:00:00,2025-11-14 11:05:48.754161648,16.78393223123326,Friday,4.0,26.0,52.0,5.81,Retraso Grave,Mañana,False
2025-11-14 21:37:51.022536,Ruta 2 - Norte,166,8.0,4,60,2025-11-14 21:30:00,2025-11-14 21:32:30.115181526,20.295153542360723,Friday,4.0,30.0,50.0,2.5,Retraso Leve,Noche,False
2025-11-15 12:52:51.022536,Ruta 1 - Centro,166,4.0,7,50,2025-11-15 12:45:00,2025-11-15 12:49:13.632789108,26.761273893076623,Saturday,-3.0,27.0,54.0,4.23,Retraso Leve,Mañana,False
2025-11-15 13:32:51.022536,Ruta 3 - Sur,166,6.0,3,50,2025-11-15 13:30:00,2025-11-15 13:30:27.583705062,27.99807158572265,Saturday,3.0,30.0,60.0,0.46,A Tiempo,Tarde,False
2025-11-15 14:02:51.022536,Ruta 2 - Norte,166,7.0,7,40,2025-11-15 14:00:00,2025-11-15 14:02:21.238009140,33.55175217927004,Saturday,0.0,30.0,75.0,2.35,Retraso Leve,Tarde,False
2025-11-15 18:52:51.022536,Ruta 5 - Oeste,166,14.0,12,60,2025-11-15 18:45:00,2025-11-15 18:45:28.363134384,26.14621819554024,Saturday,2.0,32.0,53.33,0.47,A Tiempo,Tarde,True
2025-11-16 12:52:51.022536,Ruta 2 - Norte,166,7.0,8,40,2025-11-16 12:45:00,2025-11-16 12:47:06.576564762,25.57344816256944,Sunday,-1.0,31.0,77.5,2.11,Retraso Leve,Mañana,False
2025-11-16 16:17:51.022536,Ruta 6 - Express,166,9.0,7,60,2025-11-16 16:15:00,2025-11-16 16:17:28.404981390,17.077808462177334,Sunday,2.0,33.0,55.0,2.47,Retraso Leve,Tarde,False
2025-11-17 14:07:51.022536,Ruta 3 - Sur,166,7.0,3,60,2025-11-17 14:00:00,2025-11-17 14:03:16.179456240,27.19918873272748,Monday,4.0,37.0,61.67,3.27,Retraso Leve,Tarde,False
2025-11-17 19:17:51.022536,Ruta 6 - Express,166,4.0,7,60,2025-11-17 19:15:00,2025-11-17 19:22:55.242395532,33.91712271042638,Monday,-3.0,34.0,56.67,7.92,Retraso Grave,Noche,True
2025-11-18 03:17:51.022536,Ruta 5 - Oeste,166,8.0,6,60,2025-11-18 03:15:00,2025-11-18 03:15:08.832973626,22.981094803987556,Tuesday,2.0,36.0,60.0,0.15,A Tiempo,Madrugada,False
2025-11-18 18:42:51.022536,Ruta 4 - Este,166,11.0,2,40,2025-11-18 18:30:00,2025-11-18 18:35:12.428411550,24.96884685284247,Tuesday,9.0,45.0,100.0,5.21,Retraso Grave,Tarde,True
2025-11-19 03:12:51.022536,Ruta 5 - Oeste,166,7.0,4,50,2025-11-19 03:00:00,2025-11-19 03:02:30.451566504,17.679021119280566,Wednesday,3.0,48.0,96.0,2.51,Retraso Leve,Madrugada,False
2025-11-20 02:02:51.022536,Ruta 4 - Este,166,9.0,4,50,2025-11-20 02:00:00,2025-11-20 02:02:47.382838266,28.17341204532954,Thursday,5.0,53.0,100.0,2.79,Retraso Leve,Madrugada,False
2025-11-20 07:57:51.022536,Ruta 3 - Sur,166,10.0,10,60,2025-11-20 07:45:00,2025-11-20 07:45:32.246707440,32.205917042846266,Thursday,0.0,53.0,88.33,0.54,A Tiempo,Mañana,True
2025-11-20 18:07:51.022536,Ruta 4 - Este,166,3.0,5,60,2025-11-20 18:00:00,2025-11-20 18:00:18.342267342,22.48591668684424,Thursday,-2.0,51.0,85.0,0.31,A Tiempo,Tarde,True
2025-11-21 08:52:51.022536,Ruta 1 - Centro,166,7.0,3,60,2025-11-21 08:45:00,2025-11-21 08:45:28.053726624,20.43624445848831,Friday,4.0,55.0,91.67,0.47,A Tiempo,Mañana,True
2025-11-21 09:22:51.022536,Ruta 3 - Sur,166,10.0,5,40,2025-11-21 09:15:00,2025-11-21 09:16:09.870735498,32.58983011610259,Friday,5.0,60.0,100.0,1.16,A Tiempo,Mañana,True
2025-11-21 14:17:51.022536,Ruta 4 - Este,166,8.0,5,50,2025-11-21 14:15:00,2025-11-21 14:20:38.531735802,23.85999235097077,Friday,3.0,63.0,100.0,5.64,Retraso Grave,Tarde,False
2025-11-21 16:47:51.022536,Ruta 6 - Express,166,3.0,6,50,2025-11-21 16:45:00,2025-11-21 16:45:07.048785390,30.535320059045866,Friday,-3.0,60.0,100.0,0.12,A Tiempo,Tarde,False
2025-11-22 03:32:51.022536,Ruta 3 - Sur,166,12.0,6,50,2025-11-22 03:30:00,2025-11-22 03:30:43.228971720,20.96385059433376,Saturday,6.0,66.0,100.0,0.72,A Tiempo,Madrugada,False
2025-11-22 13:57:51.022536,Ruta 4 - Este,166,12.0,7,40,2025-11-22 13:45:00,2025-11-22 13:46:15.354442529,25.934109549614924,Saturday,5.0,71.0,100.0,1.26,A Tiempo,Tarde,False
2025-11-23 07:47:51.022536,Ruta 3 - Sur,166,9.0,8,40,2025-11-23 07:45:00,2025-11-23 07:45:21.650768610,30.4290380291021,Sunday,1.0,72.0,100.0,0.36,A Tiempo,Mañana,True
2025-11-23 11:37:51.022536,Ruta 4 - Este,166,10.0,5,50,2025-11-23 11:30:00,2025-11-23 11:30:24.282897000,31.272071893965983,Sunday,5.0,77.0,100.0,0.4,A Tiempo,Mañana,False
2025-11-23 23:37:51.022536,Ruta 5 - Oeste,166,8.0,5,50,2025-11-23 23:30:00,2025-11-23 23:31:16.163793006,33.78169876120063,Sunday,3.0,80.0,100.0,1.27,A Tiempo,Noche,False
2025-11-24 00:02:51.022536,Ruta 5 - Oeste,166,9.0,5,60,2025-11-24 00:00:00,2025-11-24 00:06:14.157538236,23.36331820263424,Monday,4.0,84.0,100.0,6.24,Retraso Grave,Madrugada,False
2025-11-24 03:57:51.022536,Ruta 6 - Express,166,8.0,8,60,2025-11-24 03:45:00,2025-11-24 03:45:58.963517442,23.349959214471006,Monday,0.0,84.0,100.0,0.98,A Tiempo,Madrugada,False
2025-11-24 04:27:51.022536,Ruta 4 - Este,166,9.0,6,60,2025-11-24 04:15:00,2025-11-24 04:16:19.742094462,27.729738217166577,Monday,3.0,87.0,100.0,1.33,A Tiempo,Madrugada,False
2025-11-24 09:57:51.022536,Ruta 3 - Sur,166,11.0,3,40,2025-11-24 09:45:00,2025-11-24 09:46:55.706268810,27.094685919528924,Monday,8.0,95.0,100.0,1.93,A Tiempo,Mañana,True
2025-11-25 05:42:51.022536,Ruta 3 - Sur,166,7.0,7,60,2025-11-25 05:30:00,2025-11-25 05:30:24.561370206,24.525073972626974,Tuesday,0.0,95.0,100.0,0.41,A Tiempo,Madrugada,False
2025-11-25 09:07:51.022536,Ruta 3 - Sur,166,7.0,13,60,2025-11-25 09:00:00,2025-11-25 09:01:27.182220726,15.311280742422705,Tuesday,-6.0,89.0,100.0,1.45,A Tiempo,Mañana,True
2025-11-25 16:17:51.022536,Ruta 1 - Centro,166,12.0,3,60,2025-11-25 16:15:00,2025-11-25 16:16:03.398994558,15.675195946016371,Tuesday,9.0,98.0,100.0,1.06,A Tiempo,Tarde,False
2025-11-25 16:42:51.022536,Ruta 1 - Centro,166,2.0,1,60,2025-11-25 16:30:00,2025-11-25 16:31:09.919141578,34.722116359129764,Tuesday,1.0,99.0,100.0,1.17,A Tiempo,Tarde,False
2025-11-25 23:22:51.022536,Ruta 5 - Oeste,166,8.0,7,50,2025-11-25 23:15:00,2025-11-25 23:15:38.505127920,25.44771765585863,Tuesday,1.0,100.0,100.0,0.64,A Tiempo,Noche,False
2025-11-26 03:32:51.022536,Ruta 2 - Norte,166,8.0,4,40,2025-11-26 03:30:00,2025-11-26 03:31:05.831463468,19.52558681536993,Wednesday,4.0,104.0,100.0,1.1,A Tiempo,Madrugada,False
2025-11-26 10:47:51.022536,Ruta 1 - Centro,166,8.0,8,50,2025-11-26 10:45:00,2025-11-26 10:49:28.218625776,18.59691212732257,Wednesday,0.0,104.0,100.0,4.47,Retraso Leve,Mañana,False
2025-11-26 22:02:51.022536,Ruta 1 - Centro,166,10.0,12,40,2025-11-26 22:00:00,2025-11-26 22:02:36.994362054,25.854429372437032,Wednesday,-2.0,102.0,100.0,2.62,Retraso Leve,Noche,False
2025-11-10 09:57:51.022536,Ruta 4 - Este,167,7.0,6,40,2025-11-10 09:45:00,2025-11-10 09:48:04.872357192,29.56244558857892,Monday,1.0,1.0,2.5,3.08,Retraso Leve,Mañana,True
2025-11-11 07:17:51.022536,Ruta 5 - Oeste,167,10.0,5,40,2025-11-11 07:15:00,2025-11-11 07:16:23.741814786,22.042632864361728,Tuesday,5.0,6.0,15.0,1.4,A Tiempo,Mañana,True
2025-11-11 22:27:51.022536,Ruta 5 - Oeste,167,10.0,5,50,2025-11-11 22:15:00,2025-11-11 22:15:21.138643398,30.32263112948258,Tuesday,5.0,11.0,22.0,0.35,A Tiempo,Noche,False
2025-11-12 06:47:51.022536,Ruta 6 - Express,167,8.0,7,40,2025-11-12 06:45:00,2025-11-12 06:47:08.158016867,29.40330754730834,Wednesday,1.0,12.0,30.0,2.14,Retraso Leve,Madrugada,False
2025-11-12 19:12:51.022536,Ruta 6 - Express,167,14.0,7,40,2025-11-12 19:00:00,2025-11-12 19:01:16.243463106,21.583543272324693,Wednesday,7.0,19.0,47.5,1.27,A Tiempo,Noche,True
2025-11-13 00:32:51.022536,Ruta 5 - Oeste,167,8.0,9,50,2025-11-13 00:30:00,2025-11-13 00:30:58.259363802,26.483650532603527,Thursday,-1.0,18.0,36.0,0.97,A Tiempo,Madrugada,False
2025-11-13 15:12:51.022536,Ruta 5 - Oeste,167,14.0,5,40,2025-11-13 15:00:00,2025-11-13 15:00:58.797385338,27.119416623592087,Thursday,9.0,27.0,67.5,0.98,A Tiempo,Tarde,False
2025-11-13 15:57:51.022536,Ruta 5 - Oeste,167,9.0,6,50,2025-11-13 15:45:00,2025-11-13 15:46:40.354466046,28.14424008497591,Thursday,3.0,30.0,60.0,1.67,A Tiempo,Tarde,False
2025-11-14 05:12:51.022536,Ruta 3 - Sur,167,5.0,3,40,2025-11-14 05:00:00,2025-11-14 05:02:20.272669266,20.62609805509977,Friday,2.0,32.0,80.0,2.34,Retraso Leve,Madrugada,False
2025-11-14 18:07:51.022536,Ruta 3 - Sur,167,9.0,10,40,2025-11-14 18:00:00,2025-11-14 18:02:03.297329694,25.51195661396426,Friday,-1.0,31.0,77.5,2.05,Retraso Leve,Tarde,True
2025-11-15 08:22:51.022536,Ruta 3 - Sur,167,9.0,4,60,2025-11-15 08:15:00,2025-11-15 08:16:56.391807306,23.68239572963512,Saturday,5.0,36.0,60.0,1.94,A Tiempo,Mañana,True
2025-11-15 08:32:51.022536,Ruta 5 - Oeste,167,7.0,7,40,2025-11-15 08:30:00,2025-11-15 08:33:52.483984662,18.010063102899124,Saturday,0.0,36.0,90.0,3.87,Retraso Leve,Mañana,True
2025-11-15 18:37:51.022536,Ruta 5 - Oeste,167,10.0,6,60,2025-11-15 18:30:00,2025-11-15 18:33:30.053998638,28.0898654266302,Saturday,4.0,40.0,66.67,3.5,Retraso Leve,Tarde,True
2025-11-16 17:37:51.022536,Ruta 2 - Norte,167,6.0,5,50,2025-11-16 17:30:00,2025-11-16 17:31:43.391771034,27.203003050541504,Sunday,1.0,41.0,82.0,1.72,A Tiempo,Tarde,True
2025-11-16 23:47:51.022536,Ruta 4 - Este,167,6.0,7,40,2025-11-16 23:45:00,2025-11-16 23:45:36.903498522,24.40298267496225,Sunday,-1.0,40.0,100.0,0.62,A Tiempo,Noche,False
2025-11-17 14:02:51.022536,Ruta 4 - Este,167,8.0,4,60,2025-11-17 14:00:00,2025-11-17 14:00:29.832032916,31.657496891669844,Monday,4.0,44.0,73.33,0.5,A Tiempo,Tarde,False
2025-11-17 14:47:51.022536,Ruta 5 - Oeste,167,11.0,6,50,2025-11-17 14:45:00,2025-11-17 14:45:12.981092964,20.79711996757977,Monday,5.0,49.0,98.0,0.22,A Tiempo,Tarde,False
2025-11-17 22:42:51.022536,Ruta 4 - Este,167,2.0,9,60,2025-11-17 22:30:00,2025-11-17 22:32:27.946482468,24.63059018813875,Monday,-7.0,42.0,70.0,2.47,Retraso Leve,Noche,False
2025-11-18 10:02:51.022536,Ruta 4 - Este,167,7.0,6,40,2025-11-18 10:00:00,2025-11-18 10:01:26.090591076,21.091809612772856,Tuesday,1.0,43.0,100.0,1.43,A Tiempo,Mañana,False
2025-11-18 18:52:51.022536,Ruta 6 - Express,167,9.0,2,60,2025-11-18 18:45:00,2025-11-18 18:45:08.386178586,18.763807328967125,Tuesday,7.0,50.0,83.33,0.14,A Tiempo,Tarde,True
2025-11-19 14:22:51.022536,Ruta 3 - Sur,167,11.0,7,40,2025-11-19 14:15:00,2025-11-19 14:15:38.003033280,27.05279815315703,Wednesday,4.0,54.0,100.0,0.63,A Tiempo,Tarde,False
2025-11-19 21:22:51.022536,Ruta 4 - Este,167,8.0,9,60,2025-11-19 21:15:00,2025-11-19 21:15:38.834026686,28.31026713524828,Wednesday,-1.0,53.0,88.33,0.65,A Tiempo,Noche,False
2025-11-19 23:37:51.022536,Ruta 2 - Norte,167,7.0,4,50,2025-11-19 23:30:00,2025-11-19 23:30:59.602263204,28.51035700335824,Wednesday,3.0,56.0,100.0,0.99,A Tiempo,Noche,False
2025-11-20 05:37:51.022536,Ruta 2 - Norte,167,7.0,10,40,2025-11-20 05:30:00,2025-11-20 05:32:50.884032588,20.44718864122259,Thursday,-3.0,53.0,100.0,2.85,Retraso Leve,Madrugada,False
2025-11-20 07:27:51.022536,Ruta 2 - Norte,167,7.0,15,40,2025-11-20 07:15:00,2025-11-20 07:16:20.493876492,26.34817739593784,Thursday,-8.0,45.0,100.0,1.34,A Tiempo,Mañana,True
2025-11-20 08:37:51.022536,Ruta 1 - Centro,167,4.0,8,50,2025-11-20 08:30:00,2025-11-20 08:32:43.089533658,17.02562288375738,Thursday,-4.0,41.0,82.0,2.72,Retraso Leve,Mañana,True
2025-11-20 11:17:51.022536,Ruta 2 - Norte,167,11.0,10,60,2025-11-20 11:15:00,2025-11-20 11:15:29.833299312,24.440538029176352,Thursday,1.0,42.0,70.0,0.5,A Tiempo,Mañana,False
2025-11-20 22:12:51.022536,Ruta 2 - Norte,167,5.0,5,60,2025-11-20 22:00:00,2025-11-20 22:00:14.977341852,27.092835304161085,Thursday,0.0,42.0,70.0,0.25,A Tiempo,Noche,False
2025-11-20 22:32:51.022536,Ruta 5 - Oeste,167,8.0,12,40,2025-11-20 22:30:00,2025-11-20 22:31:44.344034250,27.487793149712253,Thursday,-4.0,38.0,95.0,1.74,A Tiempo,Noche,False
2025-11-21 05:52:51.022536,Ruta 6 - Express,167,8.0,6,40,2025-11-21 05:45:00,2025-11-21 05:46:04.709404116,24.052103554035558,Friday,2.0,40.0,100.0,1.08,A Tiempo,Madrugada,False
2025-11-21 07:27:51.022536,Ruta 3 - Sur,167,6.0,4,40,2025-11-21 07:15:00,2025-11-21 07:15:19.693056846,18.77828465464552,Friday,2.0,42.0,100.0,0.33,A Tiempo,Mañana,True
2025-11-21 11:47:51.022536,Ruta 5 - Oeste,167,9.0,4,60,2025-11-21 11:45:00,2025-11-21 11:45:42.313581102,35.29725336808816,Friday,5.0,47.0,78.33,0.71,A Tiempo,Mañana,False
2025-11-21 12:37:51.022536,Ruta 4 - Este,167,3.0,3,50,2025-11-21 12:30:00,2025-11-21 12:31:55.984003122,18.0775265778047,Friday,0.0,47.0,94.0,1.93,A Tiempo,Mañana,False
2025-11-22 18:12:51.022536,Ruta 1 - Centro,167,4.0,3,60,2025-11-22 18:00:00,2025-11-22 18:01:27.208698288,18.350058419165027,Saturday,1.0,48.0,80.0,1.45,A Tiempo,Tarde,True
2025-11-22 22:32:51.022536,Ruta 2 - Norte,167,7.0,5,50,2025-11-22 22:30:00,2025-11-22 22:31:50.541783018,20.148427643462803,Saturday,2.0,50.0,100.0,1.84,A Tiempo,Noche,False
2025-11-23 06:27:51.022536,Ruta 2 - Norte,167,9.0,6,40,2025-11-23 06:15:00,2025-11-23 06:16:05.233881930,27.49784627892816,Sunday,3.0,53.0,100.0,1.09,A Tiempo,Madrugada,False
2025-11-23 08:57:51.022536,Ruta 1 - Centro,167,6.0,4,50,2025-11-23 08:45:00,2025-11-23 08:46:00.852160470,32.30993614583398,Sunday,2.0,55.0,100.0,1.01,A Tiempo,Mañana,True
2025-11-24 00:17:51.022536,Ruta 2 - Norte,167,8.0,4,50,2025-11-24 00:15:00,2025-11-24 00:16:49.535367798,21.008358958478837,Monday,4.0,59.0,100.0,1.83,A Tiempo,Madrugada,False
2025-11-24 19:02:51.022536,Ruta 3 - Sur,167,11.0,8,60,2025-11-24 19:00:00,2025-11-24 19:00:06.163526058,28.339259201355667,Monday,3.0,62.0,100.0,0.1,A Tiempo,Noche,True
2025-11-25 18:47:51.022536,Ruta 4 - Este,167,5.0,8,60,2025-11-25 18:45:00,2025-11-25 18:50:01.749444798,35.1078730930527,Tuesday,-3.0,59.0,98.33,5.03,Retraso Grave,Tarde,True
2025-11-26 05:42:51.022536,Ruta 4 - Este,167,15.0,5,50,2025-11-26 05:30:00,2025-11-26 05:35:37.183509438,14.844360044194325,Wednesday,10.0,69.0,100.0,5.62,Retraso Grave,Madrugada,False
2025-11-10 09:32:51.022536,Ruta 1 - Centro,168,8.0,6,60,2025-11-10 09:30:00,2025-11-10 09:31:48.695470176,26.455468591041445,Monday,2.0,2.0,3.33,1.81,A Tiempo,Mañana,True
2025-11-10 11:32:51.022536,Ruta 2 - Norte,168,9.0,6,60,2025-11-10 11:30:00,2025-11-10 11:31:49.387529460,32.56992470500228,Monday,3.0,5.0,8.33,1.82,A Tiempo,Mañana,False
2025-11-11 02:22:51.022536,Ruta 1 - Centro,168,11.0,6,50,2025-11-11 02:15:00,2025-11-11 02:16:03.143315034,24.99388500467465,Tuesday,5.0,10.0,20.0,1.05,A Tiempo,Madrugada,False
2025-11-11 11:32:51.022536,Ruta 3 - Sur,168,5.0,10,50,2025-11-11 11:30:00,2025-11-11 11:33:06.904471980,30.999201360426007,Tuesday,-5.0,5.0,10.0,3.12,Retraso Leve,Mañana,False
2025-11-12 08:52:51.022536,Ruta 3 - Sur,168,6.0,6,60,2025-11-12 08:45:00,2025-11-12 08:48:01.339606182,12.516555039992124,Wednesday,0.0,5.0,8.33,3.02,Retraso Leve,Mañana,True
2025-11-12 14:52:51.022536,Ruta 3 - Sur,168,9.0,10,50,2025-11-12 14:45:00,2025-11-12 14:45:41.002653576,29.75971569131536,Wednesday,-1.0,4.0,8.0,0.68,A Tiempo,Tarde,False
2025-11-12 21:47:51.022536,Ruta 6 - Express,168,5.0,3,60,2025-11-12 21:45:00,2025-11-12 21:46:11.852194914,19.508435719038776,Wednesday,2.0,6.0,10.0,1.2,A Tiempo,Noche,False
2025-11-12 22:27:51.022536,Ruta 6 - Express,168,12.0,7,60,2025-11-12 22:15:00,2025-11-12 22:19:07.376846346,21.03753560031408,Wednesday,5.0,11.0,18.33,4.12,Retraso Leve,Noche,False
2025-11-13 02:52:51.022536,Ruta 1 - Centro,168,9.0,6,60,2025-11-13 02:45:00,2025-11-13 02:47:44.402422506,29.94161678292797,Thursday,3.0,14.0,23.33,2.74,Retraso Leve,Madrugada,False
2025-11-13 08:47:51.022536,Ruta 5 - Oeste,168,9.0,6,60,2025-11-13 08:45:00,2025-11-13 08:45:15.070662882,21.704549210868343,Thursday,3.0,17.0,28.33,0.25,A Tiempo,Mañana,True
2025-11-13 12:12:51.022536,Ruta 4 - Este,168,12.0,11,60,2025-11-13 12:00:00,2025-11-13 12:00:02.321583000,28.505508253664143,Thursday,1.0,18.0,30.0,0.04,A Tiempo,Mañana,False
2025-11-14 05:07:51.022536,Ruta 2 - Norte,168,16.0,7,50,2025-11-14 05:00:00,2025-11-14 05:00:06.765325674,27.75566531152245,Friday,9.0,27.0,54.0,0.11,A Tiempo,Madrugada,False
2025-11-14 09:27:51.022536,Ruta 4 - Este,168,8.0,6,60,2025-11-14 09:15:00,2025-11-14 09:20:53.765277714,27.46892578266608,Friday,2.0,29.0,48.33,5.9,Retraso Grave,Mañana,True
2025-11-14 12:37:51.022536,Ruta 2 - Norte,168,10.0,4,60,2025-11-14 12:30:00,2025-11-14 12:30:46.060314450,31.217491947647243,Friday,6.0,35.0,58.33,0.77,A Tiempo,Mañana,False
2025-11-15 10:47:51.022536,Ruta 2 - Norte,168,12.0,2,50,2025-11-15 10:45:00,2025-11-15 10:45:19.766232246,20.76721251759356,Saturday,10.0,45.0,90.0,0.33,A Tiempo,Mañana,False
2025-11-15 10:57:51.022536,Ruta 2 - Norte,168,10.0,4,60,2025-11-15 10:45:00,2025-11-15 10:49:32.734848618,25.202940605034023,Saturday,6.0,51.0,85.0,4.55,Retraso Leve,Mañana,False
2025-11-15 16:37:51.022536,Ruta 5 - Oeste,168,19.0,6,60,2025-11-15 16:30:00,2025-11-15 16:34:30.054321275,26.53911325855037,Saturday,13.0,64.0,100.0,4.5,Retraso Leve,Tarde,False
2025-11-15 19:42:51.022536,Ruta 6 - Express,168,9.0,3,40,2025-11-15 19:30:00,2025-11-15 19:30:21.856756608,20.920617608478917,Saturday,6.0,70.0,100.0,0.36,A Tiempo,Noche,True
2025-11-16 11:42:51.022536,Ruta 1 - Centro,168,12.0,6,50,2025-11-16 11:30:00,2025-11-16 11:31:29.796992916,28.850774818305226,Sunday,6.0,76.0,100.0,1.5,A Tiempo,Mañana,False
2025-11-16 15:12:51.022536,Ruta 2 - Norte,168,16.0,9,40,2025-11-16 15:00:00,2025-11-16 15:07:29.437517352,22.865673595233,Sunday,7.0,83.0,100.0,7.49,Retraso Grave,Tarde,False
2025-11-16 16:52:51.022536,Ruta 5 - Oeste,168,9.0,10,60,2025-11-16 16:45:00,2025-11-16 16:45:28.657387776,43.64416735190496,Sunday,-1.0,82.0,100.0,0.48,A Tiempo,Tarde,False
2025-11-17 08:37:51.022536,Ruta 5 - Oeste,168,8.0,6,60,2025-11-17 08:30:00,2025-11-17 08:30:33.231143400,28.722432032496865,Monday,2.0,84.0,100.0,0.55,A Tiempo,Mañana,True
2025-11-17 08:42:51.022536,Ruta 1 - Centro,168,6.0,11,60,2025-11-17 08:30:00,2025-11-17 08:31:03.461500926,28.62080720197458,Monday,-5.0,79.0,100.0,1.06,A Tiempo,Mañana,True
2025-11-17 09:17:51.022536,Ruta 5 - Oeste,168,15.0,7,40,2025-11-17 09:15:00,2025-11-17 09:15:34.196602404,30.76389595106034,Monday,8.0,87.0,100.0,0.57,A Tiempo,Mañana,True
2025-11-18 02:07:51.022536,Ruta 5 - Oeste,168,10.0,9,40,2025-11-18 02:00:00,2025-11-18 02:02:41.479630278,18.24049646490904,Tuesday,1.0,88.0,100.0,2.69,Retraso Leve,Madrugada,False
2025-11-19 00:22:51.022536,Ruta 1 - Centro,168,5.0,6,50,2025-11-19 00:15:00,2025-11-19 00:17:53.939234298,28.84055479323881,Wednesday,-1.0,87.0,100.0,2.9,Retraso Leve,Madrugada,False
2025-11-19 00:47:51.022536,Ruta 5 - Oeste,168,11.0,6,40,2025-11-19 00:45:00,2025-11-19 00:47:17.077362108,24.97456105674204,Wednesday,5.0,92.0,100.0,2.28,Retraso Leve,Madrugada,False
2025-11-19 04:17:51.022536,Ruta 2 - Norte,168,4.0,5,50,2025-11-19 04:15:00,2025-11-19 04:16:24.697022604,14.678607095888427,Wednesday,-1.0,91.0,100.0,1.41,A Tiempo,Madrugada,False
2025-11-19 22:22:51.022536,Ruta 6 - Express,168,7.0,4,60,2025-11-19 22:15:00,2025-11-19 22:15:35.423503698,26.03675644933959,Wednesday,3.0,94.0,100.0,0.59,A Tiempo,Noche,False
2025-11-19 22:52:51.022536,Ruta 4 - Este,168,4.0,7,50,2025-11-19 22:45:00,2025-11-19 22:45:00.678889278,28.32935348982903,Wednesday,-3.0,91.0,100.0,0.01,A Tiempo,Noche,False
2025-11-20 03:42:51.022536,Ruta 4 - Este,168,12.0,6,60,2025-11-20 03:30:00,2025-11-20 03:30:41.368926312,24.73544851781049,Thursday,6.0,97.0,100.0,0.69,A Tiempo,Madrugada,False
2025-11-20 11:32:51.022536,Ruta 5 - Oeste,168,7.0,6,40,2025-11-20 11:30:00,2025-11-20 11:30:09.740757600,29.284506129783523,Thursday,1.0,98.0,100.0,0.16,A Tiempo,Mañana,False
2025-11-20 12:07:51.022536,Ruta 3 - Sur,168,6.0,3,60,2025-11-20 12:00:00,2025-11-20 12:04:04.410504126,20.22697568148095,Thursday,3.0,101.0,100.0,4.07,Retraso Leve,Mañana,False
2025-11-20 13:32:51.022536,Ruta 1 - Centro,168,6.0,10,60,2025-11-20 13:30:00,2025-11-20 13:33:25.066545228,26.831643293695624,Thursday,-4.0,97.0,100.0,3.42,Retraso Leve,Tarde,False
2025-11-20 21:02:51.022536,Ruta 3 - Sur,168,4.0,8,50,2025-11-20 21:00:00,2025-11-20 21:03:23.319414090,18.340854838211733,Thursday,-4.0,93.0,100.0,3.39,Retraso Leve,Noche,False
2025-11-20 21:57:51.022536,Ruta 4 - Este,168,7.0,5,50,2025-11-20 21:45:00,2025-11-20 21:45:18.054809004,19.037497790935827,Thursday,2.0,95.0,100.0,0.3,A Tiempo,Noche,False
2025-11-20 22:52:51.022536,Ruta 4 - Este,168,13.0,4,60,2025-11-20 22:45:00,2025-11-20 22:47:51.118839798,24.280752436547235,Thursday,9.0,104.0,100.0,2.85,Retraso Leve,Noche,False
2025-11-21 10:37:51.022536,Ruta 3 - Sur,168,5.0,3,40,2025-11-21 10:30:00,2025-11-21 10:32:44.144584278,21.25138999203144,Friday,2.0,106.0,100.0,2.74,Retraso Leve,Mañana,False
2025-11-21 14:47:51.022536,Ruta 2 - Norte,168,9.0,3,60,2025-11-21 14:45:00,2025-11-21 14:47:55.053596172,27.264989079746726,Friday,6.0,112.0,100.0,2.92,Retraso Leve,Tarde,False
2025-11-21 22:12:51.022536,Ruta 2 - Norte,168,6.0,7,40,2025-11-21 22:00:00,2025-11-21 22:00:49.704442026,14.337399791053274,Friday,-1.0,111.0,100.0,0.83,A Tiempo,Noche,False
2025-11-21 23:42:51.022536,Ruta 2 - Norte,168,8.0,5,50,2025-11-21 23:30:00,2025-11-21 23:30:52.144879494,27.757386207875864,Friday,3.0,114.0,100.0,0.87,A Tiempo,Noche,False
2025-11-22 04:07:51.022536,Ruta 6 - Express,168,10.0,8,60,2025-11-22 04:00:00,2025-11-22 04:00:58.846364328,29.348347672869195,Saturday,2.0,116.0,100.0,0.98,A Tiempo,Madrugada,False
2025-11-22 18:22:51.022536,Ruta 3 - Sur,168,9.0,11,60,2025-11-22 18:15:00,2025-11-22 18:15:43.373568870,21.415703306440346,Saturday,-2.0,114.0,100.0,0.72,A Tiempo,Tarde,True
2025-11-22 21:57:51.022536,Ruta 2 - Norte,168,3.0,9,50,2025-11-22 21:45:00,2025-11-22 21:45:08.540088672,27.75225573026583,Saturday,-6.0,108.0,100.0,0.14,A Tiempo,Noche,False
2025-11-23 03:12:51.022536,Ruta 4 - Este,168,5.0,5,40,2025-11-23 03:00:00,2025-11-23 03:00:19.648725000,15.59568811901954,Sunday,0.0,108.0,100.0,0.33,A Tiempo,Madrugada,False
2025-11-23 07:17:51.022536,Ruta 2 - Norte,168,4.0,6,60,2025-11-23 07:15:00,2025-11-23 07:16:20.729500668,30.50428429787545,Sunday,-2.0,106.0,100.0,1.35,A Tiempo,Mañana,True
2025-11-23 10:37:51.022536,Ruta 5 - Oeste,168,7.0,7,50,2025-11-23 10:30:00,2025-11-23 10:32:07.514220048,19.52203858373699,Sunday,0.0,106.0,100.0,2.13,Retraso Leve,Mañana,False
2025-11-23 17:22:51.022536,Ruta 5 - Oeste,168,5.0,9,60,2025-11-23 17:15:00,2025-11-23 17:15:23.044611810,17.366380691252893,Sunday,-4.0,102.0,100.0,0.38,A Tiempo,Tarde,True
2025-11-24 00:22:51.022536,Ruta 2 - Norte,168,6.0,7,40,2025-11-24 00:15:00,2025-11-24 00:15:29.496302748,20.31164789719725,Monday,-1.0,101.0,100.0,0.49,A Tiempo,Madrugada,False
2025-11-24 06:32:51.022536,Ruta 6 - Express,168,12.0,10,60,2025-11-24 06:30:00,2025-11-24 06:30:21.011529780,24.445679773615502,Monday,2.0,103.0,100.0,0.35,A Tiempo,Madrugada,False
2025-11-24 06:52:51.022536,Ruta 5 - Oeste,168,12.0,7,40,2025-11-24 06:45:00,2025-11-24 06:45:07.689699570,23.34536958607669,Monday,5.0,108.0,100.0,0.13,A Tiempo,Madrugada,False
2025-11-24 12:02:51.022536,Ruta 5 - Oeste,168,10.0,14,50,2025-11-24 12:00:00,2025-11-24 12:06:00.559472340,21.823182955629623,Monday,-4.0,104.0,100.0,6.01,Retraso Grave,Mañana,False
2025-11-24 14:12:51.022536,Ruta 3 - Sur,168,10.0,8,60,2025-11-24 14:00:00,2025-11-24 14:02:48.767806548,23.77514333105773,Monday,2.0,106.0,100.0,2.81,Retraso Leve,Tarde,False
2025-11-24 15:12:51.022536,Ruta 3 - Sur,168,5.0,5,50,2025-11-24 15:00:00,2025-11-24 15:01:40.132602822,18.39493355189968,Monday,0.0,106.0,100.0,1.67,A Tiempo,Tarde,False
2025-11-25 07:32:51.022536,Ruta 1 - Centro,168,7.0,4,50,2025-11-25 07:30:00,2025-11-25 07:32:50.356576362,16.224062117029035,Tuesday,3.0,109.0,100.0,2.84,Retraso Leve,Mañana,True
2025-11-25 16:12:51.022536,Ruta 6 - Express,168,9.0,3,40,2025-11-25 16:00:00,2025-11-25 16:00:06.941808960,34.6112368076216,Tuesday,6.0,115.0,100.0,0.12,A Tiempo,Tarde,False
2025-11-25 22:07:51.022536,Ruta 1 - Centro,168,11.0,5,40,2025-11-25 22:00:00,2025-11-25 22:02:36.878601648,23.171666399039427,Tuesday,6.0,121.0,100.0,2.61,Retraso Leve,Noche,False
2025-11-26 02:37:51.022536,Ruta 5 - Oeste,168,5.0,3,50,2025-11-26 02:30:00,2025-11-26 02:31:51.859445058,31.14862903869941,Wednesday,2.0,123.0,100.0,1.86,A Tiempo,Madrugada,False
2025-11-26 15:07:51.022536,Ruta 6 - Express,168,6.0,6,50,2025-11-26 15:00:00,2025-11-26 15:05:34.211308242,22.014038617806804,Wednesday,0.0,123.0,100.0,5.57,Retraso Grave,Tarde,False
2025-11-10 03:02:51.022536,Ruta 2 - Norte,169,5.0,9,40,2025-11-10 03:00:00,2025-11-10 03:02:38.766535614,23.34595675720905,Monday,-4.0,0.0,0.0,2.65,Retraso Leve,Madrugada,False
2025-11-10 04:02:51.022536,Ruta 4 - Este,169,5.0,4,60,2025-11-10 04:00:00,2025-11-10 04:00:32.893603566,22.72370344416341,Monday,1.0,0.0,0.0,0.55,A Tiempo,Madrugada,False
2025-11-12 06:32:51.022536,Ruta 4 - Este,169,6.0,5,40,2025-11-12 06:30:00,2025-11-12 06:31:25.051524066,26.388366178664604,Wednesday,1.0,0.0,0.0,1.42,A Tiempo,Madrugada,False
2025-11-12 15:57:51.022536,Ruta 4 - Este,169,10.0,9,40,2025-11-12 15:45:00,2025-11-12 15:47:04.645688748,23.492382001122945,Wednesday,1.0,0.0,0.0,2.08,Retraso Leve,Tarde,False
2025-11-12 18:47:51.022536,Ruta 5 - Oeste,169,5.0,9,50,2025-11-12 18:45:00,2025-11-12 18:50:54.448055196,22.407060407632237,Wednesday,-4.0,0.0,0.0,5.91,Retraso Grave,Tarde,True
2025-11-13 01:07:51.022536,Ruta 5 - Oeste,169,7.0,6,60,2025-11-13 01:00:00,2025-11-13 01:00:47.697146292,19.26662719863517,Thursday,1.0,0.0,0.0,0.79,A Tiempo,Madrugada,False
2025-11-13 11:32:51.022536,Ruta 5 - Oeste,169,10.0,6,40,2025-11-13 11:30:00,2025-11-13 11:30:33.725929620,33.28393060720805,Thursday,4.0,0.0,0.0,0.56,A Tiempo,Mañana,False
2025-11-13 13:52:51.022536,Ruta 6 - Express,169,6.0,5,40,2025-11-13 13:45:00,2025-11-13 13:46:09.034698594,26.07332897985386,Thursday,1.0,1.0,2.5,1.15,A Tiempo,Tarde,False
2025-11-14 03:12:51.022536,Ruta 1 - Centro,169,11.0,6,50,2025-11-14 03:00:00,2025-11-14 03:00:13.975992300,31.551798722845053,Friday,5.0,6.0,12.0,0.23,A Tiempo,Madrugada,False
2025-11-14 05:37:51.022536,Ruta 4 - Este,169,8.0,7,60,2025-11-14 05:30:00,2025-11-14 05:31:14.582887488,18.609368122473413,Friday,1.0,7.0,11.67,1.24,A Tiempo,Madrugada,False
2025-11-14 08:57:51.022536,Ruta 4 - Este,169,4.0,9,40,2025-11-14 08:45:00,2025-11-14 08:48:14.370584616,32.08331890248706,Friday,-5.0,2.0,5.0,3.24,Retraso Leve,Mañana,True
2025-11-14 11:57:51.022536,Ruta 6 - Express,169,8.0,4,50,2025-11-14 11:45:00,2025-11-14 11:46:04.953977340,26.302550085278963,Friday,4.0,6.0,12.0,1.08,A Tiempo,Mañana,False
2025-11-15 05:07:51.022536,Ruta 4 - Este,169,7.0,6,40,2025-11-15 05:00:00,2025-11-15 05:00:21.258918882,35.77791782703275,Saturday,1.0,7.0,17.5,0.35,A Tiempo,Madrugada,False
2025-11-16 09:37:51.022536,Ruta 1 - Centro,169,8.0,11,40,2025-11-16 09:30:00,2025-11-16 09:31:20.206351542,25.23532128082507,Sunday,-3.0,4.0,10.0,1.34,A Tiempo,Mañana,True
2025-11-16 16:12:51.022536,Ruta 5 - Oeste,169,6.0,5,40,2025-11-16 16:00:00,2025-11-16 16:07:14.190435960,30.502638589062272,Sunday,1.0,5.0,12.5,7.24,Retraso Grave,Tarde,False
2025-11-17 03:22:51.022536,Ruta 2 - Norte,169,12.0,5,50,2025-11-17 03:15:00,2025-11-17 03:16:01.280154588,20.61262003075563,Monday,7.0,12.0,24.0,1.02,A Tiempo,Madrugada,False
2025-11-17 12:02:51.022536,Ruta 2 - Norte,169,11.0,7,50,2025-11-17 12:00:00,2025-11-17 12:05:33.017629158,17.677140628838483,Monday,4.0,16.0,32.0,5.55,Retraso Grave,Mañana,False
2025-11-17 14:32:51.022536,Ruta 3 - Sur,169,5.0,10,60,2025-11-17 14:30:00,2025-11-17 14:36:18.963273756,20.26891013232249,Monday,-5.0,11.0,18.33,6.32,Retraso Grave,Tarde,False
2025-11-17 15:57:51.022536,Ruta 6 - Express,169,9.0,6,60,2025-11-17 15:45:00,2025-11-17 15:45:01.658413428,23.19132175071885,Monday,3.0,14.0,23.33,0.03,A Tiempo,Tarde,False
2025-11-17 20:12:51.022536,Ruta 5 - Oeste,169,7.0,9,60,2025-11-17 20:00:00,2025-11-17 20:01:37.438030182,26.123706384918385,Monday,-2.0,12.0,20.0,1.62,A Tiempo,Noche,False
2025-11-17 23:42:51.022536,Ruta 5 - Oeste,169,7.0,7,60,2025-11-17 23:30:00,2025-11-17 23:31:03.434411472,12.737083766353493,Monday,0.0,12.0,20.0,1.06,A Tiempo,Noche,False
2025-11-18 00:17:51.022536,Ruta 1 - Centro,169,10.0,10,40,2025-11-18 00:15:00,2025-11-18 00:16:49.227876840,21.41837522594524,Tuesday,0.0,12.0,30.0,1.82,A Tiempo,Madrugada,False
2025-11-19 01:27:51.022536,Ruta 3 - Sur,169,10.0,7,60,2025-11-19 01:15:00,2025-11-19 01:15:10.164536052,25.161544130871683,Wednesday,3.0,15.0,25.0,0.17,A Tiempo,Madrugada,False
2025-11-19 09:12:51.022536,Ruta 2 - Norte,169,11.0,10,50,2025-11-19 09:00:00,2025-11-19 09:00:57.054673422,11.32241365280498,Wednesday,1.0,16.0,32.0,0.95,A Tiempo,Mañana,True
2025-11-19 19:57:51.022536,Ruta 6 - Express,169,9.0,8,50,2025-11-19 19:45:00,2025-11-19 19:45:19.828352982,23.380968207171968,Wednesday,1.0,17.0,34.0,0.33,A Tiempo,Noche,True
2025-11-20 17:12:51.022536,Ruta 3 - Sur,169,8.0,7,60,2025-11-20 17:00:00,2025-11-20 17:04:27.636379614,30.63649033675296,Thursday,1.0,18.0,30.0,4.46,Retraso Leve,Tarde,True
2025-11-20 19:02:51.022536,Ruta 5 - Oeste,169,7.0,6,50,2025-11-20 19:00:00,2025-11-20 19:00:39.397339908,26.41473547379213,Thursday,1.0,19.0,38.0,0.66,A Tiempo,Noche,True
2025-11-21 07:57:51.022536,Ruta 4 - Este,169,7.0,5,40,2025-11-21 07:45:00,2025-11-21 07:47:46.525974984,15.826509344881636,Friday,2.0,21.0,52.5,2.78,Retraso Leve,Mañana,True
2025-11-21 08:37:51.022536,Ruta 3 - Sur,169,10.0,7,60,2025-11-21 08:30:00,2025-11-21 08:30:01.759289004,26.86756730311426,Friday,3.0,24.0,40.0,0.03,A Tiempo,Mañana,True
2025-11-21 17:17:51.022536,Ruta 5 - Oeste,169,10.0,5,50,2025-11-21 17:15:00,2025-11-21 17:15:28.863402528,25.53546216999892,Friday,5.0,29.0,58.0,0.48,A Tiempo,Tarde,True
2025-11-21 18:37:51.022536,Ruta 3 - Sur,169,6.0,5,40,2025-11-21 18:30:00,2025-11-21 18:30:20.190807072,27.348775378077708,Friday,1.0,30.0,75.0,0.34,A Tiempo,Tarde,True
2025-11-21 18:52:51.022536,Ruta 1 - Centro,169,5.0,4,50,2025-11-21 18:45:00,2025-11-21 18:45:17.430944844,28.757250778375187,Friday,1.0,31.0,62.0,0.29,A Tiempo,Tarde,True
2025-11-22 05:07:51.022536,Ruta 2 - Norte,169,6.0,7,50,2025-11-22 05:00:00,2025-11-22 05:03:35.961915738,26.551915528099315,Saturday,-1.0,30.0,60.0,3.6,Retraso Leve,Madrugada,False
2025-11-22 14:12:51.022536,Ruta 3 - Sur,169,7.0,14,60,2025-11-22 14:00:00,2025-11-22 14:00:50.439088302,23.7243587198566,Saturday,-7.0,23.0,38.33,0.84,A Tiempo,Tarde,False
2025-11-23 11:27:51.022536,Ruta 5 - Oeste,169,6.0,5,50,2025-11-23 11:15:00,2025-11-23 11:16:41.990519304,28.007675504372617,Sunday,1.0,24.0,48.0,1.7,A Tiempo,Mañana,False
2025-11-23 12:12:51.022536,Ruta 5 - Oeste,169,9.0,4,60,2025-11-23 12:00:00,2025-11-23 12:02:27.495949962,26.994784201016653,Sunday,5.0,29.0,48.33,2.46,Retraso Leve,Mañana,False
2025-11-23 20:32:51.022536,Ruta 2 - Norte,169,11.0,6,60,2025-11-23 20:30:00,2025-11-23 20:34:38.053238076,29.235980630266024,Sunday,5.0,34.0,56.67,4.63,Retraso Leve,Noche,False
2025-11-23 23:17:51.022536,Ruta 1 - Centro,169,5.0,7,40,2025-11-23 23:15:00,2025-11-23 23:17:02.282991834,26.88510041015402,Sunday,-2.0,32.0,80.0,2.04,Retraso Leve,Noche,False
2025-11-24 05:17:51.022536,Ruta 5 - Oeste,169,6.0,8,40,2025-11-24 05:15:00,2025-11-24 05:15:19.358978112,30.641798724528435,Monday,-2.0,30.0,75.0,0.32,A Tiempo,Madrugada,False
2025-11-24 09:47:51.022536,Ruta 3 - Sur,169,7.0,8,40,2025-11-24 09:45:00,2025-11-24 09:45:21.001424502,20.87013394165955,Monday,-1.0,29.0,72.5,0.35,A Tiempo,Mañana,True
2025-11-24 18:37:51.022536,Ruta 3 - Sur,169,9.0,6,50,2025-11-24 18:30:00,2025-11-24 18:31:48.148460076,29.489112681816863,Monday,3.0,32.0,64.0,1.8,A Tiempo,Tarde,True
2025-11-24 22:17:51.022536,Ruta 5 - Oeste,169,8.0,1,60,2025-11-24 22:15:00,2025-11-24 22:16:04.200330648,21.402351322840104,Monday,7.0,39.0,65.0,1.07,A Tiempo,Noche,False
2025-11-24 22:37:51.022536,Ruta 6 - Express,169,10.0,5,50,2025-11-24 22:30:00,2025-11-24 22:30:32.900760131,25.73491050505108,Monday,5.0,44.0,88.0,0.55,A Tiempo,Noche,False
2025-11-25 10:42:51.022536,Ruta 6 - Express,169,6.0,7,60,2025-11-25 10:30:00,2025-11-25 10:33:29.545100484,27.42524657095454,Tuesday,-1.0,43.0,71.67,3.49,Retraso Leve,Mañana,False
2025-11-26 16:12:51.022536,Ruta 6 - Express,169,8.0,5,40,2025-11-26 16:00:00,2025-11-26 16:03:00.274618530,24.611983773908676,Wednesday,3.0,46.0,100.0,3.0,Retraso Leve,Tarde,False
2025-11-26 21:07:51.022536,Ruta 5 - Oeste,169,5.0,7,40,2025-11-26 21:00:00,2025-11-26 21:01:44.406240504,19.20669001840224,Wednesday,-2.0,44.0,100.0,1.74,A Tiempo,Noche,False
2025-11-09 20:47:51.022536,Ruta 5 - Oeste,170,9.0,5,60,2025-11-09 20:45:00,2025-11-09 20:45:46.111823244,30.693364075027358,Sunday,4.0,4.0,6.67,0.77,A Tiempo,Noche,False
2025-11-10 05:17:51.022536,Ruta 6 - Express,170,3.0,8,60,2025-11-10 05:15:00,2025-11-10 05:15:41.623392996,30.441169232120703,Monday,-5.0,0.0,0.0,0.69,A Tiempo,Madrugada,False
2025-11-10 14:42:51.022536,Ruta 1 - Centro,170,9.0,10,50,2025-11-10 14:30:00,2025-11-10 14:31:43.832791980,20.31315341920912,Monday,-1.0,0.0,0.0,1.73,A Tiempo,Tarde,False
2025-11-10 22:12:51.022536,Ruta 3 - Sur,170,8.0,5,60,2025-11-10 22:00:00,2025-11-10 22:02:02.814512016,27.0616311449742,Monday,3.0,1.0,1.67,2.05,Retraso Leve,Noche,False
2025-11-11 06:42:51.022536,Ruta 6 - Express,170,6.0,6,60,2025-11-11 06:30:00,2025-11-11 06:30:16.311593633,26.058846192829705,Tuesday,0.0,1.0,1.67,0.27,A Tiempo,Madrugada,False
2025-11-12 18:12:51.022536,Ruta 5 - Oeste,170,8.0,9,50,2025-11-12 18:00:00,2025-11-12 18:01:36.699191802,27.71044432972421,Wednesday,-1.0,0.0,0.0,1.61,A Tiempo,Tarde,True
2025-11-12 21:12:51.022536,Ruta 2 - Norte,170,15.0,6,40,2025-11-12 21:00:00,2025-11-12 21:00:19.952469102,17.946498635032306,Wednesday,9.0,9.0,22.5,0.33,A Tiempo,Noche,False
2025-11-13 09:52:51.022536,Ruta 2 - Norte,170,11.0,8,60,2025-11-13 09:45:00,2025-11-13 09:49:42.891452424,32.96459486104017,Thursday,3.0,12.0,20.0,4.71,Retraso Leve,Mañana,True
2025-11-13 18:37:51.022536,Ruta 2 - Norte,170,10.0,9,50,2025-11-13 18:30:00,2025-11-13 18:31:57.614966898,30.837224800513795,Thursday,1.0,13.0,26.0,1.96,A Tiempo,Tarde,True
2025-11-13 19:47:51.022536,Ruta 4 - Este,170,4.0,3,60,2025-11-13 19:45:00,2025-11-13 19:45:46.545502302,22.72058587340464,Thursday,1.0,14.0,23.33,0.78,A Tiempo,Noche,True
2025-11-14 06:12:51.022536,Ruta 5 - Oeste,170,8.0,9,50,2025-11-14 06:00:00,2025-11-14 06:02:32.783669694,21.25870140118891,Friday,-1.0,13.0,26.0,2.55,Retraso Leve,Madrugada,False
2025-11-15 00:52:51.022536,Ruta 2 - Norte,170,6.0,4,50,2025-11-15 00:45:00,2025-11-15 00:45:44.259377718,28.24047315269232,Saturday,2.0,15.0,30.0,0.74,A Tiempo,Madrugada,False
2025-11-15 04:32:51.022536,Ruta 4 - Este,170,4.0,3,60,2025-11-15 04:30:00,2025-11-15 04:31:03.680294694,26.31885645947774,Saturday,1.0,16.0,26.67,1.06,A Tiempo,Madrugada,False
2025-11-15 11:37:51.022536,Ruta 5 - Oeste,170,8.0,6,50,2025-11-15 11:30:00,2025-11-15 11:30:56.318570298,21.635987449476264,Saturday,2.0,18.0,36.0,0.94,A Tiempo,Mañana,False
2025-11-15 14:27:51.022536,Ruta 5 - Oeste,170,11.0,4,60,2025-11-15 14:15:00,2025-11-15 14:16:42.422190210,22.36372292073328,Saturday,7.0,25.0,41.67,1.71,A Tiempo,Tarde,False
2025-11-15 14:37:51.022536,Ruta 5 - Oeste,170,8.0,5,40,2025-11-15 14:30:00,2025-11-15 14:31:02.782369530,16.11588596375944,Saturday,3.0,28.0,70.0,1.05,A Tiempo,Tarde,False
2025-11-16 14:07:51.022536,Ruta 5 - Oeste,170,12.0,3,60,2025-11-16 14:00:00,2025-11-16 14:00:48.058314426,26.11813302312969,Sunday,9.0,37.0,61.67,0.8,A Tiempo,Tarde,False
2025-11-16 23:12:51.022536,Ruta 5 - Oeste,170,9.0,12,50,2025-11-16 23:00:00,2025-11-16 23:03:06.279617514,32.94986895430739,Sunday,-3.0,34.0,68.0,3.1,Retraso Leve,Noche,False
2025-11-17 00:27:51.022536,Ruta 1 - Centro,170,3.0,8,50,2025-11-17 00:15:00,2025-11-17 00:18:36.089378310,22.54628961666209,Monday,-5.0,29.0,58.0,3.6,Retraso Leve,Madrugada,False
2025-11-17 05:32:51.022536,Ruta 5 - Oeste,170,8.0,6,60,2025-11-17 05:30:00,2025-11-17 05:36:14.321182356,28.07653708487116,Monday,2.0,31.0,51.67,6.24,Retraso Grave,Madrugada,False
2025-11-17 10:37:51.022536,Ruta 6 - Express,170,10.0,8,60,2025-11-17 10:30:00,2025-11-17 10:32:07.330139772,23.293246367814877,Monday,2.0,33.0,55.0,2.12,Retraso Leve,Mañana,False
2025-11-17 14:12:51.022536,Ruta 6 - Express,170,4.0,8,60,2025-11-17 14:00:00,2025-11-17 14:00:50.931633390,20.99499867606106,Monday,-4.0,29.0,48.33,0.85,A Tiempo,Tarde,False
2025-11-17 16:47:51.022536,Ruta 2 - Norte,170,7.0,10,50,2025-11-17 16:45:00,2025-11-17 16:45:49.711726602,28.094623438958013,Monday,-3.0,26.0,52.0,0.83,A Tiempo,Tarde,False
2025-11-17 22:22:51.022536,Ruta 1 - Centro,170,8.0,6,40,2025-11-17 22:15:00,2025-11-17 22:15:28.283765148,32.60828345234776,Monday,2.0,28.0,70.0,0.47,A Tiempo,Noche,False
2025-11-17 23:02:51.022536,Ruta 6 - Express,170,8.0,6,40,2025-11-17 23:00:00,2025-11-17 23:04:13.240280400,17.18267189691705,Monday,2.0,30.0,75.0,4.22,Retraso Leve,Noche,False
2025-11-18 03:57:51.022536,Ruta 6 - Express,170,5.0,8,40,2025-11-18 03:45:00,2025-11-18 03:48:17.362796760,24.56039516734535,Tuesday,-3.0,27.0,67.5,3.29,Retraso Leve,Madrugada,False
2025-11-18 05:12:51.022536,Ruta 6 - Express,170,8.0,5,50,2025-11-18 05:00:00,2025-11-18 05:02:00.888547026,23.26012224811274,Tuesday,3.0,30.0,60.0,2.01,Retraso Leve,Madrugada,False
2025-11-18 07:37:51.022536,Ruta 2 - Norte,170,9.0,8,60,2025-11-18 07:30:00,2025-11-18 07:32:12.339053226,16.07518932353959,Tuesday,1.0,31.0,51.67,2.21,Retraso Leve,Mañana,True
2025-11-18 17:42:51.022536,Ruta 6 - Express,170,5.0,4,40,2025-11-18 17:30:00,2025-11-18 17:35:00.544160682,27.31373122565731,Tuesday,1.0,32.0,80.0,5.01,Retraso Grave,Tarde,True
2025-11-18 18:12:51.022536,Ruta 1 - Centro,170,7.0,6,50,2025-11-18 18:00:00,2025-11-18 18:01:01.831910970,32.24585210512948,Tuesday,1.0,33.0,66.0,1.03,A Tiempo,Tarde,True
2025-11-18 23:27:51.022536,Ruta 5 - Oeste,170,7.0,7,50,2025-11-18 23:15:00,2025-11-18 23:19:12.070848564,21.494319548985107,Tuesday,0.0,33.0,66.0,4.2,Retraso Leve,Noche,False
2025-11-19 11:47:51.022536,Ruta 4 - Este,170,5.0,9,60,2025-11-19 11:45:00,2025-11-19 11:45:08.886992820,23.745272759879064,Wednesday,-4.0,29.0,48.33,0.15,A Tiempo,Mañana,False
2025-11-19 23:52:51.022536,Ruta 3 - Sur,170,10.0,7,60,2025-11-19 23:45:00,2025-11-19 23:45:16.736786274,20.911131485301915,Wednesday,3.0,32.0,53.33,0.28,A Tiempo,Noche,False
2025-11-20 05:42:51.022536,Ruta 2 - Norte,170,5.0,5,50,2025-11-20 05:30:00,2025-11-20 05:34:23.360163528,17.389092621558575,Thursday,0.0,32.0,64.0,4.39,Retraso Leve,Madrugada,False
2025-11-20 15:52:51.022536,Ruta 1 - Centro,170,8.0,6,40,2025-11-20 15:45:00,2025-11-20 15:47:16.370913486,33.38645872745519,Thursday,2.0,34.0,85.0,2.27,Retraso Leve,Tarde,False
2025-11-20 21:17:51.022536,Ruta 5 - Oeste,170,5.0,3,40,2025-11-20 21:15:00,2025-11-20 21:17:34.077794082,34.16781434287974,Thursday,2.0,36.0,90.0,2.57,Retraso Leve,Noche,False
2025-11-21 03:17:51.022536,Ruta 4 - Este,170,6.0,4,40,2025-11-21 03:15:00,2025-11-21 03:15:19.544667186,19.31119300639227,Friday,2.0,38.0,95.0,0.33,A Tiempo,Madrugada,False
2025-11-21 07:32:51.022536,Ruta 4 - Este,170,7.0,5,40,2025-11-21 07:30:00,2025-11-21 07:32:01.025307084,29.551984795092945,Friday,2.0,40.0,100.0,2.02,Retraso Leve,Mañana,True
2025-11-21 16:27:51.022536,Ruta 5 - Oeste,170,5.0,6,50,2025-11-21 16:15:00,2025-11-21 16:16:15.355438236,30.223453509211403,Friday,-1.0,39.0,78.0,1.26,A Tiempo,Tarde,False
2025-11-21 17:07:51.022536,Ruta 1 - Centro,170,9.0,3,50,2025-11-21 17:00:00,2025-11-21 17:02:16.320149309,26.904542128543877,Friday,6.0,45.0,90.0,2.27,Retraso Leve,Tarde,True
2025-11-21 18:12:51.022536,Ruta 5 - Oeste,170,2.0,5,40,2025-11-21 18:00:00,2025-11-21 18:01:15.995684700,24.75317227694341,Friday,-3.0,42.0,100.0,1.27,A Tiempo,Tarde,True
2025-11-22 08:17:51.022536,Ruta 2 - Norte,170,7.0,5,40,2025-11-22 08:15:00,2025-11-22 08:15:45.695899356,32.6300005449598,Saturday,2.0,44.0,100.0,0.76,A Tiempo,Mañana,True
2025-11-22 10:17:51.022536,Ruta 2 - Norte,170,7.0,4,50,2025-11-22 10:15:00,2025-11-22 10:19:16.605663090,33.671410251793446,Saturday,3.0,47.0,94.0,4.28,Retraso Leve,Mañana,False
2025-11-22 19:12:51.022536,Ruta 1 - Centro,170,3.0,3,50,2025-11-22 19:00:00,2025-11-22 19:03:05.259193020,25.07754852906508,Saturday,0.0,47.0,94.0,3.09,Retraso Leve,Noche,True
2025-11-22 20:12:51.022536,Ruta 2 - Norte,170,10.0,3,40,2025-11-22 20:00:00,2025-11-22 20:00:37.327807932,20.409377742181057,Saturday,7.0,54.0,100.0,0.62,A Tiempo,Noche,False
2025-11-23 11:22:51.022536,Ruta 2 - Norte,170,9.0,3,50,2025-11-23 11:15:00,2025-11-23 11:15:51.336744540,21.840575124088208,Sunday,6.0,60.0,100.0,0.86,A Tiempo,Mañana,False
2025-11-23 21:37:51.022536,Ruta 3 - Sur,170,7.0,5,50,2025-11-23 21:30:00,2025-11-23 21:30:27.658792752,32.2402425704815,Sunday,2.0,62.0,100.0,0.46,A Tiempo,Noche,False
2025-11-24 23:17:51.022536,Ruta 6 - Express,170,8.0,11,40,2025-11-24 23:15:00,2025-11-24 23:16:31.856081136,28.207029720642144,Monday,-3.0,59.0,100.0,1.53,A Tiempo,Noche,False
2025-11-25 12:22:51.022536,Ruta 4 - Este,170,7.0,5,50,2025-11-25 12:15:00,2025-11-25 12:15:23.715829314,25.95006972613544,Tuesday,2.0,61.0,100.0,0.4,A Tiempo,Mañana,False
2025-11-25 17:07:51.022536,Ruta 3 - Sur,170,4.0,5,50,2025-11-25 17:00:00,2025-11-25 17:03:40.053334398,27.89389549772349,Tuesday,-1.0,60.0,100.0,3.67,Retraso Leve,Tarde,True
2025-11-25 22:52:51.022536,Ruta 4 - Este,170,9.0,9,60,2025-11-25 22:45:00,2025-11-25 22:47:34.883718534,27.60554993812655,Tuesday,0.0,60.0,100.0,2.58,Retraso Leve,Noche,False
2025-11-26 10:32:51.022536,Ruta 3 - Sur,170,8.0,6,50,2025-11-26 10:30:00,2025-11-26 10:30:06.188477382,22.662469783329254,Wednesday,2.0,62.0,100.0,0.1,A Tiempo,Mañana,False
2025-11-26 18:27:51.022536,Ruta 1 - Centro,170,8.0,6,60,2025-11-26 18:15:00,2025-11-26 18:19:03.623648910,19.603448689195197,Wednesday,2.0,64.0,100.0,4.06,Retraso Leve,Tarde,True
2025-11-26 23:27:51.022536,Ruta 3 - Sur,170,14.0,10,50,2025-11-26 23:15:00,2025-11-26 23:20:11.239319856,25.2563451399666,Wednesday,4.0,68.0,100.0,5.19,Retraso Grave,Noche,False
2025-11-10 17:57:51.022536,Ruta 4 - Este,171,4.0,7,60,2025-11-10 17:45:00,2025-11-10 17:52:16.126386342,25.02104760835079,Monday,-3.0,0.0,0.0,7.27,Retraso Grave,Tarde,True
2025-11-10 23:22:51.022536,Ruta 6 - Express,171,8.0,6,40,2025-11-10 23:15:00,2025-11-10 23:15:00.256603169,20.300362007406022,Monday,2.0,0.0,0.0,0.0,A Tiempo,Noche,False
2025-11-11 08:42:51.022536,Ruta 6 - Express,171,8.0,3,60,2025-11-11 08:30:00,2025-11-11 08:33:16.046383866,35.55141143460453,Tuesday,5.0,4.0,6.67,3.27,Retraso Leve,Mañana,True
2025-11-11 10:12:51.022536,Ruta 4 - Este,171,4.0,8,60,2025-11-11 10:00:00,2025-11-11 10:02:46.495531236,21.657855910024097,Tuesday,-4.0,0.0,0.0,2.77,Retraso Leve,Mañana,False
2025-11-11 10:17:51.022536,Ruta 2 - Norte,171,12.0,6,60,2025-11-11 10:15:00,2025-11-11 10:17:16.927384386,28.50237967162885,Tuesday,6.0,6.0,10.0,2.28,Retraso Leve,Mañana,False
2025-11-11 13:42:51.022536,Ruta 5 - Oeste,171,13.0,7,60,2025-11-11 13:30:00,2025-11-11 13:30:42.004395042,23.370003686072423,Tuesday,6.0,12.0,20.0,0.7,A Tiempo,Tarde,False
2025-11-11 14:02:51.022536,Ruta 6 - Express,171,5.0,6,60,2025-11-11 14:00:00,2025-11-11 14:01:13.136252262,23.83748112707091,Tuesday,-1.0,11.0,18.33,1.22,A Tiempo,Tarde,False
2025-11-11 18:47:51.022536,Ruta 5 - Oeste,171,2.0,5,40,2025-11-11 18:45:00,2025-11-11 18:46:24.095501160,17.488557591218004,Tuesday,-3.0,8.0,20.0,1.4,A Tiempo,Tarde,True
2025-11-11 20:52:51.022536,Ruta 2 - Norte,171,12.0,11,40,2025-11-11 20:45:00,2025-11-11 20:45:34.145126502,34.74386919360278,Tuesday,1.0,9.0,22.5,0.57,A Tiempo,Noche,False
2025-11-12 00:42:51.022536,Ruta 4 - Este,171,8.0,9,60,2025-11-12 00:30:00,2025-11-12 00:41:48.866363814,30.284955092515368,Wednesday,-1.0,8.0,13.33,11.81,Retraso Grave,Madrugada,False
2025-11-12 07:57:51.022536,Ruta 5 - Oeste,171,1.0,5,60,2025-11-12 07:45:00,2025-11-12 07:46:49.932820122,24.092023987827307,Wednesday,-4.0,4.0,6.67,1.83,A Tiempo,Mañana,True
2025-11-12 10:02:51.022536,Ruta 5 - Oeste,171,7.0,7,50,2025-11-12 10:00:00,2025-11-12 10:02:00.981819395,29.795064826683426,Wednesday,0.0,4.0,8.0,2.02,Retraso Leve,Mañana,False
2025-11-12 14:02:51.022536,Ruta 3 - Sur,171,6.0,8,60,2025-11-12 14:00:00,2025-11-12 14:00:20.375535522,20.167701275667973,Wednesday,-2.0,2.0,3.33,0.34,A Tiempo,Tarde,False
2025-11-13 07:37:51.022536,Ruta 3 - Sur,171,6.0,6,60,2025-11-13 07:30:00,2025-11-13 07:35:37.014482514,29.623792337514484,Thursday,0.0,2.0,3.33,5.62,Retraso Grave,Mañana,True
2025-11-14 09:42:51.022536,Ruta 6 - Express,171,9.0,6,60,2025-11-14 09:30:00,2025-11-14 09:31:09.558719106,26.426455338866383,Friday,3.0,5.0,8.33,1.16,A Tiempo,Mañana,True
2025-11-14 14:32:51.022536,Ruta 6 - Express,171,7.0,5,40,2025-11-14 14:30:00,2025-11-14 14:31:46.240680372,24.9672737111119,Friday,2.0,7.0,17.5,1.77,A Tiempo,Tarde,False
2025-11-14 14:37:51.022536,Ruta 3 - Sur,171,8.0,3,60,2025-11-14 14:30:00,2025-11-14 14:31:21.422543418,30.201686089712428,Friday,5.0,12.0,20.0,1.36,A Tiempo,Tarde,False
2025-11-14 17:32:51.022536,Ruta 6 - Express,171,7.0,5,60,2025-11-14 17:30:00,2025-11-14 17:30:01.949150862,13.912218987232954,Friday,2.0,14.0,23.33,0.03,A Tiempo,Tarde,True
2025-11-15 05:17:51.022536,Ruta 1 - Centro,171,5.0,9,40,2025-11-15 05:15:00,2025-11-15 05:17:10.898712354,28.306859823015238,Saturday,-4.0,10.0,25.0,2.18,Retraso Leve,Madrugada,False
2025-11-15 15:22:51.022536,Ruta 3 - Sur,171,7.0,3,60,2025-11-15 15:15:00,2025-11-15 15:16:30.188049912,32.496561637822744,Saturday,4.0,14.0,23.33,1.5,A Tiempo,Tarde,False
2025-11-16 00:37:51.022536,Ruta 4 - Este,171,8.0,2,50,2025-11-16 00:30:00,2025-11-16 00:32:53.379425706,25.703281399165185,Sunday,6.0,20.0,40.0,2.89,Retraso Leve,Madrugada,False
2025-11-16 19:02:51.022536,Ruta 6 - Express,171,8.0,2,40,2025-11-16 19:00:00,2025-11-16 19:00:25.894118274,30.498683652842526,Sunday,6.0,26.0,65.0,0.43,A Tiempo,Noche,True
2025-11-16 22:42:51.022536,Ruta 3 - Sur,171,6.0,8,50,2025-11-16 22:30:00,2025-11-16 22:32:54.607896066,27.75387237407443,Sunday,-2.0,24.0,48.0,2.91,Retraso Leve,Noche,False
2025-11-16 23:37:51.022536,Ruta 1 - Centro,171,9.0,3,50,2025-11-16 23:30:00,2025-11-16 23:32:02.348328378,20.711201725089943,Sunday,6.0,30.0,60.0,2.04,Retraso Leve,Noche,False
2025-11-17 16:22:51.022536,Ruta 6 - Express,171,8.0,1,50,2025-11-17 16:15:00,2025-11-17 16:15:56.092319976,26.502771698132687,Monday,7.0,37.0,74.0,0.93,A Tiempo,Tarde,False
2025-11-18 15:32:51.022536,Ruta 6 - Express,171,7.0,4,60,2025-11-18 15:30:00,2025-11-18 15:35:30.352025034,25.472639202739245,Tuesday,3.0,40.0,66.67,5.51,Retraso Grave,Tarde,False
2025-11-18 17:07:51.022536,Ruta 3 - Sur,171,8.0,7,60,2025-11-18 17:00:00,2025-11-18 17:01:46.269747006,24.845085193943717,Tuesday,1.0,41.0,68.33,1.77,A Tiempo,Tarde,True
2025-11-19 01:47:51.022536,Ruta 1 - Centro,171,7.0,6,60,2025-11-19 01:45:00,2025-11-19 01:46:21.018981546,23.954626315430698,Wednesday,1.0,42.0,70.0,1.35,A Tiempo,Madrugada,False
2025-11-19 02:07:51.022536,Ruta 3 - Sur,171,12.0,13,60,2025-11-19 02:00:00,2025-11-19 02:01:17.191930668,24.10760995526013,Wednesday,-1.0,41.0,68.33,1.29,A Tiempo,Madrugada,False
2025-11-19 09:02:51.022536,Ruta 5 - Oeste,171,10.0,5,50,2025-11-19 09:00:00,2025-11-19 09:00:41.386504944,26.14211387060413,Wednesday,5.0,46.0,92.0,0.69,A Tiempo,Mañana,True
2025-11-19 12:52:51.022536,Ruta 1 - Centro,171,11.0,3,50,2025-11-19 12:45:00,2025-11-19 12:47:16.571018262,35.582949441645674,Wednesday,8.0,54.0,100.0,2.28,Retraso Leve,Mañana,False
2025-11-20 00:02:51.022536,Ruta 6 - Express,171,15.0,9,60,2025-11-20 00:00:00,2025-11-20 00:00:02.390591574,18.391591480708826,Thursday,6.0,60.0,100.0,0.04,A Tiempo,Madrugada,False
2025-11-21 02:57:51.022536,Ruta 6 - Express,171,8.0,3,40,2025-11-21 02:45:00,2025-11-21 02:45:46.112283678,14.81664674931277,Friday,5.0,65.0,100.0,0.77,A Tiempo,Madrugada,False
2025-11-21 03:52:51.022536,Ruta 3 - Sur,171,8.0,8,50,2025-11-21 03:45:00,2025-11-21 03:48:36.445009920,16.9083990748074,Friday,0.0,65.0,100.0,3.61,Retraso Leve,Madrugada,False
2025-11-21 16:52:51.022536,Ruta 3 - Sur,171,6.0,4,50,2025-11-21 16:45:00,2025-11-21 16:51:53.987265432,30.54383786430807,Friday,2.0,67.0,100.0,6.9,Retraso Grave,Tarde,False
2025-11-21 19:32:51.022536,Ruta 3 - Sur,171,14.0,6,40,2025-11-21 19:30:00,2025-11-21 19:30:40.770673650,19.371121065440747,Friday,8.0,75.0,100.0,0.68,A Tiempo,Noche,True
2025-11-22 05:57:51.022536,Ruta 4 - Este,171,7.0,8,40,2025-11-22 05:45:00,2025-11-22 05:46:12.661430016,30.48049174976162,Saturday,-1.0,74.0,100.0,1.21,A Tiempo,Madrugada,False
2025-11-22 08:02:51.022536,Ruta 4 - Este,171,2.0,6,40,2025-11-22 08:00:00,2025-11-22 08:00:01.300102482,36.90188092022927,Saturday,-4.0,70.0,100.0,0.02,A Tiempo,Mañana,True
2025-11-22 08:32:51.022536,Ruta 3 - Sur,171,6.0,5,60,2025-11-22 08:30:00,2025-11-22 08:33:05.724171264,29.96489800674003,Saturday,1.0,71.0,100.0,3.1,Retraso Leve,Mañana,True
2025-11-22 12:07:51.022536,Ruta 5 - Oeste,171,10.0,6,50,2025-11-22 12:00:00,2025-11-22 12:01:20.512474434,27.922204384569667,Saturday,4.0,75.0,100.0,1.34,A Tiempo,Mañana,False
2025-11-23 14:57:51.022536,Ruta 5 - Oeste,171,9.0,2,60,2025-11-23 14:45:00,2025-11-23 14:45:17.006617812,27.8434548590248,Sunday,7.0,82.0,100.0,0.28,A Tiempo,Tarde,False
2025-11-23 17:07:51.022536,Ruta 6 - Express,171,3.0,10,40,2025-11-23 17:00:00,2025-11-23 17:00:11.823778494,30.42532938297952,Sunday,-7.0,75.0,100.0,0.2,A Tiempo,Tarde,True
2025-11-23 19:57:51.022536,Ruta 4 - Este,171,5.0,4,40,2025-11-23 19:45:00,2025-11-23 19:45:49.512463812,32.34937642925345,Sunday,1.0,76.0,100.0,0.83,A Tiempo,Noche,True
2025-11-24 12:17:51.022536,Ruta 5 - Oeste,171,8.0,4,40,2025-11-24 12:15:00,2025-11-24 12:19:46.717719180,27.46197006306524,Monday,4.0,80.0,100.0,4.78,Retraso Leve,Mañana,False
2025-11-25 01:22:51.022536,Ruta 5 - Oeste,171,11.0,8,50,2025-11-25 01:15:00,2025-11-25 01:16:33.628520808,17.49614966189515,Tuesday,3.0,83.0,100.0,1.56,A Tiempo,Madrugada,False
2025-11-25 07:52:51.022536,Ruta 3 - Sur,171,11.0,7,40,2025-11-25 07:45:00,2025-11-25 07:47:30.743090358,20.154001047167824,Tuesday,4.0,87.0,100.0,2.51,Retraso Leve,Mañana,True
2025-11-25 08:27:51.022536,Ruta 4 - Este,171,4.0,4,50,2025-11-25 08:15:00,2025-11-25 08:15:20.708110050,27.6739827363274,Tuesday,0.0,87.0,100.0,0.35,A Tiempo,Mañana,True
2025-11-25 13:47:51.022536,Ruta 5 - Oeste,171,15.0,6,40,2025-11-25 13:45:00,2025-11-25 13:46:15.018093708,15.515219184253494,Tuesday,9.0,96.0,100.0,1.25,A Tiempo,Tarde,False
2025-11-25 14:32:51.022536,Ruta 6 - Express,171,6.0,4,40,2025-11-25 14:30:00,2025-11-25 14:31:30.921854238,27.165992364820063,Tuesday,2.0,98.0,100.0,1.52,A Tiempo,Tarde,False
2025-11-25 21:12:51.022536,Ruta 2 - Norte,171,10.0,4,60,2025-11-25 21:00:00,2025-11-25 21:05:06.546171306,27.392617698962155,Tuesday,6.0,104.0,100.0,5.11,Retraso Grave,Noche,False
2025-11-26 09:12:51.022536,Ruta 1 - Centro,171,9.0,5,60,2025-11-26 09:00:00,2025-11-26 09:00:20.312933502,22.845391046624147,Wednesday,4.0,108.0,100.0,0.34,A Tiempo,Mañana,True
2025-11-26 22:42:51.022536,Ruta 6 - Express,171,10.0,6,40,2025-11-26 22:30:00,2025-11-26 22:35:44.682885576,33.53739364804758,Wednesday,4.0,112.0,100.0,5.74,Retraso Grave,Noche,False
2025-11-09 19:37:51.022536,Ruta 4 - Este,172,8.0,6,60,2025-11-09 19:30:00,2025-11-09 19:31:04.425842628,23.818106243480432,Sunday,2.0,2.0,3.33,1.07,A Tiempo,Noche,True
2025-11-10 20:07:51.022536,Ruta 4 - Este,172,7.0,7,60,2025-11-10 20:00:00,2025-11-10 20:01:45.754345458,30.18536902407621,Monday,0.0,2.0,3.33,1.76,A Tiempo,Noche,False
2025-11-11 06:07:51.022536,Ruta 4 - Este,172,11.0,7,40,2025-11-11 06:00:00,2025-11-11 06:01:53.187285018,20.491422507413432,Tuesday,4.0,6.0,15.0,1.89,A Tiempo,Madrugada,False
2025-11-11 16:32:51.022536,Ruta 5 - Oeste,172,6.0,2,50,2025-11-11 16:30:00,2025-11-11 16:33:05.702569014,22.54955757543905,Tuesday,4.0,10.0,20.0,3.1,Retraso Leve,Tarde,False
2025-11-12 02:07:51.022536,Ruta 2 - Norte,172,10.0,4,60,2025-11-12 02:00:00,2025-11-12 02:00:03.583134360,30.78064661664317,Wednesday,6.0,16.0,26.67,0.06,A Tiempo,Madrugada,False
2025-11-12 08:57:51.022536,Ruta 3 - Sur,172,10.0,9,50,2025-11-12 08:45:00,2025-11-12 08:45:20.754209280,32.33035778726388,Wednesday,1.0,17.0,34.0,0.35,A Tiempo,Mañana,True
2025-11-12 10:37:51.022536,Ruta 2 - Norte,172,8.0,5,40,2025-11-12 10:30:00,2025-11-12 10:30:01.876381014,26.92085571721441,Wednesday,3.0,20.0,50.0,0.03,A Tiempo,Mañana,False
2025-11-12 20:52:51.022536,Ruta 6 - Express,172,6.0,9,60,2025-11-12 20:45:00,2025-11-12 20:45:44.526865926,19.158405066187758,Wednesday,-3.0,17.0,28.33,0.74,A Tiempo,Noche,False
2025-11-12 23:32:51.022536,Ruta 1 - Centro,172,6.0,9,60,2025-11-12 23:30:00,2025-11-12 23:30:40.060756776,23.896683902692125,Wednesday,-3.0,14.0,23.33,0.67,A Tiempo,Noche,False
2025-11-13 02:27:51.022536,Ruta 3 - Sur,172,12.0,5,40,2025-11-13 02:15:00,2025-11-13 02:18:29.627572986,29.405959228898183,Thursday,7.0,21.0,52.5,3.49,Retraso Leve,Madrugada,False
2025-11-13 13:37:51.022536,Ruta 5 - Oeste,172,7.0,4,60,2025-11-13 13:30:00,2025-11-13 13:33:38.597211294,24.48447366635409,Thursday,3.0,24.0,40.0,3.64,Retraso Leve,Tarde,False
2025-11-14 00:02:51.022536,Ruta 3 - Sur,172,5.0,5,60,2025-11-14 00:00:00,2025-11-14 00:02:54.623261070,22.960407926572632,Friday,0.0,24.0,40.0,2.91,Retraso Leve,Madrugada,False
2025-11-14 00:17:51.022536,Ruta 3 - Sur,172,10.0,7,40,2025-11-14 00:15:00,2025-11-14 00:15:03.574252980,20.61081401121309,Friday,3.0,27.0,67.5,0.06,A Tiempo,Madrugada,False
2025-11-14 08:47:51.022536,Ruta 1 - Centro,172,17.0,6,50,2025-11-14 08:45:00,2025-11-14 08:51:37.823722698,40.25649638701475,Friday,11.0,38.0,76.0,6.63,Retraso Grave,Mañana,True
2025-11-14 13:02:51.022536,Ruta 5 - Oeste,172,8.0,9,50,2025-11-14 13:00:00,2025-11-14 13:02:12.701243868,26.640717993026502,Friday,-1.0,37.0,74.0,2.21,Retraso Leve,Tarde,False
2025-11-15 01:07:51.022536,Ruta 3 - Sur,172,8.0,4,50,2025-11-15 01:00:00,2025-11-15 01:03:34.975580472,30.84662906282264,Saturday,4.0,41.0,82.0,3.58,Retraso Leve,Madrugada,False
2025-11-16 08:27:51.022536,Ruta 1 - Centro,172,8.0,4,50,2025-11-16 08:15:00,2025-11-16 08:17:19.567945608,32.014835077975384,Sunday,4.0,45.0,90.0,2.33,Retraso Leve,Mañana,True
2025-11-16 10:27:51.022536,Ruta 2 - Norte,172,5.0,6,40,2025-11-16 10:15:00,2025-11-16 10:15:13.455912636,17.275242864298114,Sunday,-1.0,44.0,100.0,0.22,A Tiempo,Mañana,False
2025-11-16 13:57:51.022536,Ruta 5 - Oeste,172,9.0,5,40,2025-11-16 13:45:00,2025-11-16 13:48:12.429504006,26.07590446106864,Sunday,4.0,48.0,100.0,3.21,Retraso Leve,Tarde,False
2025-11-17 09:12:51.022536,Ruta 2 - Norte,172,12.0,5,40,2025-11-17 09:00:00,2025-11-17 09:08:30.861120593,29.232430716216733,Monday,7.0,55.0,100.0,8.51,Retraso Grave,Mañana,True
2025-11-18 11:52:51.022536,Ruta 2 - Norte,172,9.0,7,40,2025-11-18 11:45:00,2025-11-18 11:46:43.186200462,19.056729087798253,Tuesday,2.0,57.0,100.0,1.72,A Tiempo,Mañana,False
2025-11-18 20:42:51.022536,Ruta 5 - Oeste,172,8.0,5,40,2025-11-18 20:30:00,2025-11-18 20:30:59.833655910,25.75901533642413,Tuesday,3.0,60.0,100.0,1.0,A Tiempo,Noche,False
2025-11-19 05:27:51.022536,Ruta 1 - Centro,172,7.0,5,40,2025-11-19 05:15:00,2025-11-19 05:17:11.173493742,24.83045157323585,Wednesday,2.0,62.0,100.0,2.19,Retraso Leve,Madrugada,False
2025-11-19 18:12:51.022536,Ruta 1 - Centro,172,8.0,0,60,2025-11-19 18:00:00,2025-11-19 18:01:22.045546500,28.034431584652427,Wednesday,8.0,70.0,100.0,1.37,A Tiempo,Tarde,True
2025-11-20 05:32:51.022536,Ruta 4 - Este,172,11.0,3,50,2025-11-20 05:30:00,2025-11-20 05:30:17.311764870,24.20979998344887,Thursday,8.0,78.0,100.0,0.29,A Tiempo,Madrugada,False
2025-11-20 19:17:51.022536,Ruta 6 - Express,172,6.0,10,50,2025-11-20 19:15:00,2025-11-20 19:15:23.186144142,26.247414738085165,Thursday,-4.0,74.0,100.0,0.39,A Tiempo,Noche,True
2025-11-20 20:12:51.022536,Ruta 3 - Sur,172,10.0,2,50,2025-11-20 20:00:00,2025-11-20 20:03:45.608713818,25.786580705164653,Thursday,8.0,82.0,100.0,3.76,Retraso Leve,Noche,False
2025-11-20 22:27:51.022536,Ruta 1 - Centro,172,2.0,8,40,2025-11-20 22:15:00,2025-11-20 22:17:05.686074822,20.335407988776485,Thursday,-6.0,76.0,100.0,2.09,Retraso Leve,Noche,False
2025-11-21 03:47:51.022536,Ruta 2 - Norte,172,4.0,6,50,2025-11-21 03:45:00,2025-11-21 03:50:14.405847450,11.655880606751616,Friday,-2.0,74.0,100.0,5.24,Retraso Grave,Madrugada,False
2025-11-22 11:12:51.022536,Ruta 1 - Centro,172,7.0,8,40,2025-11-22 11:00:00,2025-11-22 11:00:16.714792188,22.272049273078043,Saturday,-1.0,73.0,100.0,0.28,A Tiempo,Mañana,False
2025-11-22 13:12:51.022536,Ruta 2 - Norte,172,8.0,5,40,2025-11-22 13:00:00,2025-11-22 13:00:14.275955928,25.497424221999392,Saturday,3.0,76.0,100.0,0.24,A Tiempo,Tarde,False
2025-11-23 00:32:51.022536,Ruta 5 - Oeste,172,6.0,8,40,2025-11-23 00:30:00,2025-11-23 00:31:18.628102452,33.06264089187904,Sunday,-2.0,74.0,100.0,1.31,A Tiempo,Madrugada,False
2025-11-23 14:22:51.022536,Ruta 4 - Este,172,7.0,5,60,2025-11-23 14:15:00,2025-11-23 14:17:27.872312118,20.10385152538723,Sunday,2.0,76.0,100.0,2.46,Retraso Leve,Tarde,False
2025-11-23 23:47:51.022536,Ruta 3 - Sur,172,6.0,5,50,2025-11-23 23:45:00,2025-11-23 23:47:57.672348822,19.838390809758216,Sunday,1.0,77.0,100.0,2.96,Retraso Leve,Noche,False
2025-11-24 17:57:51.022536,Ruta 6 - Express,172,6.0,3,60,2025-11-24 17:45:00,2025-11-24 17:48:19.717214790,30.428102399219807,Monday,3.0,80.0,100.0,3.33,Retraso Leve,Tarde,True
2025-11-25 20:37:51.022536,Ruta 2 - Norte,172,10.0,6,60,2025-11-25 20:30:00,2025-11-25 20:34:15.253525608,33.356341624181844,Tuesday,4.0,84.0,100.0,4.25,Retraso Leve,Noche,False
2025-11-26 03:27:51.022536,Ruta 3 - Sur,172,9.0,7,50,2025-11-26 03:15:00,2025-11-26 03:16:28.298202450,33.004230106199174,Wednesday,2.0,86.0,100.0,1.47,A Tiempo,Madrugada,False
2025-11-26 07:07:51.022536,Ruta 4 - Este,172,8.0,6,60,2025-11-26 07:00:00,2025-11-26 07:02:46.277913978,25.60306882782385,Wednesday,2.0,88.0,100.0,2.77,Retraso Leve,Mañana,True
2025-11-26 09:02:51.022536,Ruta 6 - Express,172,8.0,2,40,2025-11-26 09:00:00,2025-11-26 09:01:12.219619074,26.209691095164672,Wednesday,6.0,94.0,100.0,1.2,A Tiempo,Mañana,True
2025-11-26 13:47:51.022536,Ruta 4 - Este,172,10.0,8,50,2025-11-26 13:45:00,2025-11-26 13:45:07.012825566,20.97818673058025,Wednesday,2.0,96.0,100.0,0.12,A Tiempo,Tarde,False
2025-11-10 02:27:51.022536,Ruta 1 - Centro,173,5.0,8,60,2025-11-10 02:15:00,2025-11-10 02:16:07.127260428,22.456942992254888,Monday,-3.0,0.0,0.0,1.12,A Tiempo,Madrugada,False
2025-11-10 06:52:51.022536,Ruta 3 - Sur,173,12.0,6,40,2025-11-10 06:45:00,2025-11-10 06:45:47.542359150,24.890703722104824,Monday,6.0,3.0,7.5,0.79,A Tiempo,Madrugada,False
2025-11-10 10:27:51.022536,Ruta 6 - Express,173,12.0,4,60,2025-11-10 10:15:00,2025-11-10 10:16:24.755519820,28.782862879781582,Monday,8.0,11.0,18.33,1.41,A Tiempo,Mañana,False
2025-11-10 14:17:51.022536,Ruta 4 - Este,173,7.0,6,60,2025-11-10 14:15:00,2025-11-10 14:16:51.432779262,29.08232522188353,Monday,1.0,12.0,20.0,1.86,A Tiempo,Tarde,False
2025-11-11 16:42:51.022536,Ruta 3 - Sur,173,3.0,10,50,2025-11-11 16:30:00,2025-11-11 16:33:05.960514978,23.42038661519152,Tuesday,-7.0,5.0,10.0,3.1,Retraso Leve,Tarde,False
2025-11-12 21:37:51.022536,Ruta 5 - Oeste,173,5.0,6,40,2025-11-12 21:30:00,2025-11-12 21:35:58.810512606,30.61367408636399,Wednesday,-1.0,4.0,10.0,5.98,Retraso Grave,Noche,False
2025-11-12 23:37:51.022536,Ruta 5 - Oeste,173,9.0,5,50,2025-11-12 23:30:00,2025-11-12 23:32:19.504528068,19.406600304045128,Wednesday,4.0,8.0,16.0,2.33,Retraso Leve,Noche,False
2025-11-13 02:37:51.022536,Ruta 6 - Express,173,9.0,3,40,2025-11-13 02:30:00,2025-11-13 02:30:23.068717608,14.216790926401764,Thursday,6.0,14.0,35.0,0.38,A Tiempo,Madrugada,False
2025-11-13 03:32:51.022536,Ruta 3 - Sur,173,6.0,5,40,2025-11-13 03:30:00,2025-11-13 03:38:18.330370794,26.76944039064261,Thursday,1.0,15.0,37.5,8.31,Retraso Grave,Madrugada,False
2025-11-13 09:47:51.022536,Ruta 4 - Este,173,10.0,7,60,2025-11-13 09:45:00,2025-11-13 09:46:10.213386870,17.020515283870346,Thursday,3.0,18.0,30.0,1.17,A Tiempo,Mañana,True
2025-11-14 23:17:51.022536,Ruta 2 - Norte,173,9.0,5,50,2025-11-14 23:15:00,2025-11-14 23:18:53.419562940,28.273339368454558,Friday,4.0,22.0,44.0,3.89,Retraso Leve,Noche,False
2025-11-15 06:02:51.022536,Ruta 2 - Norte,173,6.0,6,50,2025-11-15 06:00:00,2025-11-15 06:00:22.591778256,24.913274846473183,Saturday,0.0,22.0,44.0,0.38,A Tiempo,Madrugada,False
2025-11-15 11:22:51.022536,Ruta 3 - Sur,173,4.0,4,40,2025-11-15 11:15:00,2025-11-15 11:15:21.485360988,28.26661414998036,Saturday,0.0,22.0,55.0,0.36,A Tiempo,Mañana,False
2025-11-15 20:12:51.022536,Ruta 4 - Este,173,5.0,6,50,2025-11-15 20:00:00,2025-11-15 20:05:36.356268630,16.71679249540808,Saturday,-1.0,21.0,42.0,5.61,Retraso Grave,Noche,False
2025-11-16 12:32:51.022536,Ruta 3 - Sur,173,9.0,4,50,2025-11-16 12:30:00,2025-11-16 12:36:08.159015142,32.55886984762535,Sunday,5.0,26.0,52.0,6.14,Retraso Grave,Mañana,False
2025-11-16 13:52:51.022536,Ruta 4 - Este,173,7.0,11,50,2025-11-16 13:45:00,2025-11-16 13:45:05.089528722,27.03632346778817,Sunday,-4.0,22.0,44.0,0.08,A Tiempo,Tarde,False
2025-11-17 21:37:51.022536,Ruta 1 - Centro,173,7.0,9,60,2025-11-17 21:30:00,2025-11-17 21:31:07.816413114,22.7228705989061,Monday,-2.0,20.0,33.33,1.13,A Tiempo,Noche,False
2025-11-18 05:57:51.022536,Ruta 5 - Oeste,173,6.0,4,40,2025-11-18 05:45:00,2025-11-18 05:47:01.631396256,25.8495503271629,Tuesday,2.0,22.0,55.0,2.03,Retraso Leve,Madrugada,False
2025-11-18 08:32:51.022536,Ruta 3 - Sur,173,9.0,1,60,2025-11-18 08:30:00,2025-11-18 08:33:28.454335296,22.47319711487141,Tuesday,8.0,30.0,50.0,3.47,Retraso Leve,Mañana,True
2025-11-18 11:12:51.022536,Ruta 3 - Sur,173,4.0,8,60,2025-11-18 11:00:00,2025-11-18 11:05:09.051969486,23.85674348827836,Tuesday,-4.0,26.0,43.33,5.15,Retraso Grave,Mañana,False
2025-11-19 04:42:51.022536,Ruta 2 - Norte,173,8.0,8,40,2025-11-19 04:30:00,2025-11-19 04:30:57.013297518,27.2783071691957,Wednesday,0.0,26.0,65.0,0.95,A Tiempo,Madrugada,False
2025-11-19 08:17:51.022536,Ruta 6 - Express,173,5.0,4,60,2025-11-19 08:15:00,2025-11-19 08:15:54.105115800,31.082896265626587,Wednesday,1.0,27.0,45.0,0.9,A Tiempo,Mañana,True
2025-11-19 10:32:51.022536,Ruta 6 - Express,173,9.0,4,60,2025-11-19 10:30:00,2025-11-19 10:32:18.562477674,35.29073170113606,Wednesday,5.0,32.0,53.33,2.31,Retraso Leve,Mañana,False
2025-11-19 18:42:51.022536,Ruta 6 - Express,173,9.0,5,50,2025-11-19 18:30:00,2025-11-19 18:33:22.128709320,27.837866307500924,Wednesday,4.0,36.0,72.0,3.37,Retraso Leve,Tarde,True
2025-11-20 00:12:51.022536,Ruta 6 - Express,173,5.0,7,40,2025-11-20 00:00:00,2025-11-20 00:00:33.917743110,14.928269808040636,Thursday,-2.0,34.0,85.0,0.57,A Tiempo,Madrugada,False
2025-11-21 07:07:51.022536,Ruta 3 - Sur,173,9.0,5,60,2025-11-21 07:00:00,2025-11-21 07:00:16.141193616,21.917867234738235,Friday,4.0,38.0,63.33,0.27,A Tiempo,Mañana,True
2025-11-21 09:12:51.022536,Ruta 1 - Centro,173,12.0,3,60,2025-11-21 09:00:00,2025-11-21 09:03:17.784580686,15.7219361314446,Friday,9.0,47.0,78.33,3.3,Retraso Leve,Mañana,True
2025-11-21 10:47:51.022536,Ruta 2 - Norte,173,15.0,7,40,2025-11-21 10:45:00,2025-11-21 10:45:47.627157186,21.53803836754276,Friday,8.0,55.0,100.0,0.79,A Tiempo,Mañana,False
2025-11-21 15:32:51.022536,Ruta 1 - Centro,173,12.0,6,40,2025-11-21 15:30:00,2025-11-21 15:31:38.813873694,21.394402304592116,Friday,6.0,61.0,100.0,1.65,A Tiempo,Tarde,False
2025-11-22 04:02:51.022536,Ruta 5 - Oeste,173,8.0,5,40,2025-11-22 04:00:00,2025-11-22 04:02:19.837552116,30.012270111493827,Saturday,3.0,64.0,100.0,2.33,Retraso Leve,Madrugada,False
2025-11-22 05:22:51.022536,Ruta 6 - Express,173,6.0,11,50,2025-11-22 05:15:00,2025-11-22 05:19:33.261364608,23.323771680582,Saturday,-5.0,59.0,100.0,4.55,Retraso Leve,Madrugada,False
2025-11-22 13:32:51.022536,Ruta 1 - Centro,173,12.0,6,50,2025-11-22 13:30:00,2025-11-22 13:32:24.115584006,25.79530743871369,Saturday,6.0,65.0,100.0,2.4,Retraso Leve,Tarde,False
2025-11-22 16:42:51.022536,Ruta 2 - Norte,173,10.0,9,60,2025-11-22 16:30:00,2025-11-22 16:31:22.394987142,28.947256483902866,Saturday,1.0,66.0,100.0,1.37,A Tiempo,Tarde,False
2025-11-23 02:57:51.022536,Ruta 1 - Centro,173,9.0,8,40,2025-11-23 02:45:00,2025-11-23 02:46:03.952731162,24.620156797748216,Sunday,1.0,67.0,100.0,1.07,A Tiempo,Madrugada,False
2025-11-23 10:52:51.022536,Ruta 6 - Express,173,8.0,7,40,2025-11-23 10:45:00,2025-11-23 10:46:28.932728094,20.54350021936868,Sunday,1.0,68.0,100.0,1.48,A Tiempo,Mañana,False
2025-11-23 20:07:51.022536,Ruta 3 - Sur,173,7.0,4,40,2025-11-23 20:00:00,2025-11-23 20:00:41.057729982,20.90438000677959,Sunday,3.0,71.0,100.0,0.68,A Tiempo,Noche,False
2025-11-24 02:52:51.022536,Ruta 5 - Oeste,173,8.0,5,50,2025-11-24 02:45:00,2025-11-24 02:50:30.124254305,20.285057732212817,Monday,3.0,74.0,100.0,5.5,Retraso Grave,Madrugada,False
2025-11-24 14:32:51.022536,Ruta 1 - Centro,173,8.0,11,60,2025-11-24 14:30:00,2025-11-24 14:32:24.901083210,14.798188686167135,Monday,-3.0,71.0,100.0,2.42,Retraso Leve,Tarde,False
2025-11-24 19:07:51.022536,Ruta 3 - Sur,173,7.0,5,50,2025-11-24 19:00:00,2025-11-24 19:01:50.261602248,23.86125424834693,Monday,2.0,73.0,100.0,1.84,A Tiempo,Noche,True
2025-11-24 19:12:51.022536,Ruta 5 - Oeste,173,9.0,6,60,2025-11-24 19:00:00,2025-11-24 19:04:35.591030874,29.648520426878036,Monday,3.0,76.0,100.0,4.59,Retraso Leve,Noche,True
2025-11-25 05:07:51.022536,Ruta 1 - Centro,173,10.0,8,50,2025-11-25 05:00:00,2025-11-25 05:00:04.688857530,27.89450788639972,Tuesday,2.0,78.0,100.0,0.08,A Tiempo,Madrugada,False
2025-11-25 18:37:51.022536,Ruta 1 - Centro,173,8.0,7,50,2025-11-25 18:30:00,2025-11-25 18:31:17.992251840,20.628188974034916,Tuesday,1.0,79.0,100.0,1.3,A Tiempo,Tarde,True
2025-11-25 20:57:51.022536,Ruta 3 - Sur,173,10.0,5,60,2025-11-25 20:45:00,2025-11-25 20:46:42.948503226,26.04896266945324,Tuesday,5.0,84.0,100.0,1.72,A Tiempo,Noche,False
2025-11-09 18:07:51.022536,Ruta 3 - Sur,174,8.0,14,60,2025-11-09 18:00:00,2025-11-09 18:00:30.406174866,20.13394406269962,Sunday,-6.0,0.0,0.0,0.51,A Tiempo,Tarde,True
2025-11-10 05:42:51.022536,Ruta 4 - Este,174,8.0,6,60,2025-11-10 05:30:00,2025-11-10 05:30:26.052203262,25.379460185484653,Monday,2.0,0.0,0.0,0.43,A Tiempo,Madrugada,False
2025-11-10 07:37:51.022536,Ruta 1 - Centro,174,5.0,6,40,2025-11-10 07:30:00,2025-11-10 07:31:18.907781784,24.96884685284247,Monday,-1.0,0.0,0.0,1.32,A Tiempo,Mañana,True
2025-11-10 07:57:51.022536,Ruta 3 - Sur,174,7.0,3,40,2025-11-10 07:45:00,2025-11-10 07:46:12.882850236,23.984932267609217,Monday,4.0,0.0,0.0,1.21,A Tiempo,Mañana,True
2025-11-10 12:42:51.022536,Ruta 4 - Este,174,12.0,7,40,2025-11-10 12:30:00,2025-11-10 12:35:42.888379770,26.081113160950665,Monday,5.0,4.0,10.0,5.71,Retraso Grave,Mañana,False
2025-11-10 13:32:51.022536,Ruta 1 - Centro,174,8.0,7,50,2025-11-10 13:30:00,2025-11-10 13:33:44.101361610,18.271119500270707,Monday,1.0,5.0,10.0,3.74,Retraso Leve,Tarde,False
2025-11-10 17:52:51.022536,Ruta 1 - Centro,174,8.0,8,50,2025-11-10 17:45:00,2025-11-10 17:45:05.749829172,21.37893041587331,Monday,0.0,5.0,10.0,0.1,A Tiempo,Tarde,True
2025-11-11 17:52:51.022536,Ruta 4 - Este,174,7.0,3,50,2025-11-11 17:45:00,2025-11-11 17:46:50.836475274,21.25541592370214,Tuesday,4.0,9.0,18.0,1.85,A Tiempo,Tarde,True
2025-11-12 08:02:51.022536,Ruta 1 - Centro,174,10.0,5,40,2025-11-12 08:00:00,2025-11-12 08:00:28.813403658,20.46631468962429,Wednesday,5.0,14.0,35.0,0.48,A Tiempo,Mañana,True
2025-11-13 04:32:51.022536,Ruta 4 - Este,174,6.0,9,60,2025-11-13 04:30:00,2025-11-13 04:33:41.974358832,22.591520248469653,Thursday,-3.0,11.0,18.33,3.7,Retraso Leve,Madrugada,False
2025-11-13 05:47:51.022536,Ruta 5 - Oeste,174,9.0,1,40,2025-11-13 05:45:00,2025-11-13 05:45:59.609677530,23.33962036169611,Thursday,8.0,19.0,47.5,0.99,A Tiempo,Madrugada,False
2025-11-13 14:52:51.022536,Ruta 5 - Oeste,174,5.0,5,50,2025-11-13 14:45:00,2025-11-13 14:46:14.351637114,31.563211523963552,Thursday,0.0,19.0,38.0,1.24,A Tiempo,Tarde,False
2025-11-13 19:12:51.022536,Ruta 2 - Norte,174,10.0,5,40,2025-11-13 19:00:00,2025-11-13 19:01:44.276053728,23.5894349658285,Thursday,5.0,24.0,60.0,1.74,A Tiempo,Noche,True
2025-11-13 20:17:51.022536,Ruta 4 - Este,174,9.0,4,50,2025-11-13 20:15:00,2025-11-13 20:15:24.467649048,20.452793767092096,Thursday,5.0,29.0,58.0,0.41,A Tiempo,Noche,False
2025-11-13 20:37:51.022536,Ruta 3 - Sur,174,9.0,6,40,2025-11-13 20:30:00,2025-11-13 20:32:31.289992349,26.65015266966867,Thursday,3.0,32.0,80.0,2.52,Retraso Leve,Noche,False
2025-11-14 10:12:51.022536,Ruta 3 - Sur,174,11.0,4,60,2025-11-14 10:00:00,2025-11-14 10:03:22.135457568,22.68184938506975,Friday,7.0,39.0,65.0,3.37,Retraso Leve,Mañana,False
2025-11-14 10:32:51.022536,Ruta 4 - Este,174,5.0,10,60,2025-11-14 10:30:00,2025-11-14 10:30:45.985960350,13.79890733348849,Friday,-5.0,34.0,56.67,0.77,A Tiempo,Mañana,False
2025-11-14 19:32:51.022536,Ruta 1 - Centro,174,12.0,6,50,2025-11-14 19:30:00,2025-11-14 19:32:12.884227056,24.986330335108875,Friday,6.0,40.0,80.0,2.21,Retraso Leve,Noche,True
2025-11-15 03:52:51.022536,Ruta 6 - Express,174,6.0,7,50,2025-11-15 03:45:00,2025-11-15 03:46:02.831430018,21.78234202751446,Saturday,-1.0,39.0,78.0,1.05,A Tiempo,Madrugada,False
2025-11-15 20:47:51.022536,Ruta 4 - Este,174,8.0,3,60,2025-11-15 20:45:00,2025-11-15 20:45:06.855294954,30.555645031301047,Saturday,5.0,44.0,73.33,0.11,A Tiempo,Noche,False
2025-11-16 05:37:51.022536,Ruta 4 - Este,174,4.0,5,50,2025-11-16 05:30:00,2025-11-16 05:35:21.135373254,23.25984472289953,Sunday,-1.0,43.0,86.0,5.35,Retraso Grave,Madrugada,False
2025-11-16 05:57:51.022536,Ruta 6 - Express,174,9.0,6,50,2025-11-16 05:45:00,2025-11-16 05:45:13.359819738,25.71069315996764,Sunday,3.0,46.0,92.0,0.22,A Tiempo,Madrugada,False
2025-11-16 16:37:51.022536,Ruta 6 - Express,174,6.0,6,50,2025-11-16 16:30:00,2025-11-16 16:32:19.164549882,33.156642611954126,Sunday,0.0,46.0,92.0,2.32,Retraso Leve,Tarde,False
2025-11-16 21:17:51.022536,Ruta 1 - Centro,174,8.0,4,50,2025-11-16 21:15:00,2025-11-16 21:15:15.722595726,19.31882327917195,Sunday,4.0,50.0,100.0,0.26,A Tiempo,Noche,False
2025-11-16 21:42:51.022536,Ruta 3 - Sur,174,9.0,3,40,2025-11-16 21:30:00,2025-11-16 21:30:41.593153374,22.92141260378716,Sunday,6.0,56.0,100.0,0.69,A Tiempo,Noche,False
2025-11-17 00:47:51.022536,Ruta 4 - Este,174,5.0,2,50,2025-11-17 00:45:00,2025-11-17 00:49:37.654942002,24.972526927651607,Monday,3.0,59.0,100.0,4.63,Retraso Leve,Madrugada,False
2025-11-17 17:47:51.022536,Ruta 4 - Este,174,3.0,7,60,2025-11-17 17:45:00,2025-11-17 17:49:25.625791014,34.23835558584536,Monday,-4.0,55.0,91.67,4.43,Retraso Leve,Tarde,True
2025-11-18 08:27:51.022536,Ruta 2 - Norte,174,4.0,7,50,2025-11-18 08:15:00,2025-11-18 08:15:01.915473966,25.17105544522575,Tuesday,-3.0,52.0,100.0,0.03,A Tiempo,Mañana,True
2025-11-18 10:37:51.022536,Ruta 5 - Oeste,174,6.0,9,40,2025-11-18 10:30:00,2025-11-18 10:33:18.615821664,19.039363902233895,Tuesday,-3.0,49.0,100.0,3.31,Retraso Leve,Mañana,False
2025-11-18 19:02:51.022536,Ruta 5 - Oeste,174,6.0,7,40,2025-11-18 19:00:00,2025-11-18 19:02:09.702670800,22.98309437394829,Tuesday,-1.0,48.0,100.0,2.16,Retraso Leve,Noche,True
2025-11-19 11:02:51.022536,Ruta 5 - Oeste,174,4.0,4,60,2025-11-19 11:00:00,2025-11-19 11:01:01.570142634,24.91736281402961,Wednesday,0.0,48.0,80.0,1.03,A Tiempo,Mañana,False
2025-11-19 16:52:51.022536,Ruta 4 - Este,174,7.0,5,40,2025-11-19 16:45:00,2025-11-19 16:49:49.680499326,26.13146522398086,Wednesday,2.0,50.0,100.0,4.83,Retraso Leve,Tarde,False
2025-11-19 18:37:51.022536,Ruta 5 - Oeste,174,8.0,9,50,2025-11-19 18:30:00,2025-11-19 18:30:48.256608684,18.07102672297277,Wednesday,-1.0,49.0,98.0,0.8,A Tiempo,Tarde,True
2025-11-19 23:22:51.022536,Ruta 4 - Este,174,7.0,3,50,2025-11-19 23:15:00,2025-11-19 23:15:44.876342712,23.25877506858312,Wednesday,4.0,53.0,100.0,0.75,A Tiempo,Noche,False
2025-11-20 23:42:51.022536,Ruta 3 - Sur,174,4.0,1,50,2025-11-20 23:30:00,2025-11-20 23:30:35.805919614,19.3840297572758,Thursday,3.0,56.0,100.0,0.6,A Tiempo,Noche,False
2025-11-21 17:02:51.022536,Ruta 4 - Este,174,7.0,3,50,2025-11-21 17:00:00,2025-11-21 17:03:47.706076698,17.907459063791148,Friday,4.0,60.0,100.0,3.8,Retraso Leve,Tarde,True
2025-11-22 01:42:51.022536,Ruta 3 - Sur,174,14.0,1,60,2025-11-22 01:30:00,2025-11-22 01:30:09.835609404,18.41825589436225,Saturday,13.0,73.0,100.0,0.16,A Tiempo,Madrugada,False
2025-11-22 02:32:51.022536,Ruta 5 - Oeste,174,8.0,5,60,2025-11-22 02:30:00,2025-11-22 02:30:13.854390558,16.565749086135966,Saturday,3.0,76.0,100.0,0.23,A Tiempo,Madrugada,False
2025-11-22 15:57:51.022536,Ruta 4 - Este,174,9.0,5,60,2025-11-22 15:45:00,2025-11-22 15:47:11.314874286,26.130473176519526,Saturday,4.0,80.0,100.0,2.19,Retraso Leve,Tarde,False
2025-11-22 18:42:51.022536,Ruta 4 - Este,174,9.0,6,40,2025-11-22 18:30:00,2025-11-22 18:31:56.739890646,33.91439469356918,Saturday,3.0,83.0,100.0,1.95,A Tiempo,Tarde,True
2025-11-23 05:22:51.022536,Ruta 1 - Centro,174,4.0,6,60,2025-11-23 05:15:00,2025-11-23 05:16:18.078842652,18.89338664820025,Sunday,-2.0,81.0,100.0,1.3,A Tiempo,Madrugada,False
2025-11-23 14:47:51.022536,Ruta 2 - Norte,174,6.0,5,50,2025-11-23 14:45:00,2025-11-23 14:52:41.331479838,21.53758316544758,Sunday,1.0,82.0,100.0,7.69,Retraso Grave,Tarde,False
2025-11-25 04:17:51.022536,Ruta 1 - Centro,174,7.0,5,50,2025-11-25 04:15:00,2025-11-25 04:21:32.045507226,18.27993642994448,Tuesday,2.0,84.0,100.0,6.53,Retraso Grave,Madrugada,False
2025-11-25 06:12:51.022536,Ruta 6 - Express,174,7.0,6,50,2025-11-25 06:00:00,2025-11-25 06:01:13.925871360,26.03825073474122,Tuesday,1.0,85.0,100.0,1.23,A Tiempo,Madrugada,False
2025-11-25 11:37:51.022536,Ruta 4 - Este,174,8.0,5,60,2025-11-25 11:30:00,2025-11-25 11:30:38.881581594,18.460532381475087,Tuesday,3.0,88.0,100.0,0.65,A Tiempo,Mañana,False
2025-11-25 19:47:51.022536,Ruta 3 - Sur,174,5.0,7,40,2025-11-25 19:45:00,2025-11-25 19:45:14.432258418,25.68529371833984,Tuesday,-2.0,86.0,100.0,0.24,A Tiempo,Noche,True
2025-11-26 06:12:51.022536,Ruta 2 - Norte,174,8.0,6,50,2025-11-26 06:00:00,2025-11-26 06:00:20.516200890,26.4167042529014,Wednesday,2.0,88.0,100.0,0.34,A Tiempo,Madrugada,False
2025-11-26 17:57:51.022536,Ruta 6 - Express,174,7.0,5,60,2025-11-26 17:45:00,2025-11-26 17:46:26.807605164,22.56513385399635,Wednesday,2.0,90.0,100.0,1.45,A Tiempo,Tarde,True
2025-11-09 15:42:51.022536,Ruta 4 - Este,175,5.0,10,60,2025-11-09 15:30:00,2025-11-09 15:30:06.166088280,17.6720993375216,Sunday,-5.0,0.0,0.0,0.1,A Tiempo,Tarde,False
2025-11-09 22:22:51.022536,Ruta 2 - Norte,175,9.0,7,50,2025-11-09 22:15:00,2025-11-09 22:17:12.795297288,24.30064335146546,Sunday,2.0,0.0,0.0,2.21,Retraso Leve,Noche,False
2025-11-09 23:37:51.022536,Ruta 4 - Este,175,8.0,8,40,2025-11-09 23:30:00,2025-11-09 23:32:51.355152810,26.16146199666053,Sunday,0.0,0.0,0.0,2.86,Retraso Leve,Noche,False
2025-11-10 03:22:51.022536,Ruta 2 - Norte,175,7.0,2,60,2025-11-10 03:15:00,2025-11-10 03:16:18.664283784,24.12629225942338,Monday,5.0,2.0,3.33,1.31,A Tiempo,Madrugada,False
2025-11-10 15:02:51.022536,Ruta 4 - Este,175,11.0,3,50,2025-11-10 15:00:00,2025-11-10 15:00:31.537378746,22.19629000557027,Monday,8.0,10.0,20.0,0.53,A Tiempo,Tarde,False
2025-11-11 04:27:51.022536,Ruta 4 - Este,175,8.0,8,40,2025-11-11 04:15:00,2025-11-11 04:15:59.306632668,18.627370542164847,Tuesday,0.0,10.0,25.0,0.99,A Tiempo,Madrugada,False
2025-11-11 06:17:51.022536,Ruta 1 - Centro,175,8.0,8,40,2025-11-11 06:15:00,2025-11-11 06:15:19.941224730,19.878435194333345,Tuesday,0.0,10.0,25.0,0.33,A Tiempo,Madrugada,False
2025-11-11 11:07:51.022536,Ruta 4 - Este,175,10.0,2,40,2025-11-11 11:00:00,2025-11-11 11:00:06.880558146,35.17228889866393,Tuesday,8.0,18.0,45.0,0.11,A Tiempo,Mañana,False
2025-11-12 00:37:51.022536,Ruta 2 - Norte,175,5.0,7,50,2025-11-12 00:30:00,2025-11-12 00:31:49.726708110,31.64812060677275,Wednesday,-2.0,16.0,32.0,1.83,A Tiempo,Madrugada,False
2025-11-12 01:27:51.022536,Ruta 1 - Centro,175,9.0,4,60,2025-11-12 01:15:00,2025-11-12 01:19:00.622215750,20.640026181583146,Wednesday,5.0,21.0,35.0,4.01,Retraso Leve,Madrugada,False
2025-11-12 03:22:51.022536,Ruta 1 - Centro,175,8.0,5,50,2025-11-12 03:15:00,2025-11-12 03:15:58.646688960,14.82554167291491,Wednesday,3.0,24.0,48.0,0.98,A Tiempo,Madrugada,False
2025-11-12 09:42:51.022536,Ruta 6 - Express,175,9.0,8,60,2025-11-12 09:30:00,2025-11-12 09:30:34.611667920,32.199621189316844,Wednesday,1.0,25.0,41.67,0.58,A Tiempo,Mañana,True
2025-11-12 11:22:51.022536,Ruta 3 - Sur,175,13.0,4,40,2025-11-12 11:15:00,2025-11-12 11:19:37.398035022,23.41459290617972,Wednesday,9.0,34.0,85.0,4.62,Retraso Leve,Mañana,False
2025-11-13 02:02:51.022536,Ruta 6 - Express,175,10.0,2,40,2025-11-13 02:00:00,2025-11-13 02:00:33.473747862,26.35911135327551,Thursday,8.0,42.0,100.0,0.56,A Tiempo,Madrugada,False
2025-11-13 05:27:51.022536,Ruta 2 - Norte,175,6.0,6,40,2025-11-13 05:15:00,2025-11-13 05:16:12.810281196,17.93128867634167,Thursday,0.0,42.0,100.0,1.21,A Tiempo,Madrugada,False
2025-11-13 06:47:51.022536,Ruta 4 - Este,175,7.0,4,60,2025-11-13 06:45:00,2025-11-13 06:45:41.459256318,26.78169223214218,Thursday,3.0,45.0,75.0,0.69,A Tiempo,Madrugada,False
2025-11-13 09:22:51.022536,Ruta 6 - Express,175,10.0,8,50,2025-11-13 09:15:00,2025-11-13 09:20:54.054990552,25.86999257593228,Thursday,2.0,47.0,94.0,5.9,Retraso Grave,Mañana,True
2025-11-14 00:07:51.022536,Ruta 4 - Este,175,5.0,9,40,2025-11-14 00:00:00,2025-11-14 00:01:19.649380188,27.55713245611671,Friday,-4.0,43.0,100.0,1.33,A Tiempo,Madrugada,False
2025-11-14 03:02:51.022536,Ruta 6 - Express,175,4.0,4,60,2025-11-14 03:00:00,2025-11-14 03:00:03.198169632,28.47316105243752,Friday,0.0,43.0,71.67,0.05,A Tiempo,Madrugada,False
2025-11-14 12:47:51.022536,Ruta 3 - Sur,175,10.0,5,40,2025-11-14 12:45:00,2025-11-14 12:45:13.249264482,22.48923693509649,Friday,5.0,48.0,100.0,0.22,A Tiempo,Mañana,False
2025-11-15 06:37:51.022536,Ruta 1 - Centro,175,11.0,7,50,2025-11-15 06:30:00,2025-11-15 06:30:48.982263144,24.10473795334974,Saturday,4.0,52.0,100.0,0.82,A Tiempo,Madrugada,False
2025-11-15 20:32:51.022536,Ruta 5 - Oeste,175,10.0,5,50,2025-11-15 20:30:00,2025-11-15 20:32:30.158452073,29.355991093512745,Saturday,5.0,57.0,100.0,2.5,Retraso Leve,Noche,False
2025-11-15 22:12:51.022536,Ruta 6 - Express,175,11.0,9,40,2025-11-15 22:00:00,2025-11-15 22:01:12.629686044,20.19439221635077,Saturday,2.0,59.0,100.0,1.21,A Tiempo,Noche,False
2025-11-17 15:32:51.022536,Ruta 5 - Oeste,175,8.0,3,50,2025-11-17 15:30:00,2025-11-17 15:32:04.408077462,27.325453301574267,Monday,5.0,64.0,100.0,2.07,Retraso Leve,Tarde,False
2025-11-18 06:22:51.022536,Ruta 4 - Este,175,9.0,2,50,2025-11-18 06:15:00,2025-11-18 06:15:55.456288656,28.633752296259555,Tuesday,7.0,71.0,100.0,0.92,A Tiempo,Madrugada,False
2025-11-18 14:47:51.022536,Ruta 4 - Este,175,8.0,2,60,2025-11-18 14:45:00,2025-11-18 14:48:33.313091868,30.39664004328036,Tuesday,6.0,77.0,100.0,3.56,Retraso Leve,Tarde,False
2025-11-19 06:27:51.022536,Ruta 5 - Oeste,175,8.0,8,40,2025-11-19 06:15:00,2025-11-19 06:17:28.421021832,24.335815053082804,Wednesday,0.0,77.0,100.0,2.47,Retraso Leve,Madrugada,False
2025-11-19 10:12:51.022536,Ruta 6 - Express,175,7.0,6,40,2025-11-19 10:00:00,2025-11-19 10:02:56.835466416,22.45529905715488,Wednesday,1.0,78.0,100.0,2.95,Retraso Leve,Mañana,False
2025-11-19 16:42:51.022536,Ruta 4 - Este,175,9.0,8,40,2025-11-19 16:30:00,2025-11-19 16:30:54.829870788,22.78556039632201,Wednesday,1.0,79.0,100.0,0.91,A Tiempo,Tarde,False
2025-11-19 17:17:51.022536,Ruta 2 - Norte,175,11.0,9,60,2025-11-19 17:15:00,2025-11-19 17:16:31.635997020,34.05334255495806,Wednesday,2.0,81.0,100.0,1.53,A Tiempo,Tarde,True
2025-11-19 17:47:51.022536,Ruta 2 - Norte,175,10.0,7,50,2025-11-19 17:45:00,2025-11-19 17:46:50.485286172,26.587140980610336,Wednesday,3.0,84.0,100.0,1.84,A Tiempo,Tarde,True
2025-11-20 01:47:51.022536,Ruta 5 - Oeste,175,4.0,13,60,2025-11-20 01:45:00,2025-11-20 01:47:49.391638968,16.13912449233941,Thursday,-9.0,75.0,100.0,2.82,Retraso Leve,Madrugada,False
2025-11-20 03:37:51.022536,Ruta 1 - Centro,175,7.0,9,40,2025-11-20 03:30:00,2025-11-20 03:30:28.893271002,24.5883837992471,Thursday,-2.0,73.0,100.0,0.48,A Tiempo,Madrugada,False
2025-11-20 08:17:51.022536,Ruta 4 - Este,175,3.0,7,40,2025-11-20 08:15:00,2025-11-20 08:17:07.066990146,25.228357182705487,Thursday,-4.0,69.0,100.0,2.12,Retraso Leve,Mañana,True
2025-11-20 22:07:51.022536,Ruta 3 - Sur,175,9.0,7,40,2025-11-20 22:00:00,2025-11-20 22:02:48.271226016,28.486971349351165,Thursday,2.0,71.0,100.0,2.8,Retraso Leve,Noche,False
2025-11-21 01:02:51.022536,Ruta 3 - Sur,175,6.0,7,40,2025-11-21 01:00:00,2025-11-21 01:01:22.943746044,23.545745307218333,Friday,-1.0,70.0,100.0,1.38,A Tiempo,Madrugada,False
2025-11-21 05:02:51.022536,Ruta 3 - Sur,175,6.0,11,40,2025-11-21 05:00:00,2025-11-21 05:00:41.870124960,24.58079177678232,Friday,-5.0,65.0,100.0,0.7,A Tiempo,Madrugada,False
2025-11-21 09:27:51.022536,Ruta 4 - Este,175,5.0,8,60,2025-11-21 09:15:00,2025-11-21 09:17:02.061486402,25.016350321179665,Friday,-3.0,62.0,100.0,2.03,Retraso Leve,Mañana,True
2025-11-22 04:47:51.022536,Ruta 4 - Este,175,11.0,13,60,2025-11-22 04:45:00,2025-11-22 04:46:58.967191062,24.43482695283671,Saturday,-2.0,60.0,100.0,1.98,A Tiempo,Madrugada,False
2025-11-22 14:47:51.022536,Ruta 3 - Sur,175,10.0,3,40,2025-11-22 14:45:00,2025-11-22 14:45:04.671283704,31.488578253216616,Saturday,7.0,67.0,100.0,0.08,A Tiempo,Tarde,False
2025-11-22 19:32:51.022536,Ruta 1 - Centro,175,9.0,5,50,2025-11-22 19:30:00,2025-11-22 19:30:04.788153264,26.160149370727268,Saturday,4.0,71.0,100.0,0.08,A Tiempo,Noche,True
2025-11-23 07:57:51.022536,Ruta 4 - Este,175,14.0,8,40,2025-11-23 07:45:00,2025-11-23 07:45:56.871395784,36.23149760181357,Sunday,6.0,77.0,100.0,0.95,A Tiempo,Mañana,True
2025-11-23 12:42:51.022536,Ruta 4 - Este,175,6.0,3,40,2025-11-23 12:30:00,2025-11-23 12:31:02.522348904,31.315865926636317,Sunday,3.0,80.0,100.0,1.04,A Tiempo,Mañana,False
2025-11-23 23:52:51.022536,Ruta 4 - Este,175,6.0,3,40,2025-11-23 23:45:00,2025-11-23 23:46:20.894209710,27.73186123826423,Sunday,3.0,83.0,100.0,1.35,A Tiempo,Noche,False
2025-11-24 05:57:51.022536,Ruta 6 - Express,175,7.0,4,60,2025-11-24 05:45:00,2025-11-24 05:45:14.197390440,24.092229927717977,Monday,3.0,86.0,100.0,0.24,A Tiempo,Madrugada,False
2025-11-24 06:02:51.022536,Ruta 6 - Express,175,13.0,2,40,2025-11-24 06:00:00,2025-11-24 06:00:30.817608564,23.21687024719146,Monday,11.0,97.0,100.0,0.51,A Tiempo,Madrugada,False
2025-11-24 10:57:51.022536,Ruta 4 - Este,175,8.0,4,60,2025-11-24 10:45:00,2025-11-24 10:45:21.017606490,28.22890720388162,Monday,4.0,101.0,100.0,0.35,A Tiempo,Mañana,False
2025-11-24 12:42:51.022536,Ruta 5 - Oeste,175,11.0,7,40,2025-11-24 12:30:00,2025-11-24 12:32:27.071782944,23.068561418988967,Monday,4.0,105.0,100.0,2.45,Retraso Leve,Mañana,False
2025-11-25 05:37:51.022536,Ruta 2 - Norte,175,9.0,2,40,2025-11-25 05:30:00,2025-11-25 05:32:15.767352168,23.5185333835464,Tuesday,7.0,112.0,100.0,2.26,Retraso Leve,Madrugada,False
2025-11-25 12:07:51.022536,Ruta 3 - Sur,175,4.0,5,60,2025-11-25 12:00:00,2025-11-25 12:01:07.465139682,26.233518088992703,Tuesday,-1.0,111.0,100.0,1.12,A Tiempo,Mañana,False
2025-11-25 20:02:51.022536,Ruta 1 - Centro,175,17.0,8,60,2025-11-25 20:00:00,2025-11-25 20:06:43.750466160,23.985160545393136,Tuesday,9.0,120.0,100.0,6.73,Retraso Grave,Noche,False
2025-11-26 11:47:51.022536,Ruta 5 - Oeste,175,4.0,3,40,2025-11-26 11:45:00,2025-11-26 11:45:35.586780618,19.836527520476466,Wednesday,1.0,121.0,100.0,0.59,A Tiempo,Mañana,False
2025-11-26 13:32:51.022536,Ruta 5 - Oeste,175,10.0,8,60,2025-11-26 13:30:00,2025-11-26 13:35:56.374398846,25.57959536648408,Wednesday,2.0,123.0,100.0,5.94,Retraso Grave,Tarde,False
2025-11-26 16:02:51.022536,Ruta 2 - Norte,175,10.0,8,40,2025-11-26 16:00:00,2025-11-26 16:00:55.213476690,23.585152915562325,Wednesday,2.0,125.0,100.0,0.92,A Tiempo,Tarde,False
2025-11-26 21:42:51.022536,Ruta 1 - Centro,175,5.0,6,60,2025-11-26 21:30:00,2025-11-26 21:30:37.409962980,26.939646960084783,Wednesday,-1.0,124.0,100.0,0.62,A Tiempo,Noche,False
2025-11-09 16:32:51.022536,Ruta 4 - Este,176,8.0,5,60,2025-11-09 16:30:00,2025-11-09 16:30:29.740443042,22.76942067217731,Sunday,3.0,3.0,5.0,0.5,A Tiempo,Tarde,False
2025-11-10 05:22:51.022536,Ruta 1 - Centro,176,5.0,11,60,2025-11-10 05:15:00,2025-11-10 05:15:45.091102812,27.26348587632961,Monday,-6.0,0.0,0.0,0.75,A Tiempo,Madrugada,False
2025-11-10 17:12:51.022536,Ruta 6 - Express,176,7.0,4,60,2025-11-10 17:00:00,2025-11-10 17:01:34.402403214,22.064594229479823,Monday,3.0,0.0,0.0,1.57,A Tiempo,Tarde,True
2025-11-11 05:57:51.022536,Ruta 6 - Express,176,9.0,7,40,2025-11-11 05:45:00,2025-11-11 05:47:43.583770272,23.447882184971597,Tuesday,2.0,2.0,5.0,2.73,Retraso Leve,Madrugada,False
2025-11-11 08:02:51.022536,Ruta 1 - Centro,176,8.0,6,60,2025-11-11 08:00:00,2025-11-11 08:02:45.419151252,27.456224392950627,Tuesday,2.0,4.0,6.67,2.76,Retraso Leve,Mañana,True
2025-11-11 08:52:51.022536,Ruta 5 - Oeste,176,3.0,5,50,2025-11-11 08:45:00,2025-11-11 08:47:48.336752448,27.36826034882325,Tuesday,-2.0,2.0,4.0,2.81,Retraso Leve,Mañana,True
2025-11-11 12:47:51.022536,Ruta 5 - Oeste,176,9.0,5,40,2025-11-11 12:45:00,2025-11-11 12:45:25.067209608,27.365786116579677,Tuesday,4.0,6.0,15.0,0.42,A Tiempo,Mañana,False
2025-11-11 13:22:51.022536,Ruta 2 - Norte,176,11.0,9,40,2025-11-11 13:15:00,2025-11-11 13:22:09.879417792,24.426022914994896,Tuesday,2.0,8.0,20.0,7.16,Retraso Grave,Tarde,False
2025-11-12 09:57:51.022536,Ruta 5 - Oeste,176,4.0,2,60,2025-11-12 09:45:00,2025-11-12 09:53:49.284286590,22.823651285812627,Wednesday,2.0,10.0,16.67,8.82,Retraso Grave,Mañana,True
2025-11-13 01:42:51.022536,Ruta 3 - Sur,176,9.0,3,40,2025-11-13 01:30:00,2025-11-13 01:32:46.202410320,31.567011400499865,Thursday,6.0,16.0,40.0,2.77,Retraso Leve,Madrugada,False
2025-11-13 06:57:51.022536,Ruta 2 - Norte,176,10.0,7,50,2025-11-13 06:45:00,2025-11-13 06:48:34.244176049,30.716755546195685,Thursday,3.0,19.0,38.0,3.57,Retraso Leve,Madrugada,False
2025-11-13 10:47:51.022536,Ruta 4 - Este,176,9.0,6,60,2025-11-13 10:45:00,2025-11-13 10:51:35.545076358,24.370047664772013,Thursday,3.0,22.0,36.67,6.59,Retraso Grave,Mañana,False
2025-11-13 15:32:51.022536,Ruta 6 - Express,176,6.0,4,50,2025-11-13 15:30:00,2025-11-13 15:33:05.480035974,24.69357681709519,Thursday,2.0,24.0,48.0,3.09,Retraso Leve,Tarde,False
2025-11-13 22:32:51.022536,Ruta 4 - Este,176,5.0,5,50,2025-11-13 22:30:00,2025-11-13 22:31:16.539870072,25.01399716424706,Thursday,0.0,24.0,48.0,1.28,A Tiempo,Noche,False
2025-11-14 15:07:51.022536,Ruta 2 - Norte,176,6.0,5,60,2025-11-14 15:00:00,2025-11-14 15:00:34.043441208,27.21586547007542,Friday,1.0,25.0,41.67,0.57,A Tiempo,Tarde,False
2025-11-15 12:37:51.022536,Ruta 5 - Oeste,176,6.0,4,60,2025-11-15 12:30:00,2025-11-15 12:35:15.801273114,24.311437286005024,Saturday,2.0,27.0,45.0,5.26,Retraso Grave,Mañana,False
2025-11-15 13:57:51.022536,Ruta 5 - Oeste,176,15.0,12,40,2025-11-15 13:45:00,2025-11-15 13:45:19.445662806,25.45539159013641,Saturday,3.0,30.0,75.0,0.32,A Tiempo,Tarde,False
2025-11-15 14:22:51.022536,Ruta 4 - Este,176,9.0,8,40,2025-11-15 14:15:00,2025-11-15 14:15:24.002899032,31.041188603803263,Saturday,1.0,31.0,77.5,0.4,A Tiempo,Tarde,False
2025-11-15 20:37:51.022536,Ruta 6 - Express,176,15.0,4,60,2025-11-15 20:30:00,2025-11-15 20:31:01.152507594,28.2843333485633,Saturday,11.0,42.0,70.0,1.02,A Tiempo,Noche,False
2025-11-15 23:47:51.022536,Ruta 2 - Norte,176,11.0,5,50,2025-11-15 23:45:00,2025-11-15 23:46:05.920890318,30.51358236176125,Saturday,6.0,48.0,96.0,1.1,A Tiempo,Noche,False
2025-11-16 01:57:51.022536,Ruta 4 - Este,176,8.0,8,60,2025-11-16 01:45:00,2025-11-16 01:48:32.358646572,21.26483822714454,Sunday,0.0,48.0,80.0,3.54,Retraso Leve,Madrugada,False
2025-11-16 04:32:51.022536,Ruta 5 - Oeste,176,8.0,7,60,2025-11-16 04:30:00,2025-11-16 04:30:34.549048932,31.05934081262645,Sunday,1.0,49.0,81.67,0.58,A Tiempo,Madrugada,False
2025-11-16 19:47:51.022536,Ruta 2 - Norte,176,4.0,6,60,2025-11-16 19:45:00,2025-11-16 19:46:30.625320324,27.05225966705487,Sunday,-2.0,47.0,78.33,1.51,A Tiempo,Noche,True
2025-11-17 04:12:51.022536,Ruta 5 - Oeste,176,9.0,7,40,2025-11-17 04:00:00,2025-11-17 04:06:53.729690430,21.800515923255773,Monday,2.0,49.0,100.0,6.9,Retraso Grave,Madrugada,False
2025-11-17 12:57:51.022536,Ruta 2 - Norte,176,17.0,7,50,2025-11-17 12:45:00,2025-11-17 12:51:59.210061048,28.94324600350657,Monday,10.0,59.0,100.0,6.99,Retraso Grave,Mañana,False
2025-11-18 01:02:51.022536,Ruta 5 - Oeste,176,6.0,5,50,2025-11-18 01:00:00,2025-11-18 01:02:22.241509722,19.380143948878672,Tuesday,1.0,60.0,100.0,2.37,Retraso Leve,Madrugada,False
2025-11-18 12:42:51.022536,Ruta 5 - Oeste,176,8.0,4,60,2025-11-18 12:30:00,2025-11-18 12:30:01.595192736,32.41708249662475,Tuesday,4.0,64.0,100.0,0.03,A Tiempo,Mañana,False
2025-11-18 20:57:51.022536,Ruta 5 - Oeste,176,6.0,7,60,2025-11-18 20:45:00,2025-11-18 20:49:43.424187942,18.76174543535405,Tuesday,-1.0,63.0,100.0,4.72,Retraso Leve,Noche,False
2025-11-18 22:42:51.022536,Ruta 2 - Norte,176,9.0,5,60,2025-11-18 22:30:00,2025-11-18 22:33:17.066185914,30.600799526530075,Tuesday,4.0,67.0,100.0,3.28,Retraso Leve,Noche,False
2025-11-19 17:07:51.022536,Ruta 6 - Express,176,7.0,2,50,2025-11-19 17:00:00,2025-11-19 17:00:17.715372714,18.51207555726887,Wednesday,5.0,72.0,100.0,0.3,A Tiempo,Tarde,True
2025-11-19 18:52:51.022536,Ruta 5 - Oeste,176,8.0,8,40,2025-11-19 18:45:00,2025-11-19 18:45:03.331038594,23.20333121602976,Wednesday,0.0,72.0,100.0,0.06,A Tiempo,Tarde,True
2025-11-19 20:57:51.022536,Ruta 4 - Este,176,9.0,6,50,2025-11-19 20:45:00,2025-11-19 20:46:37.512577662,24.656229946511854,Wednesday,3.0,75.0,100.0,1.63,A Tiempo,Noche,False
2025-11-19 23:07:51.022536,Ruta 2 - Norte,176,10.0,11,50,2025-11-19 23:00:00,2025-11-19 23:01:15.234341640,27.422295721046492,Wednesday,-1.0,74.0,100.0,1.25,A Tiempo,Noche,False
2025-11-20 07:12:51.022536,Ruta 5 - Oeste,176,7.0,5,50,2025-11-20 07:00:00,2025-11-20 07:03:59.724795588,19.60505347118918,Thursday,2.0,76.0,100.0,4.0,Retraso Leve,Mañana,True
2025-11-20 10:02:51.022536,Ruta 1 - Centro,176,9.0,9,50,2025-11-20 10:00:00,2025-11-20 10:00:39.102065946,13.28193309369853,Thursday,0.0,76.0,100.0,0.65,A Tiempo,Mañana,False
2025-11-20 12:02:51.022536,Ruta 2 - Norte,176,6.0,8,50,2025-11-20 12:00:00,2025-11-20 12:05:39.209641692,31.17119272685364,Thursday,-2.0,74.0,100.0,5.65,Retraso Grave,Mañana,False
2025-11-20 19:07:51.022536,Ruta 5 - Oeste,176,7.0,6,60,2025-11-20 19:00:00,2025-11-20 19:05:41.402096952,31.408602468998303,Thursday,1.0,75.0,100.0,5.69,Retraso Grave,Noche,True
2025-11-21 11:02:51.022536,Ruta 5 - Oeste,176,10.0,7,60,2025-11-21 11:00:00,2025-11-21 11:00:49.687114776,25.262706233281964,Friday,3.0,78.0,100.0,0.83,A Tiempo,Mañana,False
2025-11-21 12:32:51.022536,Ruta 6 - Express,176,16.0,5,50,2025-11-21 12:30:00,2025-11-21 12:32:29.460757728,21.7296614553426,Friday,11.0,89.0,100.0,2.49,Retraso Leve,Mañana,False
2025-11-21 13:32:51.022536,Ruta 4 - Este,176,12.0,5,40,2025-11-21 13:30:00,2025-11-21 13:31:41.988359292,24.24283697022564,Friday,7.0,96.0,100.0,1.7,A Tiempo,Tarde,False
2025-11-22 11:27:51.022536,Ruta 5 - Oeste,176,8.0,9,40,2025-11-22 11:15:00,2025-11-22 11:15:02.645823300,26.011660562688267,Saturday,-1.0,95.0,100.0,0.04,A Tiempo,Mañana,False
2025-11-22 16:27:51.022536,Ruta 3 - Sur,176,6.0,3,50,2025-11-22 16:15:00,2025-11-22 16:16:59.071152678,20.26482876196589,Saturday,3.0,98.0,100.0,1.98,A Tiempo,Tarde,False
2025-11-22 20:47:51.022536,Ruta 4 - Este,176,3.0,3,60,2025-11-22 20:45:00,2025-11-22 20:45:01.955786544,27.76568855846185,Saturday,0.0,98.0,100.0,0.03,A Tiempo,Noche,False
2025-11-23 06:22:51.022536,Ruta 6 - Express,176,10.0,7,60,2025-11-23 06:15:00,2025-11-23 06:19:56.879466936,16.925475364845823,Sunday,3.0,101.0,100.0,4.95,Retraso Leve,Madrugada,False
2025-11-23 10:32:51.022536,Ruta 3 - Sur,176,10.0,7,40,2025-11-23 10:30:00,2025-11-23 10:30:07.256578326,20.32421674324328,Sunday,3.0,104.0,100.0,0.12,A Tiempo,Mañana,False
2025-11-23 18:37:51.022536,Ruta 5 - Oeste,176,11.0,2,40,2025-11-23 18:30:00,2025-11-23 18:31:49.161570606,25.01101110555345,Sunday,9.0,113.0,100.0,1.82,A Tiempo,Tarde,True
2025-11-24 01:02:51.022536,Ruta 1 - Centro,176,3.0,6,40,2025-11-24 01:00:00,2025-11-24 01:02:57.598148820,18.657605539919743,Monday,-3.0,110.0,100.0,2.96,Retraso Leve,Madrugada,False
2025-11-24 11:22:51.022536,Ruta 3 - Sur,176,9.0,7,40,2025-11-24 11:15:00,2025-11-24 11:22:50.324581518,29.878956872707988,Monday,2.0,112.0,100.0,7.84,Retraso Grave,Mañana,False
2025-11-24 12:47:51.022536,Ruta 2 - Norte,176,7.0,4,40,2025-11-24 12:45:00,2025-11-24 12:46:15.177672822,29.196770289139604,Monday,3.0,115.0,100.0,1.25,A Tiempo,Mañana,False
2025-11-24 13:42:51.022536,Ruta 5 - Oeste,176,10.0,3,60,2025-11-24 13:30:00,2025-11-24 13:30:56.894838822,30.799115934494907,Monday,7.0,122.0,100.0,0.95,A Tiempo,Tarde,False
2025-11-24 17:27:51.022536,Ruta 1 - Centro,176,7.0,10,50,2025-11-24 17:15:00,2025-11-24 17:15:47.947222746,26.460221739455204,Monday,-3.0,119.0,100.0,0.8,A Tiempo,Tarde,True
2025-11-26 02:17:51.022536,Ruta 4 - Este,176,4.0,9,40,2025-11-26 02:15:00,2025-11-26 02:19:17.163590406,23.548683190627443,Wednesday,-5.0,114.0,100.0,4.29,Retraso Leve,Madrugada,False
2025-11-26 05:22:51.022536,Ruta 6 - Express,176,8.0,5,60,2025-11-26 05:15:00,2025-11-26 05:15:24.702149880,26.78961032130977,Wednesday,3.0,117.0,100.0,0.41,A Tiempo,Madrugada,False
2025-11-26 07:17:51.022536,Ruta 4 - Este,176,4.0,2,50,2025-11-26 07:15:00,2025-11-26 07:18:18.971404734,35.645235292537976,Wednesday,2.0,119.0,100.0,3.32,Retraso Leve,Mañana,True
2025-11-26 09:37:51.022536,Ruta 5 - Oeste,176,5.0,8,40,2025-11-26 09:30:00,2025-11-26 09:30:49.513248474,26.58589831332661,Wednesday,-3.0,116.0,100.0,0.83,A Tiempo,Mañana,True
2025-11-09 17:27:51.022536,Ruta 1 - Centro,177,5.0,6,60,2025-11-09 17:15:00,2025-11-09 17:18:58.665834138,18.66698279381508,Sunday,-1.0,0.0,0.0,3.98,Retraso Leve,Tarde,True
2025-11-10 08:32:51.022536,Ruta 1 - Centro,177,2.0,7,50,2025-11-10 08:30:00,2025-11-10 08:30:13.935569298,28.1802645685264,Monday,-5.0,0.0,0.0,0.23,A Tiempo,Mañana,True
2025-11-11 10:37:51.022536,Ruta 1 - Centro,177,9.0,9,40,2025-11-11 10:30:00,2025-11-11 10:30:34.880480400,26.161425372757385,Tuesday,0.0,0.0,0.0,0.58,A Tiempo,Mañana,False
2025-11-11 18:32:51.022536,Ruta 4 - Este,177,13.0,6,40,2025-11-11 18:30:00,2025-11-11 18:32:45.101916006,35.20385923212431,Tuesday,7.0,1.0,2.5,2.75,Retraso Leve,Tarde,True
2025-11-12 13:37:51.022536,Ruta 5 - Oeste,177,6.0,11,60,2025-11-12 13:30:00,2025-11-12 13:31:44.975818962,24.60873335429574,Wednesday,-5.0,0.0,0.0,1.75,A Tiempo,Tarde,False
2025-11-12 16:32:51.022536,Ruta 5 - Oeste,177,8.0,4,60,2025-11-12 16:30:00,2025-11-12 16:31:27.348327084,20.11636219757227,Wednesday,4.0,0.0,0.0,1.46,A Tiempo,Tarde,False
2025-11-13 03:37:51.022536,Ruta 6 - Express,177,8.0,6,50,2025-11-13 03:30:00,2025-11-13 03:31:31.434856788,27.00738256952605,Thursday,2.0,2.0,4.0,1.52,A Tiempo,Madrugada,False
2025-11-13 04:02:51.022536,Ruta 3 - Sur,177,12.0,3,40,2025-11-13 04:00:00,2025-11-13 04:00:16.381255458,23.23255087437175,Thursday,9.0,11.0,27.5,0.27,A Tiempo,Madrugada,False
2025-11-14 01:42:51.022536,Ruta 4 - Este,177,4.0,4,50,2025-11-14 01:30:00,2025-11-14 01:31:21.307686606,27.21058131839238,Friday,0.0,11.0,22.0,1.36,A Tiempo,Madrugada,False
2025-11-14 02:32:51.022536,Ruta 5 - Oeste,177,16.0,6,50,2025-11-14 02:30:00,2025-11-14 02:30:11.741241954,25.72599759640216,Friday,10.0,21.0,42.0,0.2,A Tiempo,Madrugada,False
2025-11-14 03:37:51.022536,Ruta 2 - Norte,177,4.0,4,50,2025-11-14 03:30:00,2025-11-14 03:34:33.258696660,27.24483537194887,Friday,0.0,21.0,42.0,4.55,Retraso Leve,Madrugada,False
2025-11-14 05:22:51.022536,Ruta 2 - Norte,177,12.0,5,40,2025-11-14 05:15:00,2025-11-14 05:29:33.512435616,29.44639096618642,Friday,7.0,28.0,70.0,14.56,Retraso Grave,Madrugada,False
2025-11-14 05:32:51.022536,Ruta 1 - Centro,177,8.0,6,60,2025-11-14 05:30:00,2025-11-14 05:32:03.518646738,24.40768737455252,Friday,2.0,30.0,50.0,2.06,Retraso Leve,Madrugada,False
2025-11-14 07:17:51.022536,Ruta 4 - Este,177,5.0,3,50,2025-11-14 07:15:00,2025-11-14 07:15:08.853219642,25.63152453147352,Friday,2.0,32.0,64.0,0.15,A Tiempo,Mañana,True
2025-11-14 16:07:51.022536,Ruta 3 - Sur,177,8.0,4,40,2025-11-14 16:00:00,2025-11-14 16:00:42.982723902,25.53965943433409,Friday,4.0,36.0,90.0,0.72,A Tiempo,Tarde,False
2025-11-14 21:12:51.022536,Ruta 3 - Sur,177,6.0,5,50,2025-11-14 21:00:00,2025-11-14 21:00:12.228746550,25.27334061244248,Friday,1.0,37.0,74.0,0.2,A Tiempo,Noche,False
2025-11-15 02:02:51.022536,Ruta 4 - Este,177,8.0,5,40,2025-11-15 02:00:00,2025-11-15 02:07:15.862978020,23.28151215662576,Saturday,3.0,40.0,100.0,7.26,Retraso Grave,Madrugada,False
2025-11-15 14:17:51.022536,Ruta 5 - Oeste,177,11.0,2,50,2025-11-15 14:15:00,2025-11-15 14:15:42.070563516,30.08483363040357,Saturday,9.0,49.0,98.0,0.7,A Tiempo,Tarde,False
2025-11-15 16:07:51.022536,Ruta 1 - Centro,177,10.0,8,60,2025-11-15 16:00:00,2025-11-15 16:02:22.197045138,18.455224941296503,Saturday,2.0,51.0,85.0,2.37,Retraso Leve,Tarde,False
2025-11-15 17:12:51.022536,Ruta 4 - Este,177,9.0,8,60,2025-11-15 17:00:00,2025-11-15 17:06:44.336624592,39.05500653060324,Saturday,1.0,52.0,86.67,6.74,Retraso Grave,Tarde,True
2025-11-16 14:57:51.022536,Ruta 4 - Este,177,5.0,5,40,2025-11-16 14:45:00,2025-11-16 14:45:46.190091432,27.841976185997623,Sunday,0.0,52.0,100.0,0.77,A Tiempo,Tarde,False
2025-11-16 21:57:51.022536,Ruta 4 - Este,177,9.0,7,50,2025-11-16 21:45:00,2025-11-16 21:48:31.425176718,30.183196461978447,Sunday,2.0,54.0,100.0,3.52,Retraso Leve,Noche,False
2025-11-17 03:07:51.022536,Ruta 3 - Sur,177,14.0,4,50,2025-11-17 03:00:00,2025-11-17 03:03:51.682199088,22.15088660125228,Monday,10.0,64.0,100.0,3.86,Retraso Leve,Madrugada,False
2025-11-17 05:12:51.022536,Ruta 4 - Este,177,11.0,8,40,2025-11-17 05:00:00,2025-11-17 05:00:46.200213690,17.196048221916328,Monday,3.0,67.0,100.0,0.77,A Tiempo,Madrugada,False
2025-11-17 06:32:51.022536,Ruta 1 - Centro,177,9.0,3,40,2025-11-17 06:30:00,2025-11-17 06:30:11.597027556,27.200099182596936,Monday,6.0,73.0,100.0,0.19,A Tiempo,Madrugada,False
2025-11-17 15:17:51.022536,Ruta 3 - Sur,177,4.0,13,60,2025-11-17 15:15:00,2025-11-17 15:15:11.551098078,24.35972455331219,Monday,-9.0,64.0,100.0,0.19,A Tiempo,Tarde,False
2025-11-17 22:47:51.022536,Ruta 3 - Sur,177,7.0,1,40,2025-11-17 22:45:00,2025-11-17 22:46:24.882403434,22.516755526788568,Monday,6.0,70.0,100.0,1.41,A Tiempo,Noche,False
2025-11-17 22:52:51.022536,Ruta 2 - Norte,177,7.0,6,40,2025-11-17 22:45:00,2025-11-17 22:48:55.968899844,27.23299767891841,Monday,1.0,71.0,100.0,3.93,Retraso Leve,Noche,False
2025-11-18 02:52:51.022536,Ruta 6 - Express,177,9.0,3,40,2025-11-18 02:45:00,2025-11-18 02:45:25.652568042,23.368584859614693,Tuesday,6.0,77.0,100.0,0.43,A Tiempo,Madrugada,False
2025-11-18 17:47:51.022536,Ruta 3 - Sur,177,13.0,5,50,2025-11-18 17:45:00,2025-11-18 17:51:53.883117786,26.47028150226001,Tuesday,8.0,85.0,100.0,6.9,Retraso Grave,Tarde,True
2025-11-18 18:07:51.022536,Ruta 4 - Este,177,7.0,3,60,2025-11-18 18:00:00,2025-11-18 18:02:52.612177962,31.551883841154226,Tuesday,4.0,89.0,100.0,2.88,Retraso Leve,Tarde,True
2025-11-18 19:52:51.022536,Ruta 5 - Oeste,177,7.0,6,50,2025-11-18 19:45:00,2025-11-18 19:45:56.867428638,25.42284207832909,Tuesday,1.0,90.0,100.0,0.95,A Tiempo,Noche,True
2025-11-18 22:12:51.022536,Ruta 1 - Centro,177,8.0,5,60,2025-11-18 22:00:00,2025-11-18 22:00:08.101152186,21.37015255205054,Tuesday,3.0,93.0,100.0,0.14,A Tiempo,Noche,False
2025-11-19 23:17:51.022536,Ruta 1 - Centro,177,7.0,3,40,2025-11-19 23:15:00,2025-11-19 23:17:38.103584118,24.523464093057296,Wednesday,4.0,97.0,100.0,2.64,Retraso Leve,Noche,False
2025-11-20 02:47:51.022536,Ruta 4 - Este,177,5.0,2,60,2025-11-20 02:45:00,2025-11-20 02:46:23.279712330,26.98847718075895,Thursday,3.0,100.0,100.0,1.39,A Tiempo,Madrugada,False
2025-11-20 10:27:51.022536,Ruta 6 - Express,177,8.0,3,40,2025-11-20 10:15:00,2025-11-20 10:16:34.882985100,34.01144116272066,Thursday,5.0,105.0,100.0,1.58,A Tiempo,Mañana,False
2025-11-20 12:57:51.022536,Ruta 5 - Oeste,177,5.0,9,60,2025-11-20 12:45:00,2025-11-20 12:45:25.968610776,26.321427708216195,Thursday,-4.0,101.0,100.0,0.43,A Tiempo,Mañana,False
2025-11-20 14:52:51.022536,Ruta 1 - Centro,177,6.0,6,50,2025-11-20 14:45:00,2025-11-20 14:49:57.175538844,20.854587508265595,Thursday,0.0,101.0,100.0,4.95,Retraso Leve,Tarde,False
2025-11-21 05:12:51.022536,Ruta 6 - Express,177,5.0,8,40,2025-11-21 05:00:00,2025-11-21 05:00:31.628912718,27.0130820392637,Friday,-3.0,98.0,100.0,0.53,A Tiempo,Madrugada,False
2025-11-21 08:32:51.022536,Ruta 6 - Express,177,10.0,7,50,2025-11-21 08:30:00,2025-11-21 08:33:13.019658288,24.611445716593508,Friday,3.0,101.0,100.0,3.22,Retraso Leve,Mañana,True
2025-11-21 12:47:51.022536,Ruta 1 - Centro,177,11.0,5,50,2025-11-21 12:45:00,2025-11-21 12:45:35.012972280,33.45978447353483,Friday,6.0,107.0,100.0,0.58,A Tiempo,Mañana,False
2025-11-23 00:42:51.022536,Ruta 4 - Este,177,9.0,2,60,2025-11-23 00:30:00,2025-11-23 00:30:17.778539892,25.66732456025666,Sunday,7.0,114.0,100.0,0.3,A Tiempo,Madrugada,False
2025-11-23 04:12:51.022536,Ruta 3 - Sur,177,11.0,9,60,2025-11-23 04:00:00,2025-11-23 04:01:17.898776316,26.689568992961032,Sunday,2.0,116.0,100.0,1.3,A Tiempo,Madrugada,False
2025-11-23 06:32:51.022536,Ruta 4 - Este,177,16.0,4,40,2025-11-23 06:30:00,2025-11-23 06:32:30.336069011,29.57269696311132,Sunday,12.0,128.0,100.0,2.51,Retraso Leve,Madrugada,False
2025-11-23 20:37:51.022536,Ruta 6 - Express,177,4.0,7,50,2025-11-23 20:30:00,2025-11-23 20:32:36.004880532,27.069379035940837,Sunday,-3.0,125.0,100.0,2.6,Retraso Leve,Noche,False
2025-11-24 04:02:51.022536,Ruta 2 - Norte,177,12.0,7,60,2025-11-24 04:00:00,2025-11-24 04:00:32.156654951,25.69407511828194,Monday,5.0,130.0,100.0,0.54,A Tiempo,Madrugada,False
2025-11-25 05:57:51.022536,Ruta 1 - Centro,177,10.0,6,50,2025-11-25 05:45:00,2025-11-25 05:46:44.294359368,25.27009532750256,Tuesday,4.0,134.0,100.0,1.74,A Tiempo,Madrugada,False
2025-11-25 07:47:51.022536,Ruta 4 - Este,177,12.0,3,60,2025-11-25 07:45:00,2025-11-25 07:45:46.137411348,15.761672152295732,Tuesday,9.0,143.0,100.0,0.77,A Tiempo,Mañana,True
2025-11-25 09:02:51.022536,Ruta 1 - Centro,177,11.0,4,40,2025-11-25 09:00:00,2025-11-25 09:01:33.989141682,30.49338567862372,Tuesday,7.0,150.0,100.0,1.57,A Tiempo,Mañana,True
2025-11-25 13:17:51.022536,Ruta 1 - Centro,177,11.0,8,40,2025-11-25 13:15:00,2025-11-25 13:15:14.776924302,19.701700140920536,Tuesday,3.0,153.0,100.0,0.25,A Tiempo,Tarde,False
2025-11-25 15:37:51.022536,Ruta 2 - Norte,177,7.0,7,50,2025-11-25 15:30:00,2025-11-25 15:32:03.412856238,26.078616916489626,Tuesday,0.0,153.0,100.0,2.06,Retraso Leve,Tarde,False
2025-11-25 18:02:51.022536,Ruta 2 - Norte,177,5.0,3,40,2025-11-25 18:00:00,2025-11-25 18:00:29.102187954,22.872145067508026,Tuesday,2.0,155.0,100.0,0.49,A Tiempo,Tarde,True
2025-11-25 19:07:51.022536,Ruta 3 - Sur,177,6.0,7,40,2025-11-25 19:00:00,2025-11-25 19:01:17.767650546,33.12594514742488,Tuesday,-1.0,154.0,100.0,1.3,A Tiempo,Noche,True
2025-11-26 04:42:51.022536,Ruta 3 - Sur,177,8.0,7,60,2025-11-26 04:30:00,2025-11-26 04:33:30.705748578,13.957585185691253,Wednesday,1.0,155.0,100.0,3.51,Retraso Leve,Madrugada,False
2025-11-26 17:32:51.022536,Ruta 4 - Este,177,4.0,7,50,2025-11-26 17:30:00,2025-11-26 17:33:30.782021484,21.244606924651144,Wednesday,-3.0,152.0,100.0,3.51,Retraso Leve,Tarde,True
2025-11-09 15:57:51.022536,Ruta 5 - Oeste,178,8.0,8,60,2025-11-09 15:45:00,2025-11-09 15:48:41.013352254,22.576422848115914,Sunday,0.0,0.0,0.0,3.68,Retraso Leve,Tarde,False
2025-11-09 16:42:51.022536,Ruta 6 - Express,178,9.0,3,50,2025-11-09 16:30:00,2025-11-09 16:31:07.613697054,19.978554956483816,Sunday,6.0,6.0,12.0,1.13,A Tiempo,Tarde,False
2025-11-09 19:12:51.022536,Ruta 5 - Oeste,178,9.0,2,60,2025-11-09 19:00:00,2025-11-09 19:00:10.312443642,18.443476714840205,Sunday,7.0,13.0,21.67,0.17,A Tiempo,Noche,True
2025-11-09 23:57:51.022536,Ruta 5 - Oeste,178,6.0,5,40,2025-11-09 23:45:00,2025-11-09 23:49:25.021756608,23.41335004268758,Sunday,1.0,14.0,35.0,4.42,Retraso Leve,Noche,False
2025-11-10 02:37:51.022536,Ruta 5 - Oeste,178,8.0,10,40,2025-11-10 02:30:00,2025-11-10 02:31:21.292091838,25.220406079543974,Monday,-2.0,12.0,30.0,1.35,A Tiempo,Madrugada,False
2025-11-10 02:42:51.022536,Ruta 6 - Express,178,13.0,6,60,2025-11-10 02:30:00,2025-11-10 02:33:11.739079914,32.12820241257095,Monday,7.0,19.0,31.67,3.2,Retraso Leve,Madrugada,False
2025-11-10 04:22:51.022536,Ruta 3 - Sur,178,6.0,4,60,2025-11-10 04:15:00,2025-11-10 04:19:03.035554110,21.801915019289105,Monday,2.0,21.0,35.0,4.05,Retraso Leve,Madrugada,False
2025-11-10 09:07:51.022536,Ruta 2 - Norte,178,10.0,4,50,2025-11-10 09:00:00,2025-11-10 09:02:26.673250506,27.842447762880983,Monday,6.0,27.0,54.0,2.44,Retraso Leve,Mañana,True
2025-11-10 16:12:51.022536,Ruta 1 - Centro,178,9.0,3,50,2025-11-10 16:00:00,2025-11-10 16:00:06.825084426,37.007880677807,Monday,6.0,33.0,66.0,0.11,A Tiempo,Tarde,False
2025-11-10 20:52:51.022536,Ruta 1 - Centro,178,7.0,2,50,2025-11-10 20:45:00,2025-11-10 20:47:11.695884468,25.52100769741037,Monday,5.0,38.0,76.0,2.19,Retraso Leve,Noche,False
2025-11-11 04:52:51.022536,Ruta 2 - Norte,178,13.0,5,40,2025-11-11 04:45:00,2025-11-11 04:45:12.804067584,23.97571211382111,Tuesday,8.0,46.0,100.0,0.21,A Tiempo,Madrugada,False
2025-11-12 06:02:51.022536,Ruta 1 - Centro,178,10.0,7,60,2025-11-12 06:00:00,2025-11-12 06:02:51.928950144,24.429843429748757,Wednesday,3.0,49.0,81.67,2.87,Retraso Leve,Madrugada,False
2025-11-12 12:17:51.022536,Ruta 2 - Norte,178,11.0,7,50,2025-11-12 12:15:00,2025-11-12 12:16:28.485721230,24.79858539121916,Wednesday,4.0,53.0,100.0,1.47,A Tiempo,Mañana,False
2025-11-12 19:07:51.022536,Ruta 5 - Oeste,178,8.0,7,40,2025-11-12 19:00:00,2025-11-12 19:00:17.327492262,22.233373086879123,Wednesday,1.0,54.0,100.0,0.29,A Tiempo,Noche,True
2025-11-13 07:32:51.022536,Ruta 5 - Oeste,178,8.0,5,40,2025-11-13 07:30:00,2025-11-13 07:30:47.088867648,22.238371274927147,Thursday,3.0,57.0,100.0,0.78,A Tiempo,Mañana,True
2025-11-13 13:57:51.022536,Ruta 6 - Express,178,11.0,2,60,2025-11-13 13:45:00,2025-11-13 13:45:31.215233742,17.391700748615907,Thursday,9.0,66.0,100.0,0.52,A Tiempo,Tarde,False
2025-11-14 07:22:51.022536,Ruta 4 - Este,178,12.0,8,40,2025-11-14 07:15:00,2025-11-14 07:15:03.153002070,22.90810902979313,Friday,4.0,70.0,100.0,0.05,A Tiempo,Mañana,True
2025-11-14 15:52:51.022536,Ruta 2 - Norte,178,6.0,11,40,2025-11-14 15:45:00,2025-11-14 15:46:08.907715662,31.431198394240504,Friday,-5.0,65.0,100.0,1.15,A Tiempo,Tarde,False
2025-11-14 22:02:51.022536,Ruta 3 - Sur,178,9.0,5,40,2025-11-14 22:00:00,2025-11-14 22:01:37.571068008,27.116323279244625,Friday,4.0,69.0,100.0,1.63,A Tiempo,Noche,False
2025-11-15 12:12:51.022536,Ruta 3 - Sur,178,8.0,7,40,2025-11-15 12:00:00,2025-11-15 12:01:27.538553682,34.374992664489994,Saturday,1.0,70.0,100.0,1.46,A Tiempo,Mañana,False
2025-11-16 02:12:51.022536,Ruta 1 - Centro,178,1.0,2,50,2025-11-16 02:00:00,2025-11-16 02:00:21.046510506,29.895930163868403,Sunday,-1.0,69.0,100.0,0.35,A Tiempo,Madrugada,False
2025-11-16 11:57:51.022536,Ruta 4 - Este,178,5.0,6,50,2025-11-16 11:45:00,2025-11-16 11:45:08.486331870,28.906453186798032,Sunday,-1.0,68.0,100.0,0.14,A Tiempo,Mañana,False
2025-11-17 03:12:51.022536,Ruta 6 - Express,178,5.0,6,60,2025-11-17 03:00:00,2025-11-17 03:01:57.162629238,25.11196092369393,Monday,-1.0,67.0,100.0,1.95,A Tiempo,Madrugada,False
2025-11-17 03:17:51.022536,Ruta 4 - Este,178,4.0,6,50,2025-11-17 03:15:00,2025-11-17 03:17:39.384401772,26.18644611341997,Monday,-2.0,65.0,100.0,2.66,Retraso Leve,Madrugada,False
2025-11-17 03:52:51.022536,Ruta 6 - Express,178,7.0,5,60,2025-11-17 03:45:00,2025-11-17 03:45:59.792805450,31.544554338103897,Monday,2.0,67.0,100.0,1.0,A Tiempo,Madrugada,False
2025-11-17 05:07:51.022536,Ruta 2 - Norte,178,11.0,8,40,2025-11-17 05:00:00,2025-11-17 05:02:39.999657396,32.452707864315016,Monday,3.0,70.0,100.0,2.67,Retraso Leve,Madrugada,False
2025-11-17 13:27:51.022536,Ruta 2 - Norte,178,10.0,8,50,2025-11-17 13:15:00,2025-11-17 13:15:06.904697460,20.760417895035346,Monday,2.0,72.0,100.0,0.12,A Tiempo,Tarde,False
2025-11-17 19:02:51.022536,Ruta 2 - Norte,178,8.0,8,50,2025-11-17 19:00:00,2025-11-17 19:02:06.992726484,31.817020233135672,Monday,0.0,72.0,100.0,2.12,Retraso Leve,Noche,True
2025-11-17 22:27:51.022536,Ruta 6 - Express,178,13.0,4,50,2025-11-17 22:15:00,2025-11-17 22:16:26.951763528,33.88668769342479,Monday,9.0,81.0,100.0,1.45,A Tiempo,Noche,False
2025-11-18 01:12:51.022536,Ruta 4 - Este,178,5.0,3,60,2025-11-18 01:00:00,2025-11-18 01:00:01.615988688,28.26995584108419,Tuesday,2.0,83.0,100.0,0.03,A Tiempo,Madrugada,False
2025-11-18 01:37:51.022536,Ruta 1 - Centro,178,10.0,5,50,2025-11-18 01:30:00,2025-11-18 01:32:16.645131600,19.05149738815497,Tuesday,5.0,88.0,100.0,2.28,Retraso Leve,Madrugada,False
2025-11-18 03:12:51.022536,Ruta 4 - Este,178,9.0,11,40,2025-11-18 03:00:00,2025-11-18 03:02:26.186773134,18.325259880724666,Tuesday,-2.0,86.0,100.0,2.44,Retraso Leve,Madrugada,False
2025-11-18 12:47:51.022536,Ruta 6 - Express,178,5.0,5,40,2025-11-18 12:45:00,2025-11-18 12:46:27.220508532,23.695962845189985,Tuesday,0.0,86.0,100.0,1.45,A Tiempo,Mañana,False
2025-11-18 20:52:51.022536,Ruta 2 - Norte,178,9.0,5,50,2025-11-18 20:45:00,2025-11-18 20:48:56.927540034,26.59829755332632,Tuesday,4.0,90.0,100.0,3.95,Retraso Leve,Noche,False
2025-11-20 03:17:51.022536,Ruta 4 - Este,178,7.0,4,40,2025-11-20 03:15:00,2025-11-20 03:15:43.867691898,26.40349703061174,Thursday,3.0,93.0,100.0,0.73,A Tiempo,Madrugada,False
2025-11-20 09:17:51.022536,Ruta 1 - Centro,178,7.0,5,60,2025-11-20 09:15:00,2025-11-20 09:16:38.479044966,29.735329938097006,Thursday,2.0,95.0,100.0,1.64,A Tiempo,Mañana,True
2025-11-20 09:47:51.022536,Ruta 3 - Sur,178,8.0,6,60,2025-11-20 09:45:00,2025-11-20 09:45:24.485928894,22.06266569792716,Thursday,2.0,97.0,100.0,0.41,A Tiempo,Mañana,True
2025-11-21 00:07:51.022536,Ruta 2 - Norte,178,17.0,7,40,2025-11-21 00:00:00,2025-11-21 00:03:01.660270230,16.306728667423428,Friday,10.0,107.0,100.0,3.03,Retraso Leve,Madrugada,False
2025-11-21 05:57:51.022536,Ruta 6 - Express,178,15.0,9,60,2025-11-21 05:45:00,2025-11-21 05:46:53.720755014,19.21570303736364,Friday,6.0,113.0,100.0,1.9,A Tiempo,Madrugada,False
2025-11-21 07:12:51.022536,Ruta 4 - Este,178,5.0,3,60,2025-11-21 07:00:00,2025-11-21 07:00:03.020003640,25.08206030830388,Friday,2.0,115.0,100.0,0.05,A Tiempo,Mañana,True
2025-11-21 19:22:51.022536,Ruta 5 - Oeste,178,7.0,3,40,2025-11-21 19:15:00,2025-11-21 19:17:12.138722676,21.81501672649036,Friday,4.0,119.0,100.0,2.2,Retraso Leve,Noche,True
2025-11-21 20:42:51.022536,Ruta 5 - Oeste,178,8.0,5,40,2025-11-21 20:30:00,2025-11-21 20:30:37.250692560,19.464371342872187,Friday,3.0,122.0,100.0,0.62,A Tiempo,Noche,False
2025-11-22 17:32:51.022536,Ruta 5 - Oeste,178,7.0,8,40,2025-11-22 17:30:00,2025-11-22 17:30:59.615725842,15.263655300413102,Saturday,-1.0,121.0,100.0,0.99,A Tiempo,Tarde,True
2025-11-22 18:02:51.022536,Ruta 4 - Este,178,13.0,7,50,2025-11-22 18:00:00,2025-11-22 18:00:30.318878766,20.772089993047608,Saturday,6.0,127.0,100.0,0.51,A Tiempo,Tarde,True
2025-11-22 20:02:51.022536,Ruta 6 - Express,178,7.0,8,50,2025-11-22 20:00:00,2025-11-22 20:00:09.750140058,17.427298636503394,Saturday,-1.0,126.0,100.0,0.16,A Tiempo,Noche,False
2025-11-23 04:42:51.022536,Ruta 1 - Centro,178,8.0,11,50,2025-11-23 04:30:00,2025-11-23 04:32:23.393413806,18.25900639010881,Sunday,-3.0,123.0,100.0,2.39,Retraso Leve,Madrugada,False
2025-11-23 14:52:51.022536,Ruta 5 - Oeste,178,12.0,10,50,2025-11-23 14:45:00,2025-11-23 14:50:44.916816006,31.10947760277601,Sunday,2.0,125.0,100.0,5.75,Retraso Grave,Tarde,False
2025-11-23 17:47:51.022536,Ruta 1 - Centro,178,4.0,2,60,2025-11-23 17:45:00,2025-11-23 17:45:50.397560280,23.933328196923984,Sunday,2.0,127.0,100.0,0.84,A Tiempo,Tarde,True
2025-11-23 22:17:51.022536,Ruta 1 - Centro,178,9.0,8,60,2025-11-23 22:15:00,2025-11-23 22:15:20.337475458,23.99747264559592,Sunday,1.0,128.0,100.0,0.34,A Tiempo,Noche,False
2025-11-24 16:02:51.022536,Ruta 5 - Oeste,178,10.0,5,60,2025-11-24 16:00:00,2025-11-24 16:03:00.050768100,20.6660467006432,Monday,5.0,133.0,100.0,3.0,Retraso Leve,Tarde,False
2025-11-24 22:57:51.022536,Ruta 1 - Centro,178,6.0,4,50,2025-11-24 22:45:00,2025-11-24 22:45:16.063377455,17.330351175673577,Monday,2.0,135.0,100.0,0.27,A Tiempo,Noche,False
2025-11-25 03:12:51.022536,Ruta 1 - Centro,178,7.0,7,60,2025-11-25 03:00:00,2025-11-25 03:00:13.972786038,22.69984790815343,Tuesday,0.0,135.0,100.0,0.23,A Tiempo,Madrugada,False
2025-11-25 11:32:51.022536,Ruta 4 - Este,178,10.0,3,60,2025-11-25 11:30:00,2025-11-25 11:31:50.810995584,25.13280244707761,Tuesday,7.0,142.0,100.0,1.85,A Tiempo,Mañana,False
2025-11-25 18:22:51.022536,Ruta 6 - Express,178,10.0,2,40,2025-11-25 18:15:00,2025-11-25 18:18:17.058264756,25.92973723350629,Tuesday,8.0,150.0,100.0,3.28,Retraso Leve,Tarde,True
2025-11-25 22:57:51.022536,Ruta 3 - Sur,178,9.0,6,40,2025-11-25 22:45:00,2025-11-25 22:50:59.392928058,26.911585665544607,Tuesday,3.0,153.0,100.0,5.99,Retraso Grave,Noche,False
2025-11-26 01:22:51.022536,Ruta 4 - Este,178,11.0,12,50,2025-11-26 01:15:00,2025-11-26 01:24:54.441128586,18.01401324127281,Wednesday,-1.0,152.0,100.0,9.91,Retraso Grave,Madrugada,False
2025-11-26 08:37:51.022536,Ruta 4 - Este,178,10.0,5,60,2025-11-26 08:30:00,2025-11-26 08:30:03.915025158,31.69519520659953,Wednesday,5.0,157.0,100.0,0.07,A Tiempo,Mañana,True
2025-11-26 13:42:51.022536,Ruta 1 - Centro,178,6.0,5,40,2025-11-26 13:30:00,2025-11-26 13:32:02.325554418,23.85087100313531,Wednesday,1.0,158.0,100.0,2.04,Retraso Leve,Tarde,False
2025-11-26 14:27:51.022536,Ruta 5 - Oeste,178,8.0,9,60,2025-11-26 14:15:00,2025-11-26 14:17:13.517667168,20.283231927218612,Wednesday,-1.0,157.0,100.0,2.23,Retraso Leve,Tarde,False
2025-11-10 00:02:51.022536,Ruta 5 - Oeste,179,9.0,4,60,2025-11-10 00:00:00,2025-11-10 00:03:01.977793188,26.518365850760905,Monday,5.0,5.0,8.33,3.03,Retraso Leve,Madrugada,False
2025-11-10 09:27:51.022536,Ruta 1 - Centro,179,5.0,8,50,2025-11-10 09:15:00,2025-11-10 09:16:36.013174872,20.978653251426778,Monday,-3.0,2.0,4.0,1.6,A Tiempo,Mañana,True
2025-11-10 19:22:51.022536,Ruta 5 - Oeste,179,13.0,5,40,2025-11-10 19:15:00,2025-11-10 19:15:05.511996750,23.954374371401425,Monday,8.0,10.0,25.0,0.09,A Tiempo,Noche,True
2025-11-11 06:02:51.022536,Ruta 1 - Centro,179,13.0,7,50,2025-11-11 06:00:00,2025-11-11 06:04:22.138912398,25.73367709729466,Tuesday,6.0,16.0,32.0,4.37,Retraso Leve,Madrugada,False
2025-11-11 09:52:51.022536,Ruta 6 - Express,179,11.0,5,50,2025-11-11 09:45:00,2025-11-11 09:51:21.118205580,22.590975553717424,Tuesday,6.0,22.0,44.0,6.35,Retraso Grave,Mañana,True
2025-11-11 18:02:51.022536,Ruta 1 - Centro,179,9.0,9,60,2025-11-11 18:00:00,2025-11-11 18:00:21.341737500,24.19632379333112,Tuesday,0.0,22.0,36.67,0.36,A Tiempo,Tarde,True
2025-11-12 00:52:51.022536,Ruta 5 - Oeste,179,13.0,7,50,2025-11-12 00:45:00,2025-11-12 00:45:45.518147688,22.01334904365469,Wednesday,6.0,28.0,56.0,0.76,A Tiempo,Madrugada,False
2025-11-12 03:07:51.022536,Ruta 3 - Sur,179,7.0,7,60,2025-11-12 03:00:00,2025-11-12 03:01:22.367598426,32.501411506608,Wednesday,0.0,28.0,46.67,1.37,A Tiempo,Madrugada,False
2025-11-12 12:42:51.022536,Ruta 2 - Norte,179,11.0,3,40,2025-11-12 12:30:00,2025-11-12 12:30:58.838809764,26.936982084897004,Wednesday,8.0,36.0,90.0,0.98,A Tiempo,Mañana,False
2025-11-12 19:27:51.022536,Ruta 1 - Centro,179,14.0,4,60,2025-11-12 19:15:00,2025-11-12 19:16:27.835036050,22.28464265206956,Wednesday,10.0,46.0,76.67,1.46,A Tiempo,Noche,True
2025-11-12 21:22:51.022536,Ruta 1 - Centro,179,8.0,4,40,2025-11-12 21:15:00,2025-11-12 21:15:19.971501462,33.81128459852121,Wednesday,4.0,50.0,100.0,0.33,A Tiempo,Noche,False
2025-11-13 08:57:51.022536,Ruta 1 - Centro,179,4.0,8,50,2025-11-13 08:45:00,2025-11-13 08:45:32.796813203,21.94284194762572,Thursday,-4.0,46.0,92.0,0.55,A Tiempo,Mañana,True
2025-11-13 22:52:51.022536,Ruta 1 - Centro,179,10.0,7,40,2025-11-13 22:45:00,2025-11-13 22:48:17.372008344,31.2193218472102,Thursday,3.0,49.0,100.0,3.29,Retraso Leve,Noche,False
2025-11-13 23:22:51.022536,Ruta 6 - Express,179,10.0,5,50,2025-11-13 23:15:00,2025-11-13 23:18:32.112712752,22.494618571281343,Thursday,5.0,54.0,100.0,3.54,Retraso Leve,Noche,False
2025-11-14 03:42:51.022536,Ruta 1 - Centro,179,10.0,6,40,2025-11-14 03:30:00,2025-11-14 03:30:53.218817346,20.42757686981107,Friday,4.0,58.0,100.0,0.89,A Tiempo,Madrugada,False
2025-11-14 19:02:51.022536,Ruta 2 - Norte,179,7.0,8,40,2025-11-14 19:00:00,2025-11-14 19:00:32.554916735,23.05059222924256,Friday,-1.0,57.0,100.0,0.54,A Tiempo,Noche,True
2025-11-14 21:42:51.022536,Ruta 1 - Centro,179,4.0,8,60,2025-11-14 21:30:00,2025-11-14 21:30:13.302230592,17.766178247148527,Friday,-4.0,53.0,88.33,0.22,A Tiempo,Noche,False
2025-11-15 15:17:51.022536,Ruta 2 - Norte,179,8.0,3,50,2025-11-15 15:15:00,2025-11-15 15:15:25.100963976,35.012684072193295,Saturday,5.0,58.0,100.0,0.42,A Tiempo,Tarde,False
2025-11-15 19:12:51.022536,Ruta 1 - Centro,179,8.0,9,50,2025-11-15 19:00:00,2025-11-15 19:00:51.555375846,28.95706346184317,Saturday,-1.0,57.0,100.0,0.86,A Tiempo,Noche,True
2025-11-15 23:37:51.022536,Ruta 2 - Norte,179,7.0,5,40,2025-11-15 23:30:00,2025-11-15 23:32:25.979073894,25.462371200813863,Saturday,2.0,59.0,100.0,2.43,Retraso Leve,Noche,False
2025-11-16 08:57:51.022536,Ruta 1 - Centro,179,3.0,7,60,2025-11-16 08:45:00,2025-11-16 08:45:35.675559474,24.96884685284247,Sunday,-4.0,55.0,91.67,0.59,A Tiempo,Mañana,True
2025-11-16 19:17:51.022536,Ruta 3 - Sur,179,13.0,2,60,2025-11-16 19:15:00,2025-11-16 19:15:32.660686344,26.77095946085387,Sunday,11.0,66.0,100.0,0.54,A Tiempo,Noche,True
2025-11-17 00:22:51.022536,Ruta 4 - Este,179,8.0,9,50,2025-11-17 00:15:00,2025-11-17 00:17:14.421701748,23.20772034702739,Monday,-1.0,65.0,100.0,2.24,Retraso Leve,Madrugada,False
2025-11-17 07:42:51.022536,Ruta 1 - Centro,179,11.0,7,40,2025-11-17 07:30:00,2025-11-17 07:37:16.846451472,21.44992247499483,Monday,4.0,69.0,100.0,7.28,Retraso Grave,Mañana,True
2025-11-17 12:12:51.022536,Ruta 3 - Sur,179,9.0,10,50,2025-11-17 12:00:00,2025-11-17 12:02:29.230530552,34.38402726553409,Monday,-1.0,68.0,100.0,2.49,Retraso Leve,Mañana,False
2025-11-17 21:17:51.022536,Ruta 2 - Norte,179,10.0,9,40,2025-11-17 21:15:00,2025-11-17 21:17:35.435365734,30.18950601672499,Monday,1.0,69.0,100.0,2.59,Retraso Leve,Noche,False
2025-11-18 02:32:51.022536,Ruta 5 - Oeste,179,8.0,7,50,2025-11-18 02:30:00,2025-11-18 02:33:46.222477896,22.566248444755,Tuesday,1.0,70.0,100.0,3.77,Retraso Leve,Madrugada,False
2025-11-18 02:47:51.022536,Ruta 5 - Oeste,179,6.0,3,60,2025-11-18 02:45:00,2025-11-18 02:45:17.715588990,24.96884685284247,Tuesday,3.0,73.0,100.0,0.3,A Tiempo,Madrugada,False
2025-11-18 06:32:51.022536,Ruta 1 - Centro,179,6.0,3,60,2025-11-18 06:30:00,2025-11-18 06:34:02.011597536,11.21377757218022,Tuesday,3.0,76.0,100.0,4.03,Retraso Leve,Madrugada,False
2025-11-18 16:52:51.022536,Ruta 2 - Norte,179,12.0,6,40,2025-11-18 16:45:00,2025-11-18 16:50:34.047091739,20.39447187409221,Tuesday,6.0,82.0,100.0,5.57,Retraso Grave,Tarde,False
2025-11-18 17:37:51.022536,Ruta 6 - Express,179,8.0,8,40,2025-11-18 17:30:00,2025-11-18 17:32:40.835995902,22.15496038497662,Tuesday,0.0,82.0,100.0,2.68,Retraso Leve,Tarde,True
2025-11-19 15:07:51.022536,Ruta 2 - Norte,179,6.0,7,40,2025-11-19 15:00:00,2025-11-19 15:00:50.566103496,23.43620119845262,Wednesday,-1.0,81.0,100.0,0.84,A Tiempo,Tarde,False
2025-11-19 21:27:51.022536,Ruta 1 - Centro,179,6.0,8,50,2025-11-19 21:15:00,2025-11-19 21:15:37.924409958,19.77731327817804,Wednesday,-2.0,79.0,100.0,0.63,A Tiempo,Noche,False
2025-11-20 01:27:51.022536,Ruta 5 - Oeste,179,8.0,6,60,2025-11-20 01:15:00,2025-11-20 01:16:00.560700672,30.00795014770933,Thursday,2.0,81.0,100.0,1.01,A Tiempo,Madrugada,False
2025-11-20 03:32:51.022536,Ruta 4 - Este,179,4.0,5,60,2025-11-20 03:30:00,2025-11-20 03:30:02.982089730,20.47554078031788,Thursday,-1.0,80.0,100.0,0.05,A Tiempo,Madrugada,False
2025-11-20 07:02:51.022536,Ruta 6 - Express,179,7.0,7,60,2025-11-20 07:00:00,2025-11-20 07:00:32.628419531,22.06672878834181,Thursday,0.0,80.0,100.0,0.54,A Tiempo,Mañana,True
2025-11-20 07:32:51.022536,Ruta 5 - Oeste,179,9.0,9,40,2025-11-20 07:30:00,2025-11-20 07:30:04.910110008,26.942081946026807,Thursday,0.0,80.0,100.0,0.08,A Tiempo,Mañana,True
2025-11-20 16:17:51.022536,Ruta 6 - Express,179,4.0,8,40,2025-11-20 16:15:00,2025-11-20 16:15:18.160896762,34.03531409932408,Thursday,-4.0,76.0,100.0,0.3,A Tiempo,Tarde,False
2025-11-21 15:52:51.022536,Ruta 2 - Norte,179,5.0,3,60,2025-11-21 15:45:00,2025-11-21 15:57:37.423675170,20.5162679984645,Friday,2.0,78.0,100.0,12.62,Retraso Grave,Tarde,False
2025-11-21 17:57:51.022536,Ruta 4 - Este,179,8.0,7,50,2025-11-21 17:45:00,2025-11-21 17:45:58.590183576,27.387458437925982,Friday,1.0,79.0,100.0,0.98,A Tiempo,Tarde,True
2025-11-21 22:02:51.022536,Ruta 1 - Centro,179,4.0,4,40,2025-11-21 22:00:00,2025-11-21 22:01:41.792729190,14.26896583371824,Friday,0.0,79.0,100.0,1.7,A Tiempo,Noche,False
2025-11-22 06:57:51.022536,Ruta 3 - Sur,179,7.0,7,50,2025-11-22 06:45:00,2025-11-22 06:45:43.370205252,24.65857500766972,Saturday,0.0,79.0,100.0,0.72,A Tiempo,Madrugada,False
2025-11-22 09:52:51.022536,Ruta 5 - Oeste,179,5.0,10,50,2025-11-22 09:45:00,2025-11-22 09:47:33.587895696,29.540975417595888,Saturday,-5.0,74.0,100.0,2.56,Retraso Leve,Mañana,True
2025-11-22 10:37:51.022536,Ruta 4 - Este,179,10.0,10,60,2025-11-22 10:30:00,2025-11-22 10:31:06.710498778,17.981585356399947,Saturday,0.0,74.0,100.0,1.11,A Tiempo,Mañana,False
2025-11-22 17:07:51.022536,Ruta 6 - Express,179,12.0,7,40,2025-11-22 17:00:00,2025-11-22 17:02:43.190216436,30.659752801169876,Saturday,5.0,79.0,100.0,2.72,Retraso Leve,Tarde,True
2025-11-22 21:37:51.022536,Ruta 5 - Oeste,179,8.0,8,60,2025-11-22 21:30:00,2025-11-22 21:31:39.059761350,20.08830654000726,Saturday,0.0,79.0,100.0,1.65,A Tiempo,Noche,False
2025-11-22 23:02:51.022536,Ruta 1 - Centro,179,9.0,7,60,2025-11-22 23:00:00,2025-11-22 23:00:01.912028838,23.59731749735405,Saturday,2.0,81.0,100.0,0.03,A Tiempo,Noche,False
2025-11-23 00:17:51.022536,Ruta 5 - Oeste,179,6.0,8,50,2025-11-23 00:15:00,2025-11-23 00:16:05.356442928,25.454654434796492,Sunday,-2.0,79.0,100.0,1.09,A Tiempo,Madrugada,False
2025-11-23 05:17:51.022536,Ruta 3 - Sur,179,8.0,7,50,2025-11-23 05:15:00,2025-11-23 05:16:39.528771840,18.170021536545427,Sunday,1.0,80.0,100.0,1.66,A Tiempo,Madrugada,False
2025-11-24 01:27:51.022536,Ruta 4 - Este,179,6.0,2,40,2025-11-24 01:15:00,2025-11-24 01:15:12.650897730,27.855706277243232,Monday,4.0,84.0,100.0,0.21,A Tiempo,Madrugada,False
2025-11-24 02:47:51.022536,Ruta 5 - Oeste,179,4.0,12,60,2025-11-24 02:45:00,2025-11-24 02:47:46.866855084,17.96284639327367,Monday,-8.0,76.0,100.0,2.78,Retraso Leve,Madrugada,False
2025-11-24 14:22:51.022536,Ruta 3 - Sur,179,13.0,4,40,2025-11-24 14:15:00,2025-11-24 14:18:03.500383110,26.668838557241745,Monday,9.0,85.0,100.0,3.06,Retraso Leve,Tarde,False
2025-11-24 19:57:51.022536,Ruta 2 - Norte,179,7.0,2,40,2025-11-24 19:45:00,2025-11-24 19:49:08.458459596,22.60525399379702,Monday,5.0,90.0,100.0,4.14,Retraso Leve,Noche,True
2025-11-25 18:27:51.022536,Ruta 4 - Este,179,6.0,5,40,2025-11-25 18:15:00,2025-11-25 18:15:20.407888536,30.63054853366655,Tuesday,1.0,91.0,100.0,0.34,A Tiempo,Tarde,True
2025-11-26 01:47:51.022536,Ruta 2 - Norte,179,5.0,5,40,2025-11-26 01:45:00,2025-11-26 01:45:28.850971680,24.717636832660617,Wednesday,0.0,91.0,100.0,0.48,A Tiempo,Madrugada,False
2025-11-26 05:52:51.022536,Ruta 1 - Centro,179,11.0,2,60,2025-11-26 05:45:00,2025-11-26 05:45:02.141427312,34.759282470177666,Wednesday,9.0,100.0,100.0,0.04,A Tiempo,Madrugada,False
2025-11-26 12:32:51.022536,Ruta 1 - Centro,179,10.0,4,40,2025-11-26 12:30:00,2025-11-26 12:30:16.616022882,29.18167726942557,Wednesday,6.0,106.0,100.0,0.28,A Tiempo,Mañana,False
2025-11-26 16:52:51.022536,Ruta 2 - Norte,179,6.0,5,60,2025-11-26 16:45:00,2025-11-26 16:45:10.331352054,25.949772482376662,Wednesday,1.0,107.0,100.0,0.17,A Tiempo,Tarde,False
2025-11-09 20:12:51.022536,Ruta 2 - Norte,180,10.0,8,40,2025-11-09 20:00:00,2025-11-09 20:01:55.695091932,33.115370541969284,Sunday,2.0,2.0,5.0,1.93,A Tiempo,Noche,False
2025-11-10 00:07:51.022536,Ruta 1 - Centro,180,7.0,7,60,2025-11-10 00:00:00,2025-11-10 00:02:37.836385368,31.58169313350389,Monday,0.0,2.0,3.33,2.63,Retraso Leve,Madrugada,False
2025-11-10 15:22:51.022536,Ruta 1 - Centro,180,9.0,5,60,2025-11-10 15:15:00,2025-11-10 15:17:58.212363084,27.47568330826458,Monday,4.0,6.0,10.0,2.97,Retraso Leve,Tarde,False
2025-11-10 18:47:51.022536,Ruta 3 - Sur,180,8.0,7,40,2025-11-10 18:45:00,2025-11-10 18:47:05.151569292,33.40549792241674,Monday,1.0,7.0,17.5,2.09,Retraso Leve,Tarde,True
2025-11-10 20:32:51.022536,Ruta 3 - Sur,180,4.0,6,40,2025-11-10 20:30:00,2025-11-10 20:32:57.962719632,25.453458388164748,Monday,-2.0,5.0,12.5,2.97,Retraso Leve,Noche,False
2025-11-11 05:12:51.022536,Ruta 3 - Sur,180,5.0,7,60,2025-11-11 05:00:00,2025-11-11 05:02:19.045686600,30.39053492990878,Tuesday,-2.0,3.0,5.0,2.32,Retraso Leve,Madrugada,False
2025-11-11 07:47:51.022536,Ruta 3 - Sur,180,10.0,6,60,2025-11-11 07:45:00,2025-11-11 07:45:54.156910662,16.394163355934715,Tuesday,4.0,7.0,11.67,0.9,A Tiempo,Mañana,True
2025-11-11 12:52:51.022536,Ruta 5 - Oeste,180,8.0,8,60,2025-11-11 12:45:00,2025-11-11 12:46:11.875458708,22.815176320798354,Tuesday,0.0,7.0,11.67,1.2,A Tiempo,Mañana,False
2025-11-11 16:12:51.022536,Ruta 6 - Express,180,6.0,6,50,2025-11-11 16:00:00,2025-11-11 16:02:32.517235770,27.358001016755725,Tuesday,0.0,7.0,14.0,2.54,Retraso Leve,Tarde,False
2025-11-11 23:22:51.022536,Ruta 3 - Sur,180,7.0,6,50,2025-11-11 23:15:00,2025-11-11 23:15:44.284691586,15.044665525910638,Tuesday,1.0,8.0,16.0,0.74,A Tiempo,Noche,False
2025-11-12 12:22:51.022536,Ruta 6 - Express,180,10.0,8,50,2025-11-12 12:15:00,2025-11-12 12:16:20.045979966,22.549866989940536,Wednesday,2.0,10.0,20.0,1.33,A Tiempo,Mañana,False
2025-11-12 13:32:51.022536,Ruta 1 - Centro,180,13.0,3,60,2025-11-12 13:30:00,2025-11-12 13:31:12.977029932,18.83803828499652,Wednesday,10.0,20.0,33.33,1.22,A Tiempo,Tarde,False
2025-11-12 17:12:51.022536,Ruta 3 - Sur,180,10.0,4,50,2025-11-12 17:00:00,2025-11-12 17:01:17.595943560,24.640861255571046,Wednesday,6.0,26.0,52.0,1.29,A Tiempo,Tarde,True
2025-11-13 00:37:51.022536,Ruta 4 - Este,180,9.0,3,40,2025-11-13 00:30:00,2025-11-13 00:38:55.210863300,32.26134053876358,Thursday,6.0,32.0,80.0,8.92,Retraso Grave,Madrugada,False
2025-11-13 05:07:51.022536,Ruta 6 - Express,180,6.0,5,60,2025-11-13 05:00:00,2025-11-13 05:01:29.766373914,25.979714098295712,Thursday,1.0,33.0,55.0,1.5,A Tiempo,Madrugada,False
2025-11-13 08:27:51.022536,Ruta 5 - Oeste,180,6.0,4,50,2025-11-13 08:15:00,2025-11-13 08:18:51.118831728,26.621530278482144,Thursday,2.0,35.0,70.0,3.85,Retraso Leve,Mañana,True
2025-11-13 19:02:51.022536,Ruta 5 - Oeste,180,8.0,6,40,2025-11-13 19:00:00,2025-11-13 19:04:20.019448344,30.85377213853628,Thursday,2.0,37.0,92.5,4.33,Retraso Leve,Noche,True
2025-11-14 05:52:51.022536,Ruta 1 - Centro,180,7.0,10,40,2025-11-14 05:45:00,2025-11-14 05:45:11.243750796,25.32248827470594,Friday,-3.0,34.0,85.0,0.19,A Tiempo,Madrugada,False
2025-11-14 11:37:51.022536,Ruta 5 - Oeste,180,9.0,4,40,2025-11-14 11:30:00,2025-11-14 11:30:04.660670196,17.13546514607471,Friday,5.0,39.0,97.5,0.08,A Tiempo,Mañana,False
2025-11-14 23:02:51.022536,Ruta 1 - Centro,180,9.0,4,60,2025-11-14 23:00:00,2025-11-14 23:01:25.545325266,23.858421027379737,Friday,5.0,44.0,73.33,1.43,A Tiempo,Noche,False
2025-11-15 15:52:51.022536,Ruta 6 - Express,180,6.0,6,60,2025-11-15 15:45:00,2025-11-15 15:47:06.339983058,30.66228147820528,Saturday,0.0,44.0,73.33,2.11,Retraso Leve,Tarde,False
2025-11-16 11:17:51.022536,Ruta 3 - Sur,180,5.0,10,60,2025-11-16 11:15:00,2025-11-16 11:18:42.061678992,25.539744856125417,Sunday,-5.0,39.0,65.0,3.7,Retraso Leve,Mañana,False
2025-11-16 15:47:51.022536,Ruta 4 - Este,180,6.0,7,60,2025-11-16 15:45:00,2025-11-16 15:45:36.678200046,22.33906009387496,Sunday,-1.0,38.0,63.33,0.61,A Tiempo,Tarde,False
2025-11-16 21:02:51.022536,Ruta 4 - Este,180,3.0,5,50,2025-11-16 21:00:00,2025-11-16 21:01:11.846193132,23.05565970177942,Sunday,-2.0,36.0,72.0,1.2,A Tiempo,Noche,False
2025-11-17 01:27:51.022536,Ruta 3 - Sur,180,7.0,5,40,2025-11-17 01:15:00,2025-11-17 01:21:12.539215410,26.27433484113845,Monday,2.0,38.0,95.0,6.21,Retraso Grave,Madrugada,False
2025-11-17 06:27:51.022536,Ruta 2 - Norte,180,9.0,2,50,2025-11-17 06:15:00,2025-11-17 06:15:21.398116830,28.28170021705789,Monday,7.0,45.0,90.0,0.36,A Tiempo,Madrugada,False
2025-11-17 08:27:51.022536,Ruta 1 - Centro,180,10.0,7,60,2025-11-17 08:15:00,2025-11-17 08:15:24.247183362,17.298411436956595,Monday,3.0,48.0,80.0,0.4,A Tiempo,Mañana,True
2025-11-17 13:22:51.022536,Ruta 5 - Oeste,180,6.0,5,40,2025-11-17 13:15:00,2025-11-17 13:18:12.955118304,24.355228170568576,Monday,1.0,49.0,100.0,3.22,Retraso Leve,Tarde,False
2025-11-17 23:32:51.022536,Ruta 2 - Norte,180,4.0,6,50,2025-11-17 23:30:00,2025-11-17 23:33:00.913132536,22.619358684024583,Monday,-2.0,47.0,94.0,3.02,Retraso Leve,Noche,False
2025-11-18 05:47:51.022536,Ruta 3 - Sur,180,3.0,9,40,2025-11-18 05:45:00,2025-11-18 05:52:28.093768680,20.61946025786154,Tuesday,-6.0,41.0,100.0,7.47,Retraso Grave,Madrugada,False
2025-11-18 07:07:51.022536,Ruta 2 - Norte,180,11.0,7,60,2025-11-18 07:00:00,2025-11-18 07:04:02.244563160,21.49281310411937,Tuesday,4.0,45.0,75.0,4.04,Retraso Leve,Mañana,True
2025-11-18 10:07:51.022536,Ruta 2 - Norte,180,10.0,2,50,2025-11-18 10:00:00,2025-11-18 10:02:16.831877393,18.050974290469064,Tuesday,8.0,53.0,100.0,2.28,Retraso Leve,Mañana,False
2025-11-18 21:07:51.022536,Ruta 5 - Oeste,180,5.0,2,50,2025-11-18 21:00:00,2025-11-18 21:00:15.535152539,30.093067215960684,Tuesday,3.0,56.0,100.0,0.26,A Tiempo,Noche,False
2025-11-19 04:37:51.022536,Ruta 6 - Express,180,6.0,5,60,2025-11-19 04:30:00,2025-11-19 04:32:35.340504036,31.226028302699905,Wednesday,1.0,57.0,95.0,2.59,Retraso Leve,Madrugada,False
2025-11-20 19:22:51.022536,Ruta 5 - Oeste,180,4.0,4,40,2025-11-20 19:15:00,2025-11-20 19:15:14.553123552,19.520134428344583,Thursday,0.0,57.0,100.0,0.24,A Tiempo,Noche,True
2025-11-20 21:22:51.022536,Ruta 1 - Centro,180,7.0,3,50,2025-11-20 21:15:00,2025-11-20 21:16:06.482003700,22.27081985028866,Thursday,4.0,61.0,100.0,1.11,A Tiempo,Noche,False
2025-11-20 23:57:51.022536,Ruta 1 - Centro,180,6.0,10,60,2025-11-20 23:45:00,2025-11-20 23:45:36.283479384,21.47420271313074,Thursday,-4.0,57.0,95.0,0.6,A Tiempo,Noche,False
2025-11-21 13:22:51.022536,Ruta 3 - Sur,180,7.0,6,50,2025-11-21 13:15:00,2025-11-21 13:15:36.296441730,20.13435241600652,Friday,1.0,58.0,100.0,0.6,A Tiempo,Tarde,False
2025-11-22 15:27:51.022536,Ruta 6 - Express,180,9.0,5,40,2025-11-22 15:15:00,2025-11-22 15:18:21.061673610,24.620952930378245,Saturday,4.0,62.0,100.0,3.35,Retraso Leve,Tarde,False
2025-11-22 17:22:51.022536,Ruta 3 - Sur,180,7.0,5,60,2025-11-22 17:15:00,2025-11-22 17:18:19.673214696,26.96512290586725,Saturday,2.0,64.0,100.0,3.33,Retraso Leve,Tarde,True
2025-11-23 02:47:51.022536,Ruta 6 - Express,180,9.0,8,60,2025-11-23 02:45:00,2025-11-23 02:49:50.449781454,20.549746692702943,Sunday,1.0,65.0,100.0,4.84,Retraso Leve,Madrugada,False
2025-11-23 03:07:51.022536,Ruta 2 - Norte,180,8.0,2,50,2025-11-23 03:00:00,2025-11-23 03:02:05.374044108,25.973236680366377,Sunday,6.0,71.0,100.0,2.09,Retraso Leve,Madrugada,False
2025-11-24 16:42:51.022536,Ruta 1 - Centro,180,4.0,5,60,2025-11-24 16:30:00,2025-11-24 16:31:45.862206312,25.59134487603216,Monday,-1.0,70.0,100.0,1.76,A Tiempo,Tarde,False
2025-11-25 08:32:51.022536,Ruta 3 - Sur,180,4.0,6,40,2025-11-25 08:30:00,2025-11-25 08:30:38.314711980,24.90373971999056,Tuesday,-2.0,68.0,100.0,0.64,A Tiempo,Mañana,True
2025-11-25 09:52:51.022536,Ruta 3 - Sur,180,10.0,8,40,2025-11-25 09:45:00,2025-11-25 09:46:39.177341352,25.449331927018832,Tuesday,2.0,70.0,100.0,1.65,A Tiempo,Mañana,True
2025-11-25 10:32:51.022536,Ruta 4 - Este,180,7.0,7,40,2025-11-25 10:30:00,2025-11-25 10:30:02.964681234,21.70739424777931,Tuesday,0.0,70.0,100.0,0.05,A Tiempo,Mañana,False
2025-11-26 11:17:51.022536,Ruta 1 - Centro,180,7.0,5,50,2025-11-26 11:15:00,2025-11-26 11:15:02.069293698,25.07932470777213,Wednesday,2.0,72.0,100.0,0.03,A Tiempo,Mañana,False
2025-11-26 11:37:51.022536,Ruta 4 - Este,180,8.0,5,40,2025-11-26 11:30:00,2025-11-26 11:30:13.720470474,24.669797981288838,Wednesday,3.0,75.0,100.0,0.23,A Tiempo,Mañana,False
2025-11-09 16:22:51.022536,Ruta 3 - Sur,181,5.0,4,40,2025-11-09 16:15:00,2025-11-09 16:19:39.652006620,28.76174156726573,Sunday,1.0,1.0,2.5,4.66,Retraso Leve,Tarde,False
2025-11-10 13:22:51.022536,Ruta 1 - Centro,181,7.0,3,50,2025-11-10 13:15:00,2025-11-10 13:17:52.249606752,23.6213923893823,Monday,4.0,5.0,10.0,2.87,Retraso Leve,Tarde,False
2025-11-11 01:17:51.022536,Ruta 4 - Este,181,8.0,2,50,2025-11-11 01:15:00,2025-11-11 01:16:01.985940407,21.1334488802897,Tuesday,6.0,11.0,22.0,1.03,A Tiempo,Madrugada,False
2025-11-11 05:52:51.022536,Ruta 5 - Oeste,181,6.0,7,60,2025-11-11 05:45:00,2025-11-11 05:46:30.485486651,20.386353646732964,Tuesday,-1.0,10.0,16.67,1.51,A Tiempo,Madrugada,False
2025-11-11 15:02:51.022536,Ruta 1 - Centro,181,9.0,7,40,2025-11-11 15:00:00,2025-11-11 15:02:52.081444686,32.48126797054632,Tuesday,2.0,12.0,30.0,2.87,Retraso Leve,Tarde,False
2025-11-11 15:37:51.022536,Ruta 1 - Centro,181,6.0,5,50,2025-11-11 15:30:00,2025-11-11 15:30:51.253735098,18.03923149597776,Tuesday,1.0,13.0,26.0,0.85,A Tiempo,Tarde,False
2025-11-12 00:12:51.022536,Ruta 5 - Oeste,181,9.0,11,50,2025-11-12 00:00:00,2025-11-12 00:00:16.756591992,24.53570760941207,Wednesday,-2.0,11.0,22.0,0.28,A Tiempo,Madrugada,False
2025-11-13 05:37:51.022536,Ruta 2 - Norte,181,11.0,8,60,2025-11-13 05:30:00,2025-11-13 05:30:37.152386472,23.142413091636868,Thursday,3.0,14.0,23.33,0.62,A Tiempo,Madrugada,False
2025-11-13 14:32:51.022536,Ruta 4 - Este,181,10.0,6,60,2025-11-13 14:30:00,2025-11-13 14:30:11.119866486,26.190629699500587,Thursday,4.0,18.0,30.0,0.19,A Tiempo,Tarde,False
2025-11-14 23:07:51.022536,Ruta 5 - Oeste,181,11.0,11,60,2025-11-14 23:00:00,2025-11-14 23:00:01.464818034,19.999007995302307,Friday,0.0,18.0,30.0,0.02,A Tiempo,Noche,False
2025-11-15 07:42:51.022536,Ruta 6 - Express,181,10.0,3,50,2025-11-15 07:30:00,2025-11-15 07:34:30.640164558,27.94692257000829,Saturday,7.0,25.0,50.0,4.51,Retraso Leve,Mañana,True
2025-11-15 08:27:51.022536,Ruta 4 - Este,181,5.0,12,60,2025-11-15 08:15:00,2025-11-15 08:15:07.302026130,23.26666801202654,Saturday,-7.0,18.0,30.0,0.12,A Tiempo,Mañana,True
2025-11-15 19:57:51.022536,Ruta 2 - Norte,181,10.0,5,40,2025-11-15 19:45:00,2025-11-15 19:52:41.159738916,26.86766754595479,Saturday,5.0,23.0,57.5,7.69,Retraso Grave,Noche,True
2025-11-15 20:02:51.022536,Ruta 1 - Centro,181,11.0,11,60,2025-11-15 20:00:00,2025-11-15 20:04:01.342575390,25.80258834029871,Saturday,0.0,23.0,38.33,4.02,Retraso Leve,Noche,False
2025-11-15 22:07:51.022536,Ruta 2 - Norte,181,10.0,5,50,2025-11-15 22:00:00,2025-11-15 22:01:10.677441960,21.43547274747144,Saturday,5.0,28.0,56.0,1.18,A Tiempo,Noche,False
2025-11-16 02:52:51.022536,Ruta 2 - Norte,181,12.0,7,60,2025-11-16 02:45:00,2025-11-16 02:47:13.527046680,25.804630074712765,Sunday,5.0,33.0,55.0,2.23,Retraso Leve,Madrugada,False
2025-11-16 16:32:51.022536,Ruta 1 - Centro,181,9.0,5,60,2025-11-16 16:30:00,2025-11-16 16:32:04.221469542,35.842846919397104,Sunday,4.0,37.0,61.67,2.07,Retraso Leve,Tarde,False
2025-11-16 19:07:51.022536,Ruta 5 - Oeste,181,5.0,7,50,2025-11-16 19:00:00,2025-11-16 19:01:07.707019194,33.92233359605141,Sunday,-2.0,35.0,70.0,1.13,A Tiempo,Noche,True
2025-11-17 02:57:51.022536,Ruta 1 - Centro,181,5.0,6,50,2025-11-17 02:45:00,2025-11-17 02:46:33.514398804,21.07415004691838,Monday,-1.0,34.0,68.0,1.56,A Tiempo,Madrugada,False
2025-11-17 05:27:51.022536,Ruta 1 - Centro,181,12.0,5,60,2025-11-17 05:15:00,2025-11-17 05:17:05.285454600,27.550947120665807,Monday,7.0,41.0,68.33,2.09,Retraso Leve,Madrugada,False
2025-11-17 11:12:51.022536,Ruta 3 - Sur,181,4.0,6,40,2025-11-17 11:00:00,2025-11-17 11:00:32.847999144,17.47877151116855,Monday,-2.0,39.0,97.5,0.55,A Tiempo,Mañana,False
2025-11-18 04:22:51.022536,Ruta 4 - Este,181,6.0,6,50,2025-11-18 04:15:00,2025-11-18 04:18:25.152059598,23.06965364295253,Tuesday,0.0,39.0,78.0,3.42,Retraso Leve,Madrugada,False
2025-11-18 11:42:51.022536,Ruta 2 - Norte,181,3.0,5,50,2025-11-18 11:30:00,2025-11-18 11:32:23.308954806,25.53097743859244,Tuesday,-2.0,37.0,74.0,2.39,Retraso Leve,Mañana,False
2025-11-18 12:22:51.022536,Ruta 2 - Norte,181,10.0,7,60,2025-11-18 12:15:00,2025-11-18 12:17:20.132168496,33.63760291995315,Tuesday,3.0,40.0,66.67,2.34,Retraso Leve,Mañana,False
2025-11-18 13:57:51.022536,Ruta 1 - Centro,181,13.0,4,50,2025-11-18 13:45:00,2025-11-18 13:48:49.804610802,20.676584685108335,Tuesday,9.0,49.0,98.0,3.83,Retraso Leve,Tarde,False
2025-11-19 04:12:51.022536,Ruta 3 - Sur,181,7.0,5,60,2025-11-19 04:00:00,2025-11-19 04:01:54.661788750,22.18202240074212,Wednesday,2.0,51.0,85.0,1.91,A Tiempo,Madrugada,False
2025-11-19 14:37:51.022536,Ruta 1 - Centro,181,6.0,7,50,2025-11-19 14:30:00,2025-11-19 14:31:01.171809144,15.57648636101712,Wednesday,-1.0,50.0,100.0,1.02,A Tiempo,Tarde,False
2025-11-19 17:02:51.022536,Ruta 2 - Norte,181,9.0,5,60,2025-11-19 17:00:00,2025-11-19 17:01:38.025341490,35.259545526288804,Wednesday,4.0,54.0,90.0,1.63,A Tiempo,Tarde,True
2025-11-20 21:12:51.022536,Ruta 4 - Este,181,8.0,8,50,2025-11-20 21:00:00,2025-11-20 21:00:55.083115548,24.385295840622955,Thursday,0.0,54.0,100.0,0.92,A Tiempo,Noche,False
2025-11-20 23:22:51.022536,Ruta 2 - Norte,181,5.0,7,50,2025-11-20 23:15:00,2025-11-20 23:17:30.370225296,23.1318485626475,Thursday,-2.0,52.0,100.0,2.51,Retraso Leve,Noche,False
2025-11-21 02:47:51.022536,Ruta 5 - Oeste,181,9.0,8,50,2025-11-21 02:45:00,2025-11-21 02:48:44.777425824,29.695609876224857,Friday,1.0,53.0,100.0,3.75,Retraso Leve,Madrugada,False
2025-11-21 04:07:51.022536,Ruta 3 - Sur,181,11.0,5,40,2025-11-21 04:00:00,2025-11-21 04:02:19.380228822,19.852543038200217,Friday,6.0,59.0,100.0,2.32,Retraso Leve,Madrugada,False
2025-11-21 21:02:51.022536,Ruta 5 - Oeste,181,6.0,4,40,2025-11-21 21:00:00,2025-11-21 21:00:28.373528196,21.22113461076304,Friday,2.0,61.0,100.0,0.47,A Tiempo,Noche,False
2025-11-22 02:37:51.022536,Ruta 2 - Norte,181,4.0,6,60,2025-11-22 02:30:00,2025-11-22 02:31:20.931247680,21.91538124677999,Saturday,-2.0,59.0,98.33,1.35,A Tiempo,Madrugada,False
2025-11-22 03:52:51.022536,Ruta 5 - Oeste,181,12.0,5,40,2025-11-22 03:45:00,2025-11-22 03:48:00.498514409,23.593230875171745,Saturday,7.0,66.0,100.0,3.01,Retraso Leve,Madrugada,False
2025-11-22 14:32:51.022536,Ruta 3 - Sur,181,11.0,4,40,2025-11-22 14:30:00,2025-11-22 14:31:46.723259580,20.729056689673143,Saturday,7.0,73.0,100.0,1.78,A Tiempo,Tarde,False
2025-11-22 18:47:51.022536,Ruta 6 - Express,181,6.0,7,40,2025-11-22 18:45:00,2025-11-22 18:45:38.859317016,24.733757214887284,Saturday,-1.0,72.0,100.0,0.65,A Tiempo,Tarde,True
2025-11-22 22:52:51.022536,Ruta 4 - Este,181,3.0,5,50,2025-11-22 22:45:00,2025-11-22 22:46:25.051056924,23.843112767859385,Saturday,-2.0,70.0,100.0,1.42,A Tiempo,Noche,False
2025-11-23 01:57:51.022536,Ruta 3 - Sur,181,9.0,9,50,2025-11-23 01:45:00,2025-11-23 01:46:44.644599864,30.05614194663069,Sunday,0.0,70.0,100.0,1.74,A Tiempo,Madrugada,False
2025-11-23 04:57:51.022536,Ruta 5 - Oeste,181,7.0,12,60,2025-11-23 04:45:00,2025-11-23 04:48:39.475704594,29.94157420301581,Sunday,-5.0,65.0,100.0,3.66,Retraso Leve,Madrugada,False
2025-11-23 05:52:51.022536,Ruta 2 - Norte,181,8.0,5,60,2025-11-23 05:45:00,2025-11-23 05:45:38.043868260,19.83087948528821,Sunday,3.0,68.0,100.0,0.63,A Tiempo,Madrugada,False
2025-11-23 10:27:51.022536,Ruta 2 - Norte,181,11.0,6,50,2025-11-23 10:15:00,2025-11-23 10:17:21.446378286,30.3875477014647,Sunday,5.0,73.0,100.0,2.36,Retraso Leve,Mañana,False
2025-11-23 23:42:51.022536,Ruta 6 - Express,181,8.0,3,40,2025-11-23 23:30:00,2025-11-23 23:30:35.169587946,25.79061308956044,Sunday,5.0,78.0,100.0,0.59,A Tiempo,Noche,False
2025-11-24 00:52:51.022536,Ruta 4 - Este,181,12.0,6,60,2025-11-24 00:45:00,2025-11-24 00:51:11.907681108,19.068920778188456,Monday,6.0,84.0,100.0,6.2,Retraso Grave,Madrugada,False
2025-11-24 14:42:51.022536,Ruta 1 - Centro,181,8.0,6,40,2025-11-24 14:30:00,2025-11-24 14:36:41.911091466,25.23587387537868,Monday,2.0,86.0,100.0,6.7,Retraso Grave,Tarde,False
2025-11-24 15:42:51.022536,Ruta 1 - Centro,181,3.0,5,50,2025-11-24 15:30:00,2025-11-24 15:31:08.253238128,19.8129393936663,Monday,-2.0,84.0,100.0,1.14,A Tiempo,Tarde,False
2025-11-24 17:32:51.022536,Ruta 1 - Centro,181,5.0,9,40,2025-11-24 17:30:00,2025-11-24 17:30:45.198391536,19.806837471038065,Monday,-4.0,80.0,100.0,0.75,A Tiempo,Tarde,True
2025-11-25 00:47:51.022536,Ruta 1 - Centro,181,2.0,7,60,2025-11-25 00:45:00,2025-11-25 00:48:56.381431500,28.416383123012768,Tuesday,-5.0,75.0,100.0,3.94,Retraso Leve,Madrugada,False
2025-11-25 11:02:51.022536,Ruta 6 - Express,181,7.0,5,40,2025-11-25 11:00:00,2025-11-25 11:01:15.709498386,32.454900956090256,Tuesday,2.0,77.0,100.0,1.26,A Tiempo,Mañana,False
2025-11-25 13:12:51.022536,Ruta 3 - Sur,181,10.0,12,60,2025-11-25 13:00:00,2025-11-25 13:01:32.392077941,14.441921304273608,Tuesday,-2.0,75.0,100.0,1.54,A Tiempo,Tarde,False
2025-11-25 13:22:51.022536,Ruta 6 - Express,181,12.0,7,50,2025-11-25 13:15:00,2025-11-25 13:16:23.619249558,30.22725610248892,Tuesday,5.0,80.0,100.0,1.39,A Tiempo,Tarde,False
2025-11-25 15:52:51.022536,Ruta 6 - Express,181,8.0,9,40,2025-11-25 15:45:00,2025-11-25 15:45:20.231461884,25.473584557716105,Tuesday,-1.0,79.0,100.0,0.34,A Tiempo,Tarde,False
2025-11-25 17:37:51.022536,Ruta 2 - Norte,181,9.0,4,40,2025-11-25 17:30:00,2025-11-25 17:32:03.416123412,23.4711458670192,Tuesday,5.0,84.0,100.0,2.06,Retraso Leve,Tarde,True
2025-11-25 19:42:51.022536,Ruta 6 - Express,181,12.0,13,50,2025-11-25 19:30:00,2025-11-25 19:30:50.268103572,30.62071119401231,Tuesday,-1.0,83.0,100.0,0.84,A Tiempo,Noche,True
2025-11-26 15:12:51.022536,Ruta 4 - Este,181,15.0,10,40,2025-11-26 15:00:00,2025-11-26 15:02:26.658057618,26.971514929404744,Wednesday,5.0,88.0,100.0,2.44,Retraso Leve,Tarde,False
2025-11-26 22:07:51.022536,Ruta 5 - Oeste,181,6.0,4,60,2025-11-26 22:00:00,2025-11-26 22:03:57.544804224,13.463587416257672,Wednesday,2.0,90.0,100.0,3.96,Retraso Leve,Noche,False
2025-11-09 17:12:51.022536,Ruta 2 - Norte,182,9.0,11,50,2025-11-09 17:00:00,2025-11-09 17:00:47.453491962,28.92396869456727,Sunday,-2.0,0.0,0.0,0.79,A Tiempo,Tarde,True
2025-11-09 20:22:51.022536,Ruta 2 - Norte,182,8.0,10,50,2025-11-09 20:15:00,2025-11-09 20:16:47.281159884,13.209041888959153,Sunday,-2.0,0.0,0.0,1.79,A Tiempo,Noche,False
2025-11-10 09:47:51.022536,Ruta 2 - Norte,182,14.0,7,50,2025-11-10 09:45:00,2025-11-10 09:48:42.091544466,21.55757636894174,Monday,7.0,3.0,6.0,3.7,Retraso Leve,Mañana,True
2025-11-10 10:57:51.022536,Ruta 4 - Este,182,11.0,5,40,2025-11-10 10:45:00,2025-11-10 10:45:23.280960918,18.511440183146437,Monday,6.0,9.0,22.5,0.39,A Tiempo,Mañana,False
2025-11-10 14:27:51.022536,Ruta 1 - Centro,182,5.0,9,50,2025-11-10 14:15:00,2025-11-10 14:15:24.935861874,25.78348039968717,Monday,-4.0,5.0,10.0,0.42,A Tiempo,Tarde,False
2025-11-11 06:32:51.022536,Ruta 1 - Centro,182,15.0,2,60,2025-11-11 06:30:00,2025-11-11 06:30:25.340817564,26.14857315301319,Tuesday,13.0,18.0,30.0,0.42,A Tiempo,Madrugada,False
2025-11-11 07:57:51.022536,Ruta 6 - Express,182,6.0,10,60,2025-11-11 07:45:00,2025-11-11 07:51:03.048027606,22.003435154524027,Tuesday,-4.0,14.0,23.33,6.05,Retraso Grave,Mañana,True
2025-11-11 16:22:51.022536,Ruta 4 - Este,182,10.0,3,40,2025-11-11 16:15:00,2025-11-11 16:15:24.079899486,29.90900946137817,Tuesday,7.0,21.0,52.5,0.4,A Tiempo,Tarde,False
2025-11-11 21:37:51.022536,Ruta 1 - Centro,182,3.0,5,40,2025-11-11 21:30:00,2025-11-11 21:31:24.972007374,32.183888426137244,Tuesday,-2.0,19.0,47.5,1.42,A Tiempo,Noche,False
2025-11-11 23:37:51.022536,Ruta 6 - Express,182,13.0,6,60,2025-11-11 23:30:00,2025-11-11 23:30:03.913960932,28.782934922668368,Tuesday,7.0,26.0,43.33,0.07,A Tiempo,Noche,False
2025-11-12 02:32:51.022536,Ruta 5 - Oeste,182,7.0,8,40,2025-11-12 02:30:00,2025-11-12 02:30:53.038037112,27.510699047752425,Wednesday,-1.0,25.0,62.5,0.88,A Tiempo,Madrugada,False
2025-11-13 00:47:51.022536,Ruta 4 - Este,182,10.0,7,50,2025-11-13 00:45:00,2025-11-13 00:46:56.256433710,28.494427974537203,Thursday,3.0,28.0,56.0,1.94,A Tiempo,Madrugada,False
2025-11-13 02:42:51.022536,Ruta 5 - Oeste,182,10.0,10,50,2025-11-13 02:30:00,2025-11-13 02:30:30.865415376,11.378926717184996,Thursday,0.0,28.0,56.0,0.51,A Tiempo,Madrugada,False
2025-11-13 16:42:51.022536,Ruta 4 - Este,182,7.0,2,60,2025-11-13 16:30:00,2025-11-13 16:30:55.446653952,29.7009785454723,Thursday,5.0,33.0,55.0,0.92,A Tiempo,Tarde,False
2025-11-14 07:57:51.022536,Ruta 1 - Centro,182,12.0,5,50,2025-11-14 07:45:00,2025-11-14 07:46:04.927363452,21.918501878404296,Friday,7.0,40.0,80.0,1.08,A Tiempo,Mañana,True
2025-11-14 14:27:51.022536,Ruta 1 - Centro,182,9.0,7,40,2025-11-14 14:15:00,2025-11-14 14:15:13.773165762,21.26602697876969,Friday,2.0,42.0,100.0,0.23,A Tiempo,Tarde,False
2025-11-14 15:32:51.022536,Ruta 4 - Este,182,11.0,6,50,2025-11-14 15:30:00,2025-11-14 15:32:37.029545454,21.51783314316732,Friday,5.0,47.0,94.0,2.62,Retraso Leve,Tarde,False
2025-11-14 20:52:51.022536,Ruta 4 - Este,182,7.0,7,50,2025-11-14 20:45:00,2025-11-14 20:48:05.006335056,27.609858889678375,Friday,0.0,47.0,94.0,3.08,Retraso Leve,Noche,False
2025-11-15 01:32:51.022536,Ruta 3 - Sur,182,11.0,3,60,2025-11-15 01:30:00,2025-11-15 01:30:10.132828656,16.805114322408976,Saturday,8.0,55.0,91.67,0.17,A Tiempo,Madrugada,False
2025-11-15 11:52:51.022536,Ruta 4 - Este,182,7.0,6,40,2025-11-15 11:45:00,2025-11-15 11:46:22.253739954,25.88376133910151,Saturday,1.0,56.0,100.0,1.37,A Tiempo,Mañana,False
2025-11-16 08:07:51.022536,Ruta 3 - Sur,182,6.0,4,50,2025-11-16 08:00:00,2025-11-16 08:00:28.081123716,24.96884685284247,Sunday,2.0,58.0,100.0,0.47,A Tiempo,Mañana,True
2025-11-16 16:57:51.022536,Ruta 4 - Este,182,4.0,5,60,2025-11-16 16:45:00,2025-11-16 16:46:06.445945596,18.020440250271932,Sunday,-1.0,57.0,95.0,1.11,A Tiempo,Tarde,False
2025-11-16 17:17:51.022536,Ruta 4 - Este,182,4.0,7,40,2025-11-16 17:15:00,2025-11-16 17:15:07.564432007,27.23453126035715,Sunday,-3.0,54.0,100.0,0.13,A Tiempo,Tarde,True
2025-11-16 18:17:51.022536,Ruta 4 - Este,182,6.0,3,50,2025-11-16 18:15:00,2025-11-16 18:16:14.004354492,19.41889032668061,Sunday,3.0,57.0,100.0,1.23,A Tiempo,Tarde,True
2025-11-16 18:37:51.022536,Ruta 6 - Express,182,5.0,2,50,2025-11-16 18:30:00,2025-11-16 18:30:36.069336030,20.168612859895475,Sunday,3.0,60.0,100.0,0.6,A Tiempo,Tarde,True
2025-11-16 19:22:51.022536,Ruta 5 - Oeste,182,10.0,5,50,2025-11-16 19:15:00,2025-11-16 19:16:56.619642462,23.373619802345235,Sunday,5.0,65.0,100.0,1.94,A Tiempo,Noche,True
2025-11-17 16:52:51.022536,Ruta 4 - Este,182,10.0,4,40,2025-11-17 16:45:00,2025-11-17 16:45:53.405918610,24.562798894737583,Monday,6.0,71.0,100.0,0.89,A Tiempo,Tarde,False
2025-11-18 00:22:51.022536,Ruta 3 - Sur,182,7.0,8,50,2025-11-18 00:15:00,2025-11-18 00:15:08.849969082,33.82951810617134,Tuesday,-1.0,70.0,100.0,0.15,A Tiempo,Madrugada,False
2025-11-18 22:22:51.022536,Ruta 3 - Sur,182,6.0,7,40,2025-11-18 22:15:00,2025-11-18 22:23:17.953534902,24.61227870456611,Tuesday,-1.0,69.0,100.0,8.3,Retraso Grave,Noche,False
2025-11-19 16:17:51.022536,Ruta 3 - Sur,182,6.0,7,50,2025-11-19 16:15:00,2025-11-19 16:17:45.780134418,23.16808895420077,Wednesday,-1.0,68.0,100.0,2.76,Retraso Leve,Tarde,False
2025-11-20 00:47:51.022536,Ruta 5 - Oeste,182,7.0,6,40,2025-11-20 00:45:00,2025-11-20 00:45:32.063336562,23.651634418408868,Thursday,1.0,69.0,100.0,0.53,A Tiempo,Madrugada,False
2025-11-20 19:37:51.022536,Ruta 4 - Este,182,5.0,8,60,2025-11-20 19:30:00,2025-11-20 19:30:20.396637042,26.38888940757524,Thursday,-3.0,66.0,100.0,0.34,A Tiempo,Noche,True
2025-11-20 23:12:51.022536,Ruta 5 - Oeste,182,2.0,6,50,2025-11-20 23:00:00,2025-11-20 23:01:59.811705354,28.15572701126242,Thursday,-4.0,62.0,100.0,2.0,A Tiempo,Noche,False
2025-11-21 00:57:51.022536,Ruta 3 - Sur,182,1.0,5,40,2025-11-21 00:45:00,2025-11-21 00:45:57.000758100,21.07145625666252,Friday,-4.0,58.0,100.0,0.95,A Tiempo,Madrugada,False
2025-11-21 10:32:51.022536,Ruta 3 - Sur,182,8.0,5,50,2025-11-21 10:30:00,2025-11-21 10:31:40.177031646,29.655810590485807,Friday,3.0,61.0,100.0,1.67,A Tiempo,Mañana,False
2025-11-21 11:07:51.022536,Ruta 4 - Este,182,7.0,4,60,2025-11-21 11:00:00,2025-11-21 11:01:22.127863062,19.85516061437011,Friday,3.0,64.0,100.0,1.37,A Tiempo,Mañana,False
2025-11-22 21:47:51.022536,Ruta 6 - Express,182,9.0,8,60,2025-11-22 21:45:00,2025-11-22 21:46:03.888238704,28.63887284444608,Saturday,1.0,65.0,100.0,1.06,A Tiempo,Noche,False
2025-11-23 01:52:51.022536,Ruta 3 - Sur,182,14.0,6,40,2025-11-23 01:45:00,2025-11-23 01:48:16.491184974,19.298935211225203,Sunday,8.0,73.0,100.0,3.27,Retraso Leve,Madrugada,False
2025-11-23 15:02:51.022536,Ruta 4 - Este,182,10.0,5,50,2025-11-23 15:00:00,2025-11-23 15:00:27.211274460,29.74734087133052,Sunday,5.0,78.0,100.0,0.45,A Tiempo,Tarde,False
2025-11-23 15:42:51.022536,Ruta 1 - Centro,182,9.0,5,40,2025-11-23 15:30:00,2025-11-23 15:40:48.047291160,16.662645481841196,Sunday,4.0,82.0,100.0,10.8,Retraso Grave,Tarde,False
2025-11-23 16:22:51.022536,Ruta 2 - Norte,182,6.0,5,40,2025-11-23 16:15:00,2025-11-23 16:15:28.320052284,15.81284045210753,Sunday,1.0,83.0,100.0,0.47,A Tiempo,Tarde,False
2025-11-23 16:27:51.022536,Ruta 3 - Sur,182,6.0,7,60,2025-11-23 16:15:00,2025-11-23 16:16:21.791383146,28.33440690269455,Sunday,-1.0,82.0,100.0,1.36,A Tiempo,Tarde,False
2025-11-25 01:42:51.022536,Ruta 6 - Express,182,5.0,5,40,2025-11-25 01:30:00,2025-11-25 01:30:20.819580186,24.881119866240063,Tuesday,0.0,82.0,100.0,0.35,A Tiempo,Madrugada,False
2025-11-25 06:47:51.022536,Ruta 4 - Este,182,7.0,6,60,2025-11-25 06:45:00,2025-11-25 06:47:21.236706678,32.66295745370608,Tuesday,1.0,83.0,100.0,2.35,Retraso Leve,Madrugada,False
2025-11-25 16:32:51.022536,Ruta 2 - Norte,182,6.0,7,50,2025-11-25 16:30:00,2025-11-25 16:31:18.548596158,29.103425776589532,Tuesday,-1.0,82.0,100.0,1.31,A Tiempo,Tarde,False
2025-11-25 19:22:51.022536,Ruta 5 - Oeste,182,3.0,6,60,2025-11-25 19:15:00,2025-11-25 19:16:25.120214574,26.573750467564437,Tuesday,-3.0,79.0,100.0,1.42,A Tiempo,Noche,True
2025-11-26 22:22:51.022536,Ruta 1 - Centro,182,8.0,9,50,2025-11-26 22:15:00,2025-11-26 22:16:11.645203836,24.042074353300357,Wednesday,-1.0,78.0,100.0,1.19,A Tiempo,Noche,False
2025-11-10 03:12:51.022536,Ruta 3 - Sur,183,6.0,11,60,2025-11-10 03:00:00,2025-11-10 03:00:50.128602870,31.79432284233647,Monday,-5.0,0.0,0.0,0.84,A Tiempo,Madrugada,False
2025-11-10 03:17:51.022536,Ruta 1 - Centro,183,6.0,6,60,2025-11-10 03:15:00,2025-11-10 03:15:08.020098228,20.556085540258785,Monday,0.0,0.0,0.0,0.13,A Tiempo,Madrugada,False
2025-11-10 12:22:51.022536,Ruta 3 - Sur,183,6.0,9,40,2025-11-10 12:15:00,2025-11-10 12:15:44.176396140,27.6873359843222,Monday,-3.0,0.0,0.0,0.74,A Tiempo,Mañana,False
2025-11-10 18:52:51.022536,Ruta 6 - Express,183,7.0,4,50,2025-11-10 18:45:00,2025-11-10 18:45:08.344925094,25.93570264537664,Monday,3.0,0.0,0.0,0.14,A Tiempo,Tarde,True
2025-11-10 20:22:51.022536,Ruta 4 - Este,183,10.0,8,50,2025-11-10 20:15:00,2025-11-10 20:16:19.365596880,26.255939571078468,Monday,2.0,0.0,0.0,1.32,A Tiempo,Noche,False
2025-11-10 23:02:51.022536,Ruta 2 - Norte,183,10.0,3,60,2025-11-10 23:00:00,2025-11-10 23:01:09.748427472,26.08054921422287,Monday,7.0,4.0,6.67,1.16,A Tiempo,Noche,False
2025-11-11 12:07:51.022536,Ruta 5 - Oeste,183,7.0,4,40,2025-11-11 12:00:00,2025-11-11 12:00:00.595969416,20.23052200241074,Tuesday,3.0,7.0,17.5,0.01,A Tiempo,Mañana,False
2025-11-12 04:07:51.022536,Ruta 3 - Sur,183,8.0,3,50,2025-11-12 04:00:00,2025-11-12 04:02:22.980607824,14.07943109936175,Wednesday,5.0,12.0,24.0,2.38,Retraso Leve,Madrugada,False
2025-11-12 05:17:51.022536,Ruta 4 - Este,183,6.0,8,40,2025-11-12 05:15:00,2025-11-12 05:17:02.507586240,32.38017006559853,Wednesday,-2.0,10.0,25.0,2.04,Retraso Leve,Madrugada,False
2025-11-12 23:42:51.022536,Ruta 4 - Este,183,4.0,10,60,2025-11-12 23:30:00,2025-11-12 23:31:08.595657762,26.635747208413285,Wednesday,-6.0,4.0,6.67,1.14,A Tiempo,Noche,False
2025-11-13 01:27:51.022536,Ruta 2 - Norte,183,12.0,4,60,2025-11-13 01:15:00,2025-11-13 01:16:51.653064138,24.752391282138458,Thursday,8.0,12.0,20.0,1.86,A Tiempo,Madrugada,False
2025-11-13 21:42:51.022536,Ruta 6 - Express,183,11.0,7,40,2025-11-13 21:30:00,2025-11-13 21:36:15.499759110,26.413495701555977,Thursday,4.0,16.0,40.0,6.26,Retraso Grave,Noche,False
2025-11-13 23:07:51.022536,Ruta 1 - Centro,183,10.0,7,60,2025-11-13 23:00:00,2025-11-13 23:01:12.835918788,26.138560584418663,Thursday,3.0,19.0,31.67,1.21,A Tiempo,Noche,False
2025-11-14 02:12:51.022536,Ruta 4 - Este,183,11.0,4,40,2025-11-14 02:00:00,2025-11-14 02:00:42.288200538,19.27401814413892,Friday,7.0,26.0,65.0,0.7,A Tiempo,Madrugada,False
2025-11-14 08:32:51.022536,Ruta 4 - Este,183,5.0,8,60,2025-11-14 08:30:00,2025-11-14 08:35:44.658541386,27.9292883765042,Friday,-3.0,23.0,38.33,5.74,Retraso Grave,Mañana,True
2025-11-14 09:52:51.022536,Ruta 1 - Centro,183,5.0,6,40,2025-11-14 09:45:00,2025-11-14 09:46:07.083633114,17.181981354224007,Friday,-1.0,22.0,55.0,1.12,A Tiempo,Mañana,True
2025-11-14 11:52:51.022536,Ruta 6 - Express,183,7.0,4,50,2025-11-14 11:45:00,2025-11-14 11:47:06.964498590,25.97203418043268,Friday,3.0,25.0,50.0,2.12,Retraso Leve,Mañana,False
2025-11-14 12:52:51.022536,Ruta 6 - Express,183,9.0,5,40,2025-11-14 12:45:00,2025-11-14 12:46:43.964963802,19.24298720187118,Friday,4.0,29.0,72.5,1.73,A Tiempo,Mañana,False
2025-11-15 13:07:51.022536,Ruta 2 - Norte,183,10.0,9,60,2025-11-15 13:00:00,2025-11-15 13:00:35.094696378,20.476284247364077,Saturday,1.0,30.0,50.0,0.58,A Tiempo,Tarde,False
2025-11-15 18:22:51.022536,Ruta 2 - Norte,183,7.0,4,50,2025-11-15 18:15:00,2025-11-15 18:16:39.761241540,25.82789163846447,Saturday,3.0,33.0,66.0,1.66,A Tiempo,Tarde,True
2025-11-16 03:37:51.022536,Ruta 4 - Este,183,5.0,3,60,2025-11-16 03:30:00,2025-11-16 03:33:52.673249136,34.05780534403944,Sunday,2.0,35.0,58.33,3.88,Retraso Leve,Madrugada,False
2025-11-16 16:42:51.022536,Ruta 5 - Oeste,183,8.0,6,40,2025-11-16 16:30:00,2025-11-16 16:39:53.330997126,22.038311117182342,Sunday,2.0,37.0,92.5,9.89,Retraso Grave,Tarde,False
2025-11-17 06:57:51.022536,Ruta 1 - Centro,183,11.0,4,60,2025-11-17 06:45:00,2025-11-17 06:45:00.595539528,31.046498303835577,Monday,7.0,44.0,73.33,0.01,A Tiempo,Madrugada,False
2025-11-17 17:52:51.022536,Ruta 2 - Norte,183,6.0,3,40,2025-11-17 17:45:00,2025-11-17 17:51:50.147482764,20.136622499460984,Monday,3.0,47.0,100.0,6.84,Retraso Grave,Tarde,True
2025-11-17 23:57:51.022536,Ruta 2 - Norte,183,7.0,8,50,2025-11-17 23:45:00,2025-11-17 23:45:33.098487126,22.83151049403341,Monday,-1.0,46.0,92.0,0.55,A Tiempo,Noche,False
2025-11-18 11:32:51.022536,Ruta 5 - Oeste,183,4.0,8,50,2025-11-18 11:30:00,2025-11-18 11:30:35.760641010,25.11261418502185,Tuesday,-4.0,42.0,84.0,0.6,A Tiempo,Mañana,False
2025-11-18 18:32:51.022536,Ruta 5 - Oeste,183,7.0,5,50,2025-11-18 18:30:00,2025-11-18 18:30:14.400473580,26.70039932194368,Tuesday,2.0,44.0,88.0,0.24,A Tiempo,Tarde,True
2025-11-18 21:22:51.022536,Ruta 2 - Norte,183,10.0,5,40,2025-11-18 21:15:00,2025-11-18 21:16:11.368626234,33.32942136526084,Tuesday,5.0,49.0,100.0,1.19,A Tiempo,Noche,False
2025-11-18 23:52:51.022536,Ruta 5 - Oeste,183,8.0,3,50,2025-11-18 23:45:00,2025-11-18 23:48:16.090503630,25.60720750652094,Tuesday,5.0,54.0,100.0,3.27,Retraso Leve,Noche,False
2025-11-19 06:07:51.022536,Ruta 2 - Norte,183,6.0,9,40,2025-11-19 06:00:00,2025-11-19 06:01:10.929050688,38.74723838476755,Wednesday,-3.0,51.0,100.0,1.18,A Tiempo,Madrugada,False
2025-11-19 12:27:51.022536,Ruta 6 - Express,183,6.0,7,40,2025-11-19 12:15:00,2025-11-19 12:16:58.729973886,28.222077857058476,Wednesday,-1.0,50.0,100.0,1.98,A Tiempo,Mañana,False
2025-11-20 09:12:51.022536,Ruta 1 - Centro,183,3.0,4,40,2025-11-20 09:00:00,2025-11-20 09:02:08.025319254,27.714001267159446,Thursday,-1.0,49.0,100.0,2.13,Retraso Leve,Mañana,True
2025-11-20 10:47:51.022536,Ruta 5 - Oeste,183,10.0,9,40,2025-11-20 10:45:00,2025-11-20 10:48:17.171445582,32.94595179331952,Thursday,1.0,50.0,100.0,3.29,Retraso Leve,Mañana,False
2025-11-20 18:22:51.022536,Ruta 6 - Express,183,9.0,2,50,2025-11-20 18:15:00,2025-11-20 18:15:01.655119008,21.99676501640962,Thursday,7.0,57.0,100.0,0.03,A Tiempo,Tarde,True
2025-11-21 04:42:51.022536,Ruta 6 - Express,183,11.0,5,40,2025-11-21 04:30:00,2025-11-21 04:30:46.266170508,29.72116170205112,Friday,6.0,63.0,100.0,0.77,A Tiempo,Madrugada,False
2025-11-21 14:52:51.022536,Ruta 3 - Sur,183,10.0,3,40,2025-11-21 14:45:00,2025-11-21 14:45:21.211654866,18.692010543766592,Friday,7.0,70.0,100.0,0.35,A Tiempo,Tarde,False
2025-11-21 19:12:51.022536,Ruta 1 - Centro,183,3.0,13,60,2025-11-21 19:00:00,2025-11-21 19:02:19.325476110,20.047098229728874,Friday,-10.0,60.0,100.0,2.32,Retraso Leve,Noche,True
2025-11-22 03:27:51.022536,Ruta 6 - Express,183,4.0,7,50,2025-11-22 03:15:00,2025-11-22 03:16:00.360880794,21.59633171502625,Saturday,-3.0,57.0,100.0,1.01,A Tiempo,Madrugada,False
2025-11-22 10:02:51.022536,Ruta 6 - Express,183,11.0,11,40,2025-11-22 10:00:00,2025-11-22 10:01:03.363334524,28.572103324332105,Saturday,0.0,57.0,100.0,1.06,A Tiempo,Mañana,False
2025-11-22 15:12:51.022536,Ruta 3 - Sur,183,4.0,3,60,2025-11-22 15:00:00,2025-11-22 15:00:22.955702178,23.390998565015835,Saturday,1.0,58.0,96.67,0.38,A Tiempo,Tarde,False
2025-11-23 01:37:51.022536,Ruta 6 - Express,183,5.0,9,40,2025-11-23 01:30:00,2025-11-23 01:30:04.712716566,14.422964999507562,Sunday,-4.0,54.0,100.0,0.08,A Tiempo,Madrugada,False
2025-11-24 11:52:51.022536,Ruta 4 - Este,183,9.0,6,50,2025-11-24 11:45:00,2025-11-24 11:45:07.896777611,20.18670951864804,Monday,3.0,57.0,100.0,0.13,A Tiempo,Mañana,False
2025-11-24 12:32:51.022536,Ruta 2 - Norte,183,9.0,7,40,2025-11-24 12:30:00,2025-11-24 12:30:53.302241010,27.5489623526192,Monday,2.0,59.0,100.0,0.89,A Tiempo,Mañana,False
2025-11-24 18:52:51.022536,Ruta 4 - Este,183,8.0,5,40,2025-11-24 18:45:00,2025-11-24 18:46:09.389452542,23.584735503491952,Monday,3.0,62.0,100.0,1.16,A Tiempo,Tarde,True
2025-11-24 22:12:51.022536,Ruta 1 - Centro,183,9.0,5,60,2025-11-24 22:00:00,2025-11-24 22:00:21.113434734,21.61424459452157,Monday,4.0,66.0,100.0,0.35,A Tiempo,Noche,False
2025-11-25 03:32:51.022536,Ruta 1 - Centro,183,6.0,4,50,2025-11-25 03:30:00,2025-11-25 03:30:29.485163340,26.067181768433784,Tuesday,2.0,68.0,100.0,0.49,A Tiempo,Madrugada,False
2025-11-25 23:12:51.022536,Ruta 4 - Este,183,9.0,9,60,2025-11-25 23:00:00,2025-11-25 23:00:09.053430330,25.61415306758333,Tuesday,0.0,68.0,100.0,0.15,A Tiempo,Noche,False
2025-11-26 19:17:51.022536,Ruta 5 - Oeste,183,10.0,3,50,2025-11-26 19:15:00,2025-11-26 19:15:47.938089096,28.59366748826469,Wednesday,7.0,75.0,100.0,0.8,A Tiempo,Noche,True
2025-11-26 19:57:51.022536,Ruta 5 - Oeste,183,12.0,7,40,2025-11-26 19:45:00,2025-11-26 19:48:33.490527084,26.52529900494979,Wednesday,5.0,80.0,100.0,3.56,Retraso Leve,Noche,True
2025-11-10 09:37:51.022536,Ruta 3 - Sur,184,8.0,7,50,2025-11-10 09:30:00,2025-11-10 09:32:52.819671252,28.52869426294867,Monday,1.0,1.0,2.0,2.88,Retraso Leve,Mañana,True
2025-11-11 05:47:51.022536,Ruta 2 - Norte,184,11.0,7,60,2025-11-11 05:45:00,2025-11-11 05:48:19.996894668,23.11823716389515,Tuesday,4.0,5.0,8.33,3.33,Retraso Leve,Madrugada,False
2025-11-11 12:02:51.022536,Ruta 3 - Sur,184,9.0,7,60,2025-11-11 12:00:00,2025-11-11 12:00:50.093559864,28.186686349531183,Tuesday,2.0,7.0,11.67,0.83,A Tiempo,Mañana,False
2025-11-11 15:52:51.022536,Ruta 3 - Sur,184,7.0,3,40,2025-11-11 15:45:00,2025-11-11 15:45:06.673209954,28.52429860078784,Tuesday,4.0,11.0,27.5,0.11,A Tiempo,Tarde,False
2025-11-11 19:57:51.022536,Ruta 2 - Norte,184,11.0,4,50,2025-11-11 19:45:00,2025-11-11 19:50:28.466561466,24.473772328192624,Tuesday,7.0,18.0,36.0,5.47,Retraso Grave,Noche,True
2025-11-11 20:02:51.022536,Ruta 6 - Express,184,10.0,7,60,2025-11-11 20:00:00,2025-11-11 20:01:44.142776844,31.08590372288939,Tuesday,3.0,21.0,35.0,1.74,A Tiempo,Noche,False
2025-11-12 05:32:51.022536,Ruta 4 - Este,184,6.0,7,60,2025-11-12 05:30:00,2025-11-12 05:42:31.621211045,30.2650370399371,Wednesday,-1.0,20.0,33.33,12.53,Retraso Grave,Madrugada,False
2025-11-12 10:52:51.022536,Ruta 1 - Centro,184,7.0,2,60,2025-11-12 10:45:00,2025-11-12 10:48:19.494486744,28.20459958236661,Wednesday,5.0,25.0,41.67,3.32,Retraso Leve,Mañana,False
2025-11-13 04:42:51.022536,Ruta 4 - Este,184,5.0,7,50,2025-11-13 04:30:00,2025-11-13 04:30:19.849276644,23.556599492562302,Thursday,-2.0,23.0,46.0,0.33,A Tiempo,Madrugada,False
2025-11-13 08:37:51.022536,Ruta 4 - Este,184,10.0,5,40,2025-11-13 08:30:00,2025-11-13 08:30:12.896555466,26.50737564936911,Thursday,5.0,28.0,70.0,0.21,A Tiempo,Mañana,True
2025-11-13 16:27:51.022536,Ruta 5 - Oeste,184,9.0,1,50,2025-11-13 16:15:00,2025-11-13 16:22:57.876292704,27.2163572366752,Thursday,8.0,36.0,72.0,7.96,Retraso Grave,Tarde,False
2025-11-13 18:27:51.022536,Ruta 6 - Express,184,15.0,2,50,2025-11-13 18:15:00,2025-11-13 18:16:08.932085784,23.24183565607168,Thursday,13.0,49.0,98.0,1.15,A Tiempo,Tarde,True
2025-11-15 09:27:51.022536,Ruta 1 - Centro,184,12.0,7,40,2025-11-15 09:15:00,2025-11-15 09:16:11.309947260,24.7189367936347,Saturday,5.0,54.0,100.0,1.19,A Tiempo,Mañana,True
2025-11-15 13:27:51.022536,Ruta 3 - Sur,184,10.0,6,60,2025-11-15 13:15:00,2025-11-15 13:15:16.066615620,16.04450407305665,Saturday,4.0,58.0,96.67,0.27,A Tiempo,Tarde,False
2025-11-16 00:52:51.022536,Ruta 4 - Este,184,5.0,9,60,2025-11-16 00:45:00,2025-11-16 00:45:17.588436966,31.422817406485606,Sunday,-4.0,54.0,90.0,0.29,A Tiempo,Madrugada,False
2025-11-16 01:02:51.022536,Ruta 3 - Sur,184,8.0,4,50,2025-11-16 01:00:00,2025-11-16 01:00:04.712909328,19.861536329819547,Sunday,4.0,58.0,100.0,0.08,A Tiempo,Madrugada,False
2025-11-16 14:42:51.022536,Ruta 5 - Oeste,184,6.0,6,50,2025-11-16 14:30:00,2025-11-16 14:30:42.495560598,15.631237649605843,Sunday,0.0,58.0,100.0,0.71,A Tiempo,Tarde,False
2025-11-17 07:02:51.022536,Ruta 6 - Express,184,9.0,7,40,2025-11-17 07:00:00,2025-11-17 07:03:21.905278470,22.338459079771123,Monday,2.0,60.0,100.0,3.37,Retraso Leve,Mañana,True
2025-11-17 08:02:51.022536,Ruta 2 - Norte,184,10.0,6,60,2025-11-17 08:00:00,2025-11-17 08:01:43.233573138,29.443325336706625,Monday,4.0,64.0,100.0,1.72,A Tiempo,Mañana,True
2025-11-17 20:02:51.022536,Ruta 2 - Norte,184,7.0,5,60,2025-11-17 20:00:00,2025-11-17 20:04:41.705549046,26.16935340374115,Monday,2.0,66.0,100.0,4.7,Retraso Leve,Noche,False
2025-11-18 10:42:51.022536,Ruta 3 - Sur,184,13.0,7,40,2025-11-18 10:30:00,2025-11-18 10:33:13.606451520,25.86364620372155,Tuesday,6.0,72.0,100.0,3.23,Retraso Leve,Mañana,False
2025-11-19 03:57:51.022536,Ruta 3 - Sur,184,6.0,3,40,2025-11-19 03:45:00,2025-11-19 03:47:55.633638486,23.3745857001037,Wednesday,3.0,75.0,100.0,2.93,Retraso Leve,Madrugada,False
2025-11-19 06:02:51.022536,Ruta 1 - Centro,184,12.0,8,40,2025-11-19 06:00:00,2025-11-19 06:00:12.391941150,17.631264145235114,Wednesday,4.0,79.0,100.0,0.21,A Tiempo,Madrugada,False
2025-11-19 06:42:51.022536,Ruta 3 - Sur,184,5.0,5,40,2025-11-19 06:30:00,2025-11-19 06:32:21.378220374,38.99689536523993,Wednesday,0.0,79.0,100.0,2.36,Retraso Leve,Madrugada,False
2025-11-19 09:17:51.022536,Ruta 6 - Express,184,11.0,8,60,2025-11-19 09:15:00,2025-11-19 09:15:14.972523606,23.103466401352044,Wednesday,3.0,82.0,100.0,0.25,A Tiempo,Mañana,True
2025-11-19 11:57:51.022536,Ruta 6 - Express,184,8.0,3,50,2025-11-19 11:45:00,2025-11-19 11:47:25.712950428,21.29490157815124,Wednesday,5.0,87.0,100.0,2.43,Retraso Leve,Mañana,False
2025-11-19 19:52:51.022536,Ruta 1 - Centro,184,8.0,9,40,2025-11-19 19:45:00,2025-11-19 19:52:13.345469280,22.250811296927083,Wednesday,-1.0,86.0,100.0,7.22,Retraso Grave,Noche,True
2025-11-19 20:42:51.022536,Ruta 4 - Este,184,7.0,8,40,2025-11-19 20:30:00,2025-11-19 20:31:31.828078416,31.10870242122626,Wednesday,-1.0,85.0,100.0,1.53,A Tiempo,Noche,False
2025-11-20 08:27:51.022536,Ruta 5 - Oeste,184,6.0,6,50,2025-11-20 08:15:00,2025-11-20 08:15:22.757123112,28.65879162836016,Thursday,0.0,85.0,100.0,0.38,A Tiempo,Mañana,True
2025-11-20 13:02:51.022536,Ruta 6 - Express,184,10.0,3,50,2025-11-20 13:00:00,2025-11-20 13:00:56.547080664,19.46339744430709,Thursday,7.0,92.0,100.0,0.94,A Tiempo,Tarde,False
2025-11-20 13:12:51.022536,Ruta 4 - Este,184,6.0,5,40,2025-11-20 13:00:00,2025-11-20 13:00:40.012193844,35.68486712442495,Thursday,1.0,93.0,100.0,0.67,A Tiempo,Tarde,False
2025-11-20 18:42:51.022536,Ruta 4 - Este,184,8.0,4,60,2025-11-20 18:30:00,2025-11-20 18:30:34.980737562,23.015550076870767,Thursday,4.0,97.0,100.0,0.58,A Tiempo,Tarde,True
2025-11-21 01:17:51.022536,Ruta 5 - Oeste,184,10.0,2,50,2025-11-21 01:15:00,2025-11-21 01:15:09.417981894,25.286971792995452,Friday,8.0,105.0,100.0,0.16,A Tiempo,Madrugada,False
2025-11-22 04:57:51.022536,Ruta 1 - Centro,184,9.0,4,40,2025-11-22 04:45:00,2025-11-22 04:46:50.757256170,24.89566531398108,Saturday,5.0,110.0,100.0,1.85,A Tiempo,Madrugada,False
2025-11-22 05:42:51.022536,Ruta 2 - Norte,184,7.0,6,40,2025-11-22 05:30:00,2025-11-22 05:31:14.767114476,27.000830208584212,Saturday,1.0,111.0,100.0,1.25,A Tiempo,Madrugada,False
2025-11-22 08:42:51.022536,Ruta 3 - Sur,184,4.0,2,60,2025-11-22 08:30:00,2025-11-22 08:30:07.135817310,26.13166785975228,Saturday,2.0,113.0,100.0,0.12,A Tiempo,Mañana,True
2025-11-23 00:07:51.022536,Ruta 4 - Este,184,6.0,7,40,2025-11-23 00:00:00,2025-11-23 00:04:26.027069172,25.56342623728264,Sunday,-1.0,112.0,100.0,4.43,Retraso Leve,Madrugada,False
2025-11-23 13:17:51.022536,Ruta 3 - Sur,184,15.0,8,50,2025-11-23 13:15:00,2025-11-23 13:15:55.072590426,31.280164096567223,Sunday,7.0,119.0,100.0,0.92,A Tiempo,Tarde,False
2025-11-23 21:57:51.022536,Ruta 5 - Oeste,184,9.0,6,40,2025-11-23 21:45:00,2025-11-23 21:50:34.745736174,27.54984625183891,Sunday,3.0,122.0,100.0,5.58,Retraso Grave,Noche,False
2025-11-24 06:42:51.022536,Ruta 6 - Express,184,3.0,4,40,2025-11-24 06:30:00,2025-11-24 06:32:23.021459046,23.57389047978793,Monday,-1.0,121.0,100.0,2.38,Retraso Leve,Madrugada,False
2025-11-24 08:57:51.022536,Ruta 1 - Centro,184,8.0,8,60,2025-11-24 08:45:00,2025-11-24 08:45:17.906151300,25.584666405008072,Monday,0.0,121.0,100.0,0.3,A Tiempo,Mañana,True
2025-11-24 19:22:51.022536,Ruta 2 - Norte,184,6.0,4,60,2025-11-24 19:15:00,2025-11-24 19:18:48.475430376,19.487932675438287,Monday,2.0,123.0,100.0,3.81,Retraso Leve,Noche,True
2025-11-25 12:32:51.022536,Ruta 6 - Express,184,1.0,3,40,2025-11-25 12:30:00,2025-11-25 12:30:01.915819560,20.88153399558636,Tuesday,-2.0,121.0,100.0,0.03,A Tiempo,Mañana,False
2025-11-25 19:02:51.022536,Ruta 4 - Este,184,9.0,6,50,2025-11-25 19:00:00,2025-11-25 19:01:04.548437436,21.40696027762601,Tuesday,3.0,124.0,100.0,1.08,A Tiempo,Noche,True
2025-11-26 02:32:51.022536,Ruta 6 - Express,184,17.0,4,60,2025-11-26 02:30:00,2025-11-26 02:30:18.205068114,29.935599675498665,Wednesday,13.0,137.0,100.0,0.3,A Tiempo,Madrugada,False
2025-11-26 09:42:51.022536,Ruta 5 - Oeste,184,9.0,6,50,2025-11-26 09:30:00,2025-11-26 09:34:30.231659580,24.465344066641507,Wednesday,3.0,140.0,100.0,4.5,Retraso Leve,Mañana,True
2025-11-26 21:47:51.022536,Ruta 6 - Express,184,6.0,11,50,2025-11-26 21:45:00,2025-11-26 21:45:50.925389160,30.454783629426192,Wednesday,-5.0,135.0,100.0,0.85,A Tiempo,Noche,False
2025-11-09 22:07:51.022536,Ruta 2 - Norte,185,10.0,4,60,2025-11-09 22:00:00,2025-11-09 22:00:33.751041522,21.20834275169232,Sunday,6.0,6.0,10.0,0.56,A Tiempo,Noche,False
2025-11-10 08:17:51.022536,Ruta 6 - Express,185,10.0,3,40,2025-11-10 08:15:00,2025-11-10 08:15:03.104801112,28.436118918355408,Monday,7.0,13.0,32.5,0.05,A Tiempo,Mañana,True
2025-11-10 15:12:51.022536,Ruta 5 - Oeste,185,10.0,8,50,2025-11-10 15:00:00,2025-11-10 15:04:28.392180276,16.85798005832233,Monday,2.0,15.0,30.0,4.47,Retraso Leve,Tarde,False
2025-11-11 01:02:51.022536,Ruta 4 - Este,185,4.0,8,40,2025-11-11 01:00:00,2025-11-11 01:01:16.258034789,30.062845422786573,Tuesday,-4.0,11.0,27.5,1.27,A Tiempo,Madrugada,False
2025-11-11 20:27:51.022536,Ruta 3 - Sur,185,10.0,9,50,2025-11-11 20:15:00,2025-11-11 20:16:51.832859214,19.856065276473075,Tuesday,1.0,12.0,24.0,1.86,A Tiempo,Noche,False
2025-11-11 22:32:51.022536,Ruta 1 - Centro,185,12.0,6,40,2025-11-11 22:30:00,2025-11-11 22:37:27.988685952,18.584562800764463,Tuesday,6.0,18.0,45.0,7.47,Retraso Grave,Noche,False
2025-11-12 05:27:51.022536,Ruta 4 - Este,185,10.0,9,60,2025-11-12 05:15:00,2025-11-12 05:22:45.863930646,32.610073193876126,Wednesday,1.0,19.0,31.67,7.76,Retraso Grave,Madrugada,False
2025-11-12 07:17:51.022536,Ruta 5 - Oeste,185,10.0,9,60,2025-11-12 07:15:00,2025-11-12 07:16:08.801014500,20.032080389807756,Wednesday,1.0,20.0,33.33,1.15,A Tiempo,Mañana,True
2025-11-12 14:57:51.022536,Ruta 2 - Norte,185,7.0,6,50,2025-11-12 14:45:00,2025-11-12 14:46:01.442328078,24.10533022376069,Wednesday,1.0,21.0,42.0,1.02,A Tiempo,Tarde,False
2025-11-13 01:02:51.022536,Ruta 1 - Centro,185,9.0,4,40,2025-11-13 01:00:00,2025-11-13 01:00:52.752867996,16.709903506650885,Thursday,5.0,26.0,65.0,0.88,A Tiempo,Madrugada,False
2025-11-13 04:52:51.022536,Ruta 6 - Express,185,6.0,3,60,2025-11-13 04:45:00,2025-11-13 04:45:10.255461228,27.844790367577264,Thursday,3.0,29.0,48.33,0.17,A Tiempo,Madrugada,False
2025-11-14 13:57:51.022536,Ruta 4 - Este,185,7.0,3,60,2025-11-14 13:45:00,2025-11-14 13:46:18.053148312,28.560086542834277,Friday,4.0,33.0,55.0,1.3,A Tiempo,Tarde,False
2025-11-14 14:17:51.022536,Ruta 5 - Oeste,185,8.0,5,40,2025-11-14 14:15:00,2025-11-14 14:15:18.511080138,25.696042218291435,Friday,3.0,36.0,90.0,0.31,A Tiempo,Tarde,False
2025-11-15 05:27:51.022536,Ruta 1 - Centro,185,8.0,6,60,2025-11-15 05:15:00,2025-11-15 05:16:07.141239000,22.73910012479725,Saturday,2.0,38.0,63.33,1.12,A Tiempo,Madrugada,False
2025-11-15 21:47:51.022536,Ruta 6 - Express,185,10.0,11,50,2025-11-15 21:45:00,2025-11-15 21:45:39.353502810,18.2808452993908,Saturday,-1.0,37.0,74.0,0.66,A Tiempo,Noche,False
2025-11-16 00:47:51.022536,Ruta 6 - Express,185,5.0,3,60,2025-11-16 00:45:00,2025-11-16 00:50:16.954496490,17.672823116349402,Sunday,2.0,39.0,65.0,5.28,Retraso Grave,Madrugada,False
2025-11-16 17:02:51.022536,Ruta 5 - Oeste,185,8.0,4,60,2025-11-16 17:00:00,2025-11-16 17:00:33.920234124,31.66708324762202,Sunday,4.0,43.0,71.67,0.57,A Tiempo,Tarde,True
2025-11-16 23:02:51.022536,Ruta 6 - Express,185,8.0,12,40,2025-11-16 23:00:00,2025-11-16 23:02:01.032347766,29.412955457656167,Sunday,-4.0,39.0,97.5,2.02,Retraso Leve,Noche,False
2025-11-17 09:47:51.022536,Ruta 6 - Express,185,7.0,7,60,2025-11-17 09:45:00,2025-11-17 09:47:00.844889442,17.474754175888403,Monday,0.0,39.0,65.0,2.01,Retraso Leve,Mañana,True
2025-11-17 09:57:51.022536,Ruta 2 - Norte,185,11.0,8,50,2025-11-17 09:45:00,2025-11-17 09:49:41.339187846,25.454747712731297,Monday,3.0,42.0,84.0,4.69,Retraso Leve,Mañana,True
2025-11-17 14:37:51.022536,Ruta 3 - Sur,185,7.0,5,60,2025-11-17 14:30:00,2025-11-17 14:32:55.215888450,22.309303836858177,Monday,2.0,44.0,73.33,2.92,Retraso Leve,Tarde,False
2025-11-17 16:57:51.022536,Ruta 6 - Express,185,10.0,1,50,2025-11-17 16:45:00,2025-11-17 16:46:35.088997080,18.955153898600138,Monday,9.0,53.0,100.0,1.58,A Tiempo,Tarde,False
2025-11-19 04:02:51.022536,Ruta 4 - Este,185,9.0,5,60,2025-11-19 04:00:00,2025-11-19 04:03:05.101834890,26.06464652497211,Wednesday,4.0,57.0,95.0,3.09,Retraso Leve,Madrugada,False
2025-11-19 06:47:51.022536,Ruta 2 - Norte,185,9.0,10,50,2025-11-19 06:45:00,2025-11-19 06:45:25.907656002,18.030546111328945,Wednesday,-1.0,56.0,100.0,0.43,A Tiempo,Madrugada,False
2025-11-19 08:07:51.022536,Ruta 1 - Centro,185,5.0,5,60,2025-11-19 08:00:00,2025-11-19 08:01:01.140239922,25.71286654328071,Wednesday,0.0,56.0,93.33,1.02,A Tiempo,Mañana,True
2025-11-19 17:12:51.022536,Ruta 3 - Sur,185,10.0,6,50,2025-11-19 17:00:00,2025-11-19 17:01:06.314417898,31.3941623132065,Wednesday,4.0,60.0,100.0,1.11,A Tiempo,Tarde,True
2025-11-20 08:02:51.022536,Ruta 3 - Sur,185,10.0,5,60,2025-11-20 08:00:00,2025-11-20 08:00:42.414624642,31.489653716409265,Thursday,5.0,65.0,100.0,0.71,A Tiempo,Mañana,True
2025-11-20 08:07:51.022536,Ruta 1 - Centro,185,5.0,11,40,2025-11-20 08:00:00,2025-11-20 08:01:52.002217464,28.980083038496915,Thursday,-6.0,59.0,100.0,1.87,A Tiempo,Mañana,True
2025-11-21 00:47:51.022536,Ruta 3 - Sur,185,9.0,7,60,2025-11-21 00:45:00,2025-11-21 00:46:55.383935964,19.7247935224781,Friday,2.0,61.0,100.0,1.92,A Tiempo,Madrugada,False
2025-11-21 01:57:51.022536,Ruta 4 - Este,185,6.0,5,50,2025-11-21 01:45:00,2025-11-21 01:46:48.409450902,21.858845177354706,Friday,1.0,62.0,100.0,1.81,A Tiempo,Madrugada,False
2025-11-21 09:02:51.022536,Ruta 6 - Express,185,4.0,3,40,2025-11-21 09:00:00,2025-11-21 09:13:10.121425968,26.54185320975094,Friday,1.0,63.0,100.0,13.17,Retraso Grave,Mañana,True
2025-11-21 09:07:51.022536,Ruta 6 - Express,185,9.0,10,40,2025-11-21 09:00:00,2025-11-21 09:02:25.722112506,30.577291938060664,Friday,-1.0,62.0,100.0,2.43,Retraso Leve,Mañana,True
2025-11-21 19:07:51.022536,Ruta 1 - Centro,185,10.0,7,60,2025-11-21 19:00:00,2025-11-21 19:01:16.441533630,28.13325475191377,Friday,3.0,65.0,100.0,1.27,A Tiempo,Noche,True
2025-11-22 10:12:51.022536,Ruta 5 - Oeste,185,11.0,6,50,2025-11-22 10:00:00,2025-11-22 10:10:34.834926276,18.934699779036364,Saturday,5.0,70.0,100.0,10.58,Retraso Grave,Mañana,False
2025-11-22 16:07:51.022536,Ruta 1 - Centro,185,8.0,9,50,2025-11-22 16:00:00,2025-11-22 16:07:25.194125940,28.80925329564841,Saturday,-1.0,69.0,100.0,7.42,Retraso Grave,Tarde,False
2025-11-24 06:17:51.022536,Ruta 2 - Norte,185,8.0,7,40,2025-11-24 06:15:00,2025-11-24 06:15:48.516502218,21.830257665075365,Monday,1.0,70.0,100.0,0.81,A Tiempo,Madrugada,False
2025-11-24 14:17:51.022536,Ruta 2 - Norte,185,7.0,4,40,2025-11-24 14:15:00,2025-11-24 14:25:01.071017682,18.72635224251745,Monday,3.0,73.0,100.0,10.02,Retraso Grave,Tarde,False
2025-11-25 01:37:51.022536,Ruta 3 - Sur,185,12.0,7,50,2025-11-25 01:30:00,2025-11-25 01:30:32.290342152,21.46281954753554,Tuesday,5.0,78.0,100.0,0.54,A Tiempo,Madrugada,False
2025-11-25 03:47:51.022536,Ruta 4 - Este,185,5.0,6,40,2025-11-25 03:45:00,2025-11-25 03:46:38.718007242,30.64402257126947,Tuesday,-1.0,77.0,100.0,1.65,A Tiempo,Madrugada,False
2025-11-25 06:57:51.022536,Ruta 1 - Centro,185,6.0,7,40,2025-11-25 06:45:00,2025-11-25 06:46:56.665524468,19.540852189945625,Tuesday,-1.0,76.0,100.0,1.94,A Tiempo,Madrugada,False
2025-11-25 08:57:51.022536,Ruta 1 - Centro,185,7.0,1,60,2025-11-25 08:45:00,2025-11-25 08:48:38.398098024,25.962447145353337,Tuesday,6.0,82.0,100.0,3.64,Retraso Leve,Mañana,True
2025-11-25 11:42:51.022536,Ruta 1 - Centro,185,6.0,4,50,2025-11-25 11:30:00,2025-11-25 11:30:28.642381368,21.88802938366242,Tuesday,2.0,84.0,100.0,0.48,A Tiempo,Mañana,False
2025-11-25 12:47:51.022536,Ruta 1 - Centro,185,9.0,4,40,2025-11-25 12:45:00,2025-11-25 12:49:12.758925600,26.322168693239067,Tuesday,5.0,89.0,100.0,4.21,Retraso Leve,Mañana,False
2025-11-26 11:07:51.022536,Ruta 3 - Sur,185,8.0,7,60,2025-11-26 11:00:00,2025-11-26 11:00:35.915088150,29.70903734512323,Wednesday,1.0,90.0,100.0,0.6,A Tiempo,Mañana,False
2025-11-26 15:42:51.022536,Ruta 6 - Express,185,8.0,3,40,2025-11-26 15:30:00,2025-11-26 15:30:31.054819518,27.966090518031454,Wednesday,5.0,95.0,100.0,0.52,A Tiempo,Tarde,False
2025-11-09 21:32:51.022536,Ruta 6 - Express,186,8.0,6,50,2025-11-09 21:30:00,2025-11-09 21:33:47.850561498,23.09468798514125,Sunday,2.0,2.0,4.0,3.8,Retraso Leve,Noche,False
2025-11-10 11:02:51.022536,Ruta 3 - Sur,186,6.0,8,50,2025-11-10 11:00:00,2025-11-10 11:10:06.982575810,24.57074277495124,Monday,-2.0,0.0,0.0,10.12,Retraso Grave,Mañana,False
2025-11-10 13:27:51.022536,Ruta 2 - Norte,186,9.0,6,50,2025-11-10 13:15:00,2025-11-10 13:18:54.461099982,27.666233555615754,Monday,3.0,3.0,6.0,3.91,Retraso Leve,Tarde,False
2025-11-10 13:52:51.022536,Ruta 1 - Centro,186,5.0,10,60,2025-11-10 13:45:00,2025-11-10 13:46:57.879904518,29.636189692751152,Monday,-5.0,0.0,0.0,1.96,A Tiempo,Tarde,False
2025-11-10 19:57:51.022536,Ruta 6 - Express,186,4.0,6,50,2025-11-10 19:45:00,2025-11-10 19:46:13.790902542,22.169459701508337,Monday,-2.0,0.0,0.0,1.23,A Tiempo,Noche,True
2025-11-11 01:37:51.022536,Ruta 6 - Express,186,8.0,7,50,2025-11-11 01:30:00,2025-11-11 01:34:55.369219974,26.53699629646541,Tuesday,1.0,0.0,0.0,4.92,Retraso Leve,Madrugada,False
2025-11-11 03:07:51.022536,Ruta 4 - Este,186,8.0,12,50,2025-11-11 03:00:00,2025-11-11 03:01:40.058884836,27.163559697150205,Tuesday,-4.0,0.0,0.0,1.67,A Tiempo,Madrugada,False
2025-11-11 16:57:51.022536,Ruta 1 - Centro,186,14.0,8,40,2025-11-11 16:45:00,2025-11-11 16:45:07.762692534,23.45641482883672,Tuesday,6.0,0.0,0.0,0.13,A Tiempo,Tarde,False
2025-11-12 03:52:51.022536,Ruta 5 - Oeste,186,11.0,11,50,2025-11-12 03:45:00,2025-11-12 03:46:28.583629914,30.88271992927356,Wednesday,0.0,0.0,0.0,1.48,A Tiempo,Madrugada,False
2025-11-12 04:17:51.022536,Ruta 3 - Sur,186,5.0,9,40,2025-11-12 04:15:00,2025-11-12 04:15:47.662484532,19.81685247720248,Wednesday,-4.0,0.0,0.0,0.79,A Tiempo,Madrugada,False
2025-11-12 04:27:51.022536,Ruta 2 - Norte,186,4.0,5,60,2025-11-12 04:15:00,2025-11-12 04:16:14.066117610,23.615308014054403,Wednesday,-1.0,0.0,0.0,1.23,A Tiempo,Madrugada,False
2025-11-12 06:42:51.022536,Ruta 5 - Oeste,186,6.0,8,50,2025-11-12 06:30:00,2025-11-12 06:32:01.646631546,30.624964593859517,Wednesday,-2.0,0.0,0.0,2.03,Retraso Leve,Madrugada,False
2025-11-13 02:07:51.022536,Ruta 4 - Este,186,3.0,3,60,2025-11-13 02:00:00,2025-11-13 02:00:35.965407498,27.693656599135963,Thursday,0.0,0.0,0.0,0.6,A Tiempo,Madrugada,False
2025-11-13 03:02:51.022536,Ruta 6 - Express,186,12.0,4,40,2025-11-13 03:00:00,2025-11-13 03:00:52.835127426,24.483513200406268,Thursday,8.0,0.0,0.0,0.88,A Tiempo,Madrugada,False
2025-11-13 12:42:51.022536,Ruta 6 - Express,186,7.0,5,60,2025-11-13 12:30:00,2025-11-13 12:33:12.116047560,16.247203530790827,Thursday,2.0,2.0,3.33,3.2,Retraso Leve,Mañana,False
2025-11-13 14:47:51.022536,Ruta 4 - Este,186,9.0,9,50,2025-11-13 14:45:00,2025-11-13 14:46:23.859715194,24.30622965464681,Thursday,0.0,2.0,4.0,1.4,A Tiempo,Tarde,False
2025-11-14 05:57:51.022536,Ruta 1 - Centro,186,7.0,13,60,2025-11-14 05:45:00,2025-11-14 05:49:41.272212534,18.362327524756807,Friday,-6.0,0.0,0.0,4.69,Retraso Leve,Madrugada,False
2025-11-14 07:12:51.022536,Ruta 3 - Sur,186,10.0,6,40,2025-11-14 07:00:00,2025-11-14 07:04:04.500978642,33.94336337088883,Friday,4.0,0.0,0.0,4.08,Retraso Leve,Mañana,True
2025-11-14 08:12:51.022536,Ruta 5 - Oeste,186,3.0,7,50,2025-11-14 08:00:00,2025-11-14 08:00:07.420885242,24.02423358250264,Friday,-4.0,0.0,0.0,0.12,A Tiempo,Mañana,True
2025-11-14 10:02:51.022536,Ruta 5 - Oeste,186,7.0,5,50,2025-11-14 10:00:00,2025-11-14 10:01:17.243076960,33.463707070381844,Friday,2.0,0.0,0.0,1.29,A Tiempo,Mañana,False
2025-11-14 20:07:51.022536,Ruta 3 - Sur,186,9.0,7,60,2025-11-14 20:00:00,2025-11-14 20:07:46.004976756,29.69399874263792,Friday,2.0,0.0,0.0,7.77,Retraso Grave,Noche,False
2025-11-14 22:42:51.022536,Ruta 1 - Centro,186,8.0,8,60,2025-11-14 22:30:00,2025-11-14 22:31:39.824852196,22.73282959056316,Friday,0.0,0.0,0.0,1.66,A Tiempo,Noche,False
2025-11-15 04:52:51.022536,Ruta 2 - Norte,186,11.0,13,50,2025-11-15 04:45:00,2025-11-15 04:49:20.711010588,25.6860799727507,Saturday,-2.0,0.0,0.0,4.35,Retraso Leve,Madrugada,False
2025-11-15 10:52:51.022536,Ruta 3 - Sur,186,8.0,7,40,2025-11-15 10:45:00,2025-11-15 10:47:42.122168916,18.691527646504756,Saturday,1.0,0.0,0.0,2.7,Retraso Leve,Mañana,False
2025-11-15 13:47:51.022536,Ruta 6 - Express,186,4.0,8,60,2025-11-15 13:45:00,2025-11-15 13:46:31.369058826,25.49712096894495,Saturday,-4.0,0.0,0.0,1.52,A Tiempo,Tarde,False
2025-11-15 23:52:51.022536,Ruta 5 - Oeste,186,3.0,5,50,2025-11-15 23:45:00,2025-11-15 23:47:09.500756526,25.38098593675397,Saturday,-2.0,0.0,0.0,2.16,Retraso Leve,Noche,False
2025-11-16 01:32:51.022536,Ruta 4 - Este,186,7.0,9,60,2025-11-16 01:30:00,2025-11-16 01:30:13.707452628,25.72237078438564,Sunday,-2.0,0.0,0.0,0.23,A Tiempo,Madrugada,False
2025-11-16 02:07:51.022536,Ruta 3 - Sur,186,8.0,10,50,2025-11-16 02:00:00,2025-11-16 02:02:47.304212070,25.280393111517416,Sunday,-2.0,0.0,0.0,2.79,Retraso Leve,Madrugada,False
2025-11-16 04:42:51.022536,Ruta 5 - Oeste,186,9.0,4,50,2025-11-16 04:30:00,2025-11-16 04:31:15.814220046,19.09100096326604,Sunday,5.0,0.0,0.0,1.26,A Tiempo,Madrugada,False
2025-11-16 20:37:51.022536,Ruta 6 - Express,186,14.0,6,60,2025-11-16 20:30:00,2025-11-16 20:35:17.764608912,32.48354747460757,Sunday,8.0,2.0,3.33,5.3,Retraso Grave,Noche,False
2025-11-17 00:37:51.022536,Ruta 5 - Oeste,186,11.0,9,50,2025-11-17 00:30:00,2025-11-17 00:31:52.281598062,35.08895331027731,Monday,2.0,4.0,8.0,1.87,A Tiempo,Madrugada,False
2025-11-17 12:22:51.022536,Ruta 6 - Express,186,7.0,7,40,2025-11-17 12:15:00,2025-11-17 12:15:00.557704620,18.70981710062574,Monday,0.0,4.0,10.0,0.01,A Tiempo,Mañana,False
2025-11-17 18:52:51.022536,Ruta 4 - Este,186,2.0,3,40,2025-11-17 18:45:00,2025-11-17 18:45:48.714342006,24.04262647283683,Monday,-1.0,3.0,7.5,0.81,A Tiempo,Tarde,True
2025-11-18 02:37:51.022536,Ruta 4 - Este,186,7.0,10,50,2025-11-18 02:30:00,2025-11-18 02:31:06.343803186,26.342218564727265,Tuesday,-3.0,0.0,0.0,1.11,A Tiempo,Madrugada,False
2025-11-18 03:22:51.022536,Ruta 2 - Norte,186,10.0,5,50,2025-11-18 03:15:00,2025-11-18 03:15:00.224002320,34.64215528405914,Tuesday,5.0,5.0,10.0,0.0,A Tiempo,Madrugada,False
2025-11-18 07:57:51.022536,Ruta 1 - Centro,186,7.0,8,40,2025-11-18 07:45:00,2025-11-18 07:45:33.132570090,17.372502995310665,Tuesday,-1.0,4.0,10.0,0.55,A Tiempo,Mañana,True
2025-11-18 20:47:51.022536,Ruta 2 - Norte,186,7.0,7,60,2025-11-18 20:45:00,2025-11-18 20:54:53.335854978,28.7563051251726,Tuesday,0.0,4.0,6.67,9.89,Retraso Grave,Noche,False
2025-11-19 07:22:51.022536,Ruta 2 - Norte,186,9.0,6,50,2025-11-19 07:15:00,2025-11-19 07:16:29.350629546,17.58558044849438,Wednesday,3.0,7.0,14.0,1.49,A Tiempo,Mañana,True
2025-11-19 11:27:51.022536,Ruta 4 - Este,186,6.0,5,50,2025-11-19 11:15:00,2025-11-19 11:15:45.651943440,22.255517430781204,Wednesday,1.0,8.0,16.0,0.76,A Tiempo,Mañana,False
2025-11-19 13:17:51.022536,Ruta 4 - Este,186,5.0,6,40,2025-11-19 13:15:00,2025-11-19 13:17:27.909477006,29.46802585201212,Wednesday,-1.0,7.0,17.5,2.47,Retraso Leve,Tarde,False
2025-11-20 01:42:51.022536,Ruta 1 - Centro,186,11.0,8,40,2025-11-20 01:30:00,2025-11-20 01:31:31.291205447,20.09531473900184,Thursday,3.0,10.0,25.0,1.52,A Tiempo,Madrugada,False
2025-11-20 05:47:51.022536,Ruta 3 - Sur,186,8.0,9,40,2025-11-20 05:45:00,2025-11-20 05:45:24.136362492,27.61679593591249,Thursday,-1.0,9.0,22.5,0.4,A Tiempo,Madrugada,False
2025-11-20 09:02:51.022536,Ruta 1 - Centro,186,6.0,8,60,2025-11-20 09:00:00,2025-11-20 09:02:26.686856616,14.483885117041062,Thursday,-2.0,7.0,11.67,2.44,Retraso Leve,Mañana,True
2025-11-20 16:27:51.022536,Ruta 2 - Norte,186,7.0,7,60,2025-11-20 16:15:00,2025-11-20 16:16:54.716334876,27.218742154828888,Thursday,0.0,7.0,11.67,1.91,A Tiempo,Tarde,False
2025-11-20 18:57:51.022536,Ruta 1 - Centro,186,11.0,5,40,2025-11-20 18:45:00,2025-11-20 18:48:04.895165730,22.25629514699937,Thursday,6.0,13.0,32.5,3.08,Retraso Leve,Tarde,True
2025-11-20 19:12:51.022536,Ruta 5 - Oeste,186,8.0,2,40,2025-11-20 19:00:00,2025-11-20 19:01:28.027862916,10.56560544912273,Thursday,6.0,19.0,47.5,1.47,A Tiempo,Noche,True
2025-11-21 21:07:51.022536,Ruta 1 - Centro,186,18.0,4,50,2025-11-21 21:00:00,2025-11-21 21:00:09.407154294,27.26811479200111,Friday,14.0,33.0,66.0,0.16,A Tiempo,Noche,False
2025-11-21 23:47:51.022536,Ruta 5 - Oeste,186,9.0,10,50,2025-11-21 23:45:00,2025-11-21 23:48:19.357688526,30.97415928009456,Friday,-1.0,32.0,64.0,3.32,Retraso Leve,Noche,False
2025-11-22 12:12:51.022536,Ruta 5 - Oeste,186,6.0,2,50,2025-11-22 12:00:00,2025-11-22 12:00:01.424786514,25.02091617448627,Saturday,4.0,36.0,72.0,0.02,A Tiempo,Mañana,False
2025-11-22 13:27:51.022536,Ruta 2 - Norte,186,3.0,4,50,2025-11-22 13:15:00,2025-11-22 13:16:55.355009478,27.29553796820344,Saturday,-1.0,35.0,70.0,1.92,A Tiempo,Tarde,False
2025-11-22 14:37:51.022536,Ruta 5 - Oeste,186,6.0,5,60,2025-11-22 14:30:00,2025-11-22 14:31:07.637559342,24.368673657726344,Saturday,1.0,36.0,60.0,1.13,A Tiempo,Tarde,False
2025-11-22 19:07:51.022536,Ruta 3 - Sur,186,7.0,3,40,2025-11-22 19:00:00,2025-11-22 19:03:05.392196610,21.45224188328316,Saturday,4.0,40.0,100.0,3.09,Retraso Leve,Noche,True
2025-11-23 09:32:51.022536,Ruta 3 - Sur,186,9.0,2,60,2025-11-23 09:30:00,2025-11-23 09:32:01.533136812,29.3181155742223,Sunday,7.0,47.0,78.33,2.03,Retraso Leve,Mañana,True
2025-11-23 15:07:51.022536,Ruta 2 - Norte,186,10.0,3,60,2025-11-23 15:00:00,2025-11-23 15:00:51.205133754,28.959514198896027,Sunday,7.0,54.0,90.0,0.85,A Tiempo,Tarde,False
2025-11-24 03:27:51.022536,Ruta 4 - Este,186,10.0,2,50,2025-11-24 03:15:00,2025-11-24 03:15:28.706839404,20.15087201309504,Monday,8.0,62.0,100.0,0.48,A Tiempo,Madrugada,False
2025-11-24 04:52:51.022536,Ruta 1 - Centro,186,4.0,8,40,2025-11-24 04:45:00,2025-11-24 04:46:03.617482770,30.47556450040252,Monday,-4.0,58.0,100.0,1.06,A Tiempo,Madrugada,False
2025-11-24 06:22:51.022536,Ruta 6 - Express,186,8.0,7,50,2025-11-24 06:15:00,2025-11-24 06:15:33.466330805,17.498663767574403,Monday,1.0,59.0,100.0,0.56,A Tiempo,Madrugada,False
2025-11-24 08:07:51.022536,Ruta 4 - Este,186,7.0,8,60,2025-11-24 08:00:00,2025-11-24 08:00:55.832293248,22.154991446378155,Monday,-1.0,58.0,96.67,0.93,A Tiempo,Mañana,True
2025-11-24 13:32:51.022536,Ruta 3 - Sur,186,10.0,4,50,2025-11-24 13:30:00,2025-11-24 13:30:19.926094794,19.65982043409609,Monday,6.0,64.0,100.0,0.33,A Tiempo,Tarde,False
2025-11-25 02:37:51.022536,Ruta 3 - Sur,186,8.0,6,60,2025-11-25 02:30:00,2025-11-25 02:30:46.900669794,25.794181036517717,Tuesday,2.0,66.0,100.0,0.78,A Tiempo,Madrugada,False
2025-11-25 16:47:51.022536,Ruta 1 - Centro,186,6.0,8,40,2025-11-25 16:45:00,2025-11-25 16:46:58.091786490,15.167875104257163,Tuesday,-2.0,64.0,100.0,1.97,A Tiempo,Tarde,False
2025-11-25 22:42:51.022536,Ruta 1 - Centro,186,3.0,10,60,2025-11-25 22:30:00,2025-11-25 22:32:55.528028922,26.976190846506245,Tuesday,-7.0,57.0,95.0,2.93,Retraso Leve,Noche,False
2025-11-26 05:37:51.022536,Ruta 1 - Centro,186,9.0,5,50,2025-11-26 05:30:00,2025-11-26 05:30:22.407774972,23.59017796607701,Wednesday,4.0,61.0,100.0,0.37,A Tiempo,Madrugada,False
2025-11-26 20:47:51.022536,Ruta 1 - Centro,186,13.0,6,60,2025-11-26 20:45:00,2025-11-26 20:47:04.948165626,26.21710703623804,Wednesday,7.0,68.0,100.0,2.08,Retraso Leve,Noche,False
2025-11-10 03:07:51.022536,Ruta 6 - Express,187,7.0,7,60,2025-11-10 03:00:00,2025-11-10 03:00:22.661271312,22.04802600511733,Monday,0.0,0.0,0.0,0.38,A Tiempo,Madrugada,False
2025-11-10 20:02:51.022536,Ruta 1 - Centro,187,9.0,5,60,2025-11-10 20:00:00,2025-11-10 20:00:45.376444026,21.595982523571845,Monday,4.0,4.0,6.67,0.76,A Tiempo,Noche,False
2025-11-10 22:37:51.022536,Ruta 5 - Oeste,187,12.0,3,50,2025-11-10 22:30:00,2025-11-10 22:30:53.768570472,23.38116801346616,Monday,9.0,13.0,26.0,0.9,A Tiempo,Noche,False
2025-11-11 01:32:51.022536,Ruta 1 - Centro,187,13.0,10,50,2025-11-11 01:30:00,2025-11-11 01:30:27.538489746,26.1905012837022,Tuesday,3.0,16.0,32.0,0.46,A Tiempo,Madrugada,False
2025-11-11 21:12:51.022536,Ruta 5 - Oeste,187,4.0,3,60,2025-11-11 21:00:00,2025-11-11 21:03:11.573407302,37.68887279961324,Tuesday,1.0,17.0,28.33,3.19,Retraso Leve,Noche,False
2025-11-12 00:47:51.022536,Ruta 4 - Este,187,6.0,4,50,2025-11-12 00:45:00,2025-11-12 00:52:52.603538742,27.22803961143747,Wednesday,2.0,19.0,38.0,7.88,Retraso Grave,Madrugada,False
2025-11-12 01:37:51.022536,Ruta 1 - Centro,187,11.0,7,40,2025-11-12 01:30:00,2025-11-12 01:30:08.123742582,32.55797812460703,Wednesday,4.0,23.0,57.5,0.14,A Tiempo,Madrugada,False
2025-11-12 06:22:51.022536,Ruta 4 - Este,187,7.0,6,50,2025-11-12 06:15:00,2025-11-12 06:19:34.653707490,22.570086386326903,Wednesday,1.0,24.0,48.0,4.58,Retraso Leve,Madrugada,False
2025-11-13 17:32:51.022536,Ruta 3 - Sur,187,10.0,3,60,2025-11-13 17:30:00,2025-11-13 17:32:35.902042566,26.20125714168219,Thursday,7.0,31.0,51.67,2.6,Retraso Leve,Tarde,True
2025-11-13 18:12:51.022536,Ruta 3 - Sur,187,7.0,4,60,2025-11-13 18:00:00,2025-11-13 18:02:44.284009734,23.603219774051727,Thursday,3.0,34.0,56.67,2.74,Retraso Leve,Tarde,True
2025-11-14 02:42:51.022536,Ruta 3 - Sur,187,7.0,6,60,2025-11-14 02:30:00,2025-11-14 02:31:53.095515144,27.948453978219817,Friday,1.0,35.0,58.33,1.88,A Tiempo,Madrugada,False
2025-11-14 10:27:51.022536,Ruta 6 - Express,187,9.0,11,50,2025-11-14 10:15:00,2025-11-14 10:16:35.648114880,29.31206406742212,Friday,-2.0,33.0,66.0,1.59,A Tiempo,Mañana,False
2025-11-14 18:57:51.022536,Ruta 1 - Centro,187,11.0,8,50,2025-11-14 18:45:00,2025-11-14 18:46:00.852461922,23.27781046124145,Friday,3.0,36.0,72.0,1.01,A Tiempo,Tarde,True
2025-11-15 08:47:51.022536,Ruta 3 - Sur,187,9.0,4,60,2025-11-15 08:45:00,2025-11-15 08:48:38.153726046,23.54284533991966,Saturday,5.0,41.0,68.33,3.64,Retraso Leve,Mañana,True
2025-11-15 21:27:51.022536,Ruta 1 - Centro,187,6.0,5,40,2025-11-15 21:15:00,2025-11-15 21:18:45.123405228,19.94454329916059,Saturday,1.0,42.0,100.0,3.75,Retraso Leve,Noche,False
2025-11-16 02:57:51.022536,Ruta 5 - Oeste,187,2.0,8,60,2025-11-16 02:45:00,2025-11-16 02:45:56.237007816,21.26807686989583,Sunday,-6.0,36.0,60.0,0.94,A Tiempo,Madrugada,False
2025-11-16 06:52:51.022536,Ruta 5 - Oeste,187,8.0,2,50,2025-11-16 06:45:00,2025-11-16 06:48:40.612123746,22.667662408889598,Sunday,6.0,42.0,84.0,3.68,Retraso Leve,Madrugada,False
2025-11-16 10:22:51.022536,Ruta 6 - Express,187,7.0,2,40,2025-11-16 10:15:00,2025-11-16 10:16:34.969720062,28.774228732978443,Sunday,5.0,47.0,100.0,1.58,A Tiempo,Mañana,False
2025-11-16 17:32:51.022536,Ruta 4 - Este,187,8.0,3,40,2025-11-16 17:30:00,2025-11-16 17:30:24.605330832,20.16655549967298,Sunday,5.0,52.0,100.0,0.41,A Tiempo,Tarde,True
2025-11-17 04:22:51.022536,Ruta 3 - Sur,187,13.0,3,40,2025-11-17 04:15:00,2025-11-17 04:16:56.157730536,25.954375886009387,Monday,10.0,62.0,100.0,1.94,A Tiempo,Madrugada,False
2025-11-17 10:57:51.022536,Ruta 4 - Este,187,9.0,6,50,2025-11-17 10:45:00,2025-11-17 10:49:13.590881850,29.636657176624357,Monday,3.0,65.0,100.0,4.23,Retraso Leve,Mañana,False
2025-11-17 12:27:51.022536,Ruta 2 - Norte,187,4.0,1,40,2025-11-17 12:15:00,2025-11-17 12:15:42.321819558,32.04818597856759,Monday,3.0,68.0,100.0,0.71,A Tiempo,Mañana,False
2025-11-17 16:07:51.022536,Ruta 4 - Este,187,13.0,5,60,2025-11-17 16:00:00,2025-11-17 16:06:30.166756848,19.427397942477647,Monday,8.0,76.0,100.0,6.5,Retraso Grave,Tarde,False
2025-11-18 09:07:51.022536,Ruta 6 - Express,187,7.0,5,50,2025-11-18 09:00:00,2025-11-18 09:01:43.930939854,30.22206189640616,Tuesday,2.0,78.0,100.0,1.73,A Tiempo,Mañana,True
2025-11-18 09:27:51.022536,Ruta 6 - Express,187,7.0,6,60,2025-11-18 09:15:00,2025-11-18 09:15:21.241085556,18.72433350789796,Tuesday,1.0,79.0,100.0,0.35,A Tiempo,Mañana,True
2025-11-18 09:52:51.022536,Ruta 4 - Este,187,8.0,7,50,2025-11-18 09:45:00,2025-11-18 09:47:06.566235312,23.737244183435266,Tuesday,1.0,80.0,100.0,2.11,Retraso Leve,Mañana,True
2025-11-18 19:57:51.022536,Ruta 6 - Express,187,14.0,3,40,2025-11-18 19:45:00,2025-11-18 19:45:15.972794196,24.5976190501078,Tuesday,11.0,91.0,100.0,0.27,A Tiempo,Noche,True
2025-11-19 02:12:51.022536,Ruta 5 - Oeste,187,8.0,6,60,2025-11-19 02:00:00,2025-11-19 02:02:23.543145216,25.134605296031207,Wednesday,2.0,93.0,100.0,2.39,Retraso Leve,Madrugada,False
2025-11-19 07:17:51.022536,Ruta 3 - Sur,187,4.0,4,50,2025-11-19 07:15:00,2025-11-19 07:20:10.314832512,32.53713726727992,Wednesday,0.0,93.0,100.0,5.17,Retraso Grave,Mañana,True
2025-11-19 09:32:51.022536,Ruta 1 - Centro,187,7.0,11,60,2025-11-19 09:30:00,2025-11-19 09:30:46.966434516,26.176119827494453,Wednesday,-4.0,89.0,100.0,0.78,A Tiempo,Mañana,True
2025-11-19 12:47:51.022536,Ruta 4 - Este,187,5.0,5,50,2025-11-19 12:45:00,2025-11-19 12:45:18.900035886,24.51674706421201,Wednesday,0.0,89.0,100.0,0.32,A Tiempo,Mañana,False
2025-11-19 17:42:51.022536,Ruta 5 - Oeste,187,9.0,5,40,2025-11-19 17:30:00,2025-11-19 17:31:25.022776608,25.377257130505672,Wednesday,4.0,93.0,100.0,1.42,A Tiempo,Tarde,True
2025-11-20 04:22:51.022536,Ruta 3 - Sur,187,5.0,4,50,2025-11-20 04:15:00,2025-11-20 04:17:51.040585872,29.558341516006795,Thursday,1.0,94.0,100.0,2.85,Retraso Leve,Madrugada,False
2025-11-20 06:02:51.022536,Ruta 4 - Este,187,11.0,3,60,2025-11-20 06:00:00,2025-11-20 06:02:30.286071683,19.89933416863928,Thursday,8.0,102.0,100.0,2.5,Retraso Leve,Madrugada,False
2025-11-20 06:47:51.022536,Ruta 2 - Norte,187,7.0,5,60,2025-11-20 06:45:00,2025-11-20 06:49:22.009782624,22.346549375375933,Thursday,2.0,104.0,100.0,4.37,Retraso Leve,Madrugada,False
2025-11-20 22:17:51.022536,Ruta 4 - Este,187,8.0,8,40,2025-11-20 22:15:00,2025-11-20 22:15:13.068344544,26.986656866771767,Thursday,0.0,104.0,100.0,0.22,A Tiempo,Noche,False
2025-11-20 23:37:51.022536,Ruta 5 - Oeste,187,9.0,5,40,2025-11-20 23:30:00,2025-11-20 23:30:17.446936500,27.996707383066955,Thursday,4.0,108.0,100.0,0.29,A Tiempo,Noche,False
2025-11-21 06:02:51.022536,Ruta 1 - Centro,187,3.0,5,60,2025-11-21 06:00:00,2025-11-21 06:03:05.624130504,20.40515866007822,Friday,-2.0,106.0,100.0,3.09,Retraso Leve,Madrugada,False
2025-11-21 10:12:51.022536,Ruta 6 - Express,187,9.0,8,50,2025-11-21 10:00:00,2025-11-21 10:00:07.021538358,20.179076839488864,Friday,1.0,107.0,100.0,0.12,A Tiempo,Mañana,False
2025-11-21 14:42:51.022536,Ruta 2 - Norte,187,9.0,7,60,2025-11-21 14:30:00,2025-11-21 14:32:30.616719222,21.129708408130803,Friday,2.0,109.0,100.0,2.51,Retraso Leve,Tarde,False
2025-11-22 11:22:51.022536,Ruta 5 - Oeste,187,7.0,4,40,2025-11-22 11:15:00,2025-11-22 11:16:08.335247208,28.218387419133503,Saturday,3.0,112.0,100.0,1.14,A Tiempo,Mañana,False
2025-11-22 16:02:51.022536,Ruta 5 - Oeste,187,6.0,5,40,2025-11-22 16:00:00,2025-11-22 16:00:20.344937322,33.596588041312074,Saturday,1.0,113.0,100.0,0.34,A Tiempo,Tarde,False
2025-11-22 22:12:51.022536,Ruta 6 - Express,187,10.0,5,60,2025-11-22 22:00:00,2025-11-22 22:01:55.761149754,32.44447171030688,Saturday,5.0,118.0,100.0,1.93,A Tiempo,Noche,False
2025-11-23 19:37:51.022536,Ruta 6 - Express,187,11.0,5,60,2025-11-23 19:30:00,2025-11-23 19:32:51.170041938,23.736140785797385,Sunday,6.0,124.0,100.0,2.85,Retraso Leve,Noche,True
2025-11-24 07:12:51.022536,Ruta 4 - Este,187,7.0,7,60,2025-11-24 07:00:00,2025-11-24 07:03:04.229249142,25.64957588915442,Monday,0.0,124.0,100.0,3.07,Retraso Leve,Mañana,True
2025-11-24 12:07:51.022536,Ruta 2 - Norte,187,6.0,9,50,2025-11-24 12:00:00,2025-11-24 12:01:44.373452286,29.49590626624717,Monday,-3.0,121.0,100.0,1.74,A Tiempo,Mañana,False
2025-11-24 12:22:51.022536,Ruta 4 - Este,187,4.0,9,40,2025-11-24 12:15:00,2025-11-24 12:16:41.836886226,36.94694040381127,Monday,-5.0,116.0,100.0,1.7,A Tiempo,Mañana,False
2025-11-24 13:12:51.022536,Ruta 5 - Oeste,187,13.0,9,50,2025-11-24 13:00:00,2025-11-24 13:00:27.663392016,24.13107912861189,Monday,4.0,120.0,100.0,0.46,A Tiempo,Tarde,False
2025-11-24 19:17:51.022536,Ruta 4 - Este,187,13.0,6,40,2025-11-24 19:15:00,2025-11-24 19:19:54.700914672,25.279096990326902,Monday,7.0,127.0,100.0,4.91,Retraso Leve,Noche,True
2025-11-24 21:17:51.022536,Ruta 3 - Sur,187,12.0,4,40,2025-11-24 21:15:00,2025-11-24 21:20:17.414950410,22.661804709369967,Monday,8.0,135.0,100.0,5.29,Retraso Grave,Noche,False
2025-11-24 23:32:51.022536,Ruta 1 - Centro,187,5.0,8,40,2025-11-24 23:30:00,2025-11-24 23:30:13.725523764,24.575096336244616,Monday,-3.0,132.0,100.0,0.23,A Tiempo,Noche,False
2025-11-25 10:47:51.022536,Ruta 3 - Sur,187,4.0,8,40,2025-11-25 10:45:00,2025-11-25 10:45:12.387243342,24.96884685284247,Tuesday,-4.0,128.0,100.0,0.21,A Tiempo,Mañana,False
2025-11-25 11:07:51.022536,Ruta 3 - Sur,187,15.0,6,40,2025-11-25 11:00:00,2025-11-25 11:00:05.183638596,22.35991600037264,Tuesday,9.0,137.0,100.0,0.09,A Tiempo,Mañana,False
2025-11-10 04:57:51.022536,Ruta 4 - Este,188,6.0,3,50,2025-11-10 04:45:00,2025-11-10 04:46:25.218972564,21.269446265204326,Monday,3.0,3.0,6.0,1.42,A Tiempo,Madrugada,False
2025-11-10 14:07:51.022536,Ruta 2 - Norte,188,8.0,5,60,2025-11-10 14:00:00,2025-11-10 14:00:14.234130954,24.32734063662653,Monday,3.0,6.0,10.0,0.24,A Tiempo,Tarde,False
2025-11-11 04:12:51.022536,Ruta 4 - Este,188,3.0,2,40,2025-11-11 04:00:00,2025-11-11 04:00:15.168299537,16.685817113264644,Tuesday,1.0,7.0,17.5,0.25,A Tiempo,Madrugada,False
2025-11-11 07:27:51.022536,Ruta 5 - Oeste,188,8.0,7,60,2025-11-11 07:15:00,2025-11-11 07:15:56.477472930,8.782204363196637,Tuesday,1.0,8.0,13.33,0.94,A Tiempo,Mañana,True
2025-11-11 11:47:51.022536,Ruta 1 - Centro,188,8.0,6,50,2025-11-11 11:45:00,2025-11-11 11:45:18.545879280,29.04408807284055,Tuesday,2.0,10.0,20.0,0.31,A Tiempo,Mañana,False
2025-11-11 14:42:51.022536,Ruta 5 - Oeste,188,14.0,5,50,2025-11-11 14:30:00,2025-11-11 14:31:05.899743630,28.678705514270234,Tuesday,9.0,19.0,38.0,1.1,A Tiempo,Tarde,False
2025-11-12 04:47:51.022536,Ruta 5 - Oeste,188,12.0,6,40,2025-11-12 04:45:00,2025-11-12 04:45:38.300735886,20.510255828658337,Wednesday,6.0,25.0,62.5,0.64,A Tiempo,Madrugada,False
2025-11-12 05:12:51.022536,Ruta 2 - Norte,188,8.0,8,50,2025-11-12 05:00:00,2025-11-12 05:01:15.540436836,20.186995269108472,Wednesday,0.0,25.0,50.0,1.26,A Tiempo,Madrugada,False
2025-11-12 07:47:51.022536,Ruta 3 - Sur,188,6.0,7,60,2025-11-12 07:45:00,2025-11-12 07:49:28.044594792,31.613606891511964,Wednesday,-1.0,24.0,40.0,4.47,Retraso Leve,Mañana,True
2025-11-12 11:17:51.022536,Ruta 1 - Centro,188,3.0,1,50,2025-11-12 11:15:00,2025-11-12 11:15:41.497934298,28.624119088823445,Wednesday,2.0,26.0,52.0,0.69,A Tiempo,Mañana,False
2025-11-12 15:17:51.022536,Ruta 1 - Centro,188,8.0,4,40,2025-11-12 15:15:00,2025-11-12 15:18:44.887667412,24.548090700725435,Wednesday,4.0,30.0,75.0,3.75,Retraso Leve,Tarde,False
2025-11-13 23:42:51.022536,Ruta 2 - Norte,188,8.0,11,60,2025-11-13 23:30:00,2025-11-13 23:30:04.787297124,20.947618322406612,Thursday,-3.0,27.0,45.0,0.08,A Tiempo,Noche,False
2025-11-14 04:02:51.022536,Ruta 2 - Norte,188,7.0,4,60,2025-11-14 04:00:00,2025-11-14 04:02:53.582475672,22.050206615608158,Friday,3.0,30.0,50.0,2.89,Retraso Leve,Madrugada,False
2025-11-14 09:37:51.022536,Ruta 5 - Oeste,188,8.0,10,40,2025-11-14 09:30:00,2025-11-14 09:35:11.168004936,28.8029293762048,Friday,-2.0,28.0,70.0,5.19,Retraso Grave,Mañana,True
2025-11-14 19:12:51.022536,Ruta 5 - Oeste,188,7.0,5,50,2025-11-14 19:00:00,2025-11-14 19:01:45.264999402,17.23503541200051,Friday,2.0,30.0,60.0,1.75,A Tiempo,Noche,True
2025-11-14 22:07:51.022536,Ruta 5 - Oeste,188,7.0,8,40,2025-11-14 22:00:00,2025-11-14 22:01:49.142861274,38.77332379829228,Friday,-1.0,29.0,72.5,1.82,A Tiempo,Noche,False
2025-11-14 22:47:51.022536,Ruta 4 - Este,188,4.0,7,60,2025-11-14 22:45:00,2025-11-14 22:46:07.609002822,22.360852663782847,Friday,-3.0,26.0,43.33,1.13,A Tiempo,Noche,False
2025-11-15 15:32:51.022536,Ruta 3 - Sur,188,8.0,3,40,2025-11-15 15:30:00,2025-11-15 15:32:23.745369312,28.384057640520204,Saturday,5.0,31.0,77.5,2.4,Retraso Leve,Tarde,False
2025-11-15 15:47:51.022536,Ruta 1 - Centro,188,9.0,8,40,2025-11-15 15:45:00,2025-11-15 15:46:26.636112060,32.364800766172635,Saturday,1.0,32.0,80.0,1.44,A Tiempo,Tarde,False
2025-11-16 07:37:51.022536,Ruta 1 - Centro,188,10.0,4,40,2025-11-16 07:30:00,2025-11-16 07:31:10.926735948,27.74307606117388,Sunday,6.0,38.0,95.0,1.18,A Tiempo,Mañana,True
2025-11-16 09:17:51.022536,Ruta 1 - Centro,188,9.0,3,40,2025-11-16 09:15:00,2025-11-16 09:17:12.962093088,18.11084049652416,Sunday,6.0,44.0,100.0,2.22,Retraso Leve,Mañana,True
2025-11-16 15:22:51.022536,Ruta 6 - Express,188,8.0,3,50,2025-11-16 15:15:00,2025-11-16 15:15:59.936850906,17.62185311717174,Sunday,5.0,49.0,98.0,1.0,A Tiempo,Tarde,False
2025-11-16 17:47:51.022536,Ruta 3 - Sur,188,7.0,10,60,2025-11-16 17:45:00,2025-11-16 17:49:10.851056124,27.491371470406104,Sunday,-3.0,46.0,76.67,4.18,Retraso Leve,Tarde,True
2025-11-16 18:47:51.022536,Ruta 3 - Sur,188,5.0,5,40,2025-11-16 18:45:00,2025-11-16 18:45:09.634636500,33.27038203052641,Sunday,0.0,46.0,100.0,0.16,A Tiempo,Tarde,True
2025-11-17 06:37:51.022536,Ruta 2 - Norte,188,9.0,4,50,2025-11-17 06:30:00,2025-11-17 06:30:55.946223312,20.688733476839392,Monday,5.0,51.0,100.0,0.93,A Tiempo,Madrugada,False
2025-11-17 08:32:51.022536,Ruta 1 - Centro,188,12.0,8,40,2025-11-17 08:30:00,2025-11-17 08:30:23.198217846,24.1881525553399,Monday,4.0,55.0,100.0,0.39,A Tiempo,Mañana,True
2025-11-17 18:57:51.022536,Ruta 5 - Oeste,188,8.0,6,60,2025-11-17 18:45:00,2025-11-17 18:47:19.761646494,20.560058143418747,Monday,2.0,57.0,95.0,2.33,Retraso Leve,Tarde,True
2025-11-18 07:52:51.022536,Ruta 4 - Este,188,6.0,11,60,2025-11-18 07:45:00,2025-11-18 07:46:26.191850832,20.27728760617616,Tuesday,-5.0,52.0,86.67,1.44,A Tiempo,Mañana,True
2025-11-18 13:27:51.022536,Ruta 5 - Oeste,188,8.0,3,60,2025-11-18 13:15:00,2025-11-18 13:15:54.586047294,18.006657017961246,Tuesday,5.0,57.0,95.0,0.91,A Tiempo,Tarde,False
2025-11-19 14:17:51.022536,Ruta 6 - Express,188,7.0,3,40,2025-11-19 14:15:00,2025-11-19 14:16:58.787076882,23.553449650203888,Wednesday,4.0,61.0,100.0,1.98,A Tiempo,Tarde,False
2025-11-21 06:07:51.022536,Ruta 3 - Sur,188,8.0,9,50,2025-11-21 06:00:00,2025-11-21 06:01:07.725120444,22.743655443984903,Friday,-1.0,60.0,100.0,1.13,A Tiempo,Madrugada,False
2025-11-21 12:22:51.022536,Ruta 5 - Oeste,188,12.0,3,40,2025-11-21 12:15:00,2025-11-21 12:15:23.090865546,21.459190111591223,Friday,9.0,69.0,100.0,0.38,A Tiempo,Mañana,False
2025-11-21 19:17:51.022536,Ruta 1 - Centro,188,7.0,11,50,2025-11-21 19:15:00,2025-11-21 19:16:52.176029220,17.15837533239967,Friday,-4.0,65.0,100.0,1.87,A Tiempo,Noche,True
2025-11-22 07:52:51.022536,Ruta 6 - Express,188,3.0,5,40,2025-11-22 07:45:00,2025-11-22 07:48:42.164460210,20.411665446747563,Saturday,-2.0,63.0,100.0,3.7,Retraso Leve,Mañana,True
2025-11-22 21:32:51.022536,Ruta 3 - Sur,188,9.0,6,60,2025-11-22 21:30:00,2025-11-22 21:31:58.554131760,23.96721240483784,Saturday,3.0,66.0,100.0,1.98,A Tiempo,Noche,False
2025-11-23 06:12:51.022536,Ruta 4 - Este,188,8.0,8,50,2025-11-23 06:00:00,2025-11-23 06:05:00.848492304,28.75661189654585,Sunday,0.0,66.0,100.0,5.01,Retraso Grave,Madrugada,False
2025-11-23 11:07:51.022536,Ruta 5 - Oeste,188,11.0,6,60,2025-11-23 11:00:00,2025-11-23 11:01:38.827331466,28.737860667667235,Sunday,5.0,71.0,100.0,1.65,A Tiempo,Mañana,False
2025-11-23 21:47:51.022536,Ruta 1 - Centro,188,7.0,4,60,2025-11-23 21:45:00,2025-11-23 21:45:09.491251488,22.66157430481587,Sunday,3.0,74.0,100.0,0.16,A Tiempo,Noche,False
2025-11-24 12:57:51.022536,Ruta 2 - Norte,188,6.0,7,40,2025-11-24 12:45:00,2025-11-24 12:46:49.042284768,20.86993068719411,Monday,-1.0,73.0,100.0,1.82,A Tiempo,Mañana,False
2025-11-26 04:07:51.022536,Ruta 3 - Sur,188,11.0,5,60,2025-11-26 04:00:00,2025-11-26 04:05:38.867262468,24.4185292288085,Wednesday,6.0,79.0,100.0,5.65,Retraso Grave,Madrugada,False
2025-11-26 07:32:51.022536,Ruta 4 - Este,188,4.0,10,50,2025-11-26 07:30:00,2025-11-26 07:31:56.451697836,29.25051397637981,Wednesday,-6.0,73.0,100.0,1.94,A Tiempo,Mañana,True
2025-11-26 10:17:51.022536,Ruta 5 - Oeste,188,8.0,6,60,2025-11-26 10:15:00,2025-11-26 10:19:42.527235534,26.27892915709871,Wednesday,2.0,75.0,100.0,4.71,Retraso Leve,Mañana,False
2025-11-26 14:17:51.022536,Ruta 5 - Oeste,188,8.0,6,60,2025-11-26 14:15:00,2025-11-26 14:16:53.960372424,32.08554203250257,Wednesday,2.0,77.0,100.0,1.9,A Tiempo,Tarde,False
2025-11-26 15:27:51.022536,Ruta 6 - Express,188,12.0,4,40,2025-11-26 15:15:00,2025-11-26 15:15:03.301895826,27.70023371958723,Wednesday,8.0,85.0,100.0,0.06,A Tiempo,Tarde,False
2025-11-26 18:57:51.022536,Ruta 6 - Express,188,4.0,4,50,2025-11-26 18:45:00,2025-11-26 18:47:35.757987576,25.69469209346068,Wednesday,0.0,85.0,100.0,2.6,Retraso Leve,Tarde,True
2025-11-09 21:57:51.022536,Ruta 5 - Oeste,189,9.0,8,60,2025-11-09 21:45:00,2025-11-09 21:45:04.042122365,23.860489406227888,Sunday,1.0,1.0,1.67,0.07,A Tiempo,Noche,False
2025-11-10 00:12:51.022536,Ruta 1 - Centro,189,8.0,10,60,2025-11-10 00:00:00,2025-11-10 00:00:08.424463632,19.79303700265227,Monday,-2.0,0.0,0.0,0.14,A Tiempo,Madrugada,False
2025-11-10 00:32:51.022536,Ruta 3 - Sur,189,6.0,2,50,2025-11-10 00:30:00,2025-11-10 00:31:25.845681504,29.095165509604207,Monday,4.0,3.0,6.0,1.43,A Tiempo,Madrugada,False
2025-11-10 16:57:51.022536,Ruta 1 - Centro,189,13.0,4,60,2025-11-10 16:45:00,2025-11-10 16:46:00.774914700,22.43767622794424,Monday,9.0,12.0,20.0,1.01,A Tiempo,Tarde,False
2025-11-10 18:37:51.022536,Ruta 4 - Este,189,10.0,8,50,2025-11-10 18:30:00,2025-11-10 18:32:03.200104692,26.264050689377054,Monday,2.0,14.0,28.0,2.05,Retraso Leve,Tarde,True
2025-11-11 05:37:51.022536,Ruta 2 - Norte,189,7.0,7,40,2025-11-11 05:30:00,2025-11-11 05:30:30.994208736,33.313871917218904,Tuesday,0.0,14.0,35.0,0.52,A Tiempo,Madrugada,False
2025-11-11 08:12:51.022536,Ruta 6 - Express,189,8.0,3,40,2025-11-11 08:00:00,2025-11-11 08:00:16.501926732,28.98166556001436,Tuesday,5.0,19.0,47.5,0.28,A Tiempo,Mañana,True
2025-11-11 14:17:51.022536,Ruta 1 - Centro,189,11.0,5,60,2025-11-11 14:15:00,2025-11-11 14:15:46.442553972,23.4880028436518,Tuesday,6.0,25.0,41.67,0.77,A Tiempo,Tarde,False
2025-11-11 22:37:51.022536,Ruta 6 - Express,189,8.0,8,60,2025-11-11 22:30:00,2025-11-11 22:30:37.177703628,21.419805340566608,Tuesday,0.0,25.0,41.67,0.62,A Tiempo,Noche,False
2025-11-12 09:52:51.022536,Ruta 1 - Centro,189,8.0,7,50,2025-11-12 09:45:00,2025-11-12 09:46:17.904444474,28.9330211078834,Wednesday,1.0,26.0,52.0,1.3,A Tiempo,Mañana,True
2025-11-12 13:12:51.022536,Ruta 6 - Express,189,14.0,7,60,2025-11-12 13:00:00,2025-11-12 13:04:47.199140592,21.18506325608579,Wednesday,7.0,33.0,55.0,4.79,Retraso Leve,Tarde,False
2025-11-12 15:42:51.022536,Ruta 1 - Centro,189,1.0,5,40,2025-11-12 15:30:00,2025-11-12 15:30:00.684137304,19.3042713853784,Wednesday,-4.0,29.0,72.5,0.01,A Tiempo,Tarde,False
2025-11-12 19:57:51.022536,Ruta 2 - Norte,189,8.0,4,60,2025-11-12 19:45:00,2025-11-12 19:52:45.246969804,20.420634486571743,Wednesday,4.0,33.0,55.0,7.75,Retraso Grave,Noche,True
2025-11-13 06:12:51.022536,Ruta 6 - Express,189,6.0,7,50,2025-11-13 06:00:00,2025-11-13 06:00:58.582019226,22.010637000250988,Thursday,-1.0,32.0,64.0,0.98,A Tiempo,Madrugada,False
2025-11-13 07:12:51.022536,Ruta 5 - Oeste,189,8.0,8,40,2025-11-13 07:00:00,2025-11-13 07:00:12.364899102,17.253556822983914,Thursday,0.0,32.0,80.0,0.21,A Tiempo,Mañana,True
2025-11-13 08:52:51.022536,Ruta 1 - Centro,189,3.0,5,50,2025-11-13 08:45:00,2025-11-13 08:49:20.331483324,31.35584745147224,Thursday,-2.0,30.0,60.0,4.34,Retraso Leve,Mañana,True
2025-11-13 23:37:51.022536,Ruta 3 - Sur,189,4.0,4,40,2025-11-13 23:30:00,2025-11-13 23:30:34.823307492,20.331267473292883,Thursday,0.0,30.0,75.0,0.58,A Tiempo,Noche,False
2025-11-14 00:12:51.022536,Ruta 3 - Sur,189,8.0,5,50,2025-11-14 00:00:00,2025-11-14 00:02:21.424547880,30.71714657678629,Friday,3.0,33.0,66.0,2.36,Retraso Leve,Madrugada,False
2025-11-14 10:47:51.022536,Ruta 6 - Express,189,4.0,5,50,2025-11-14 10:45:00,2025-11-14 10:45:03.368980644,17.890355520271086,Friday,-1.0,32.0,64.0,0.06,A Tiempo,Mañana,False
2025-11-14 14:47:51.022536,Ruta 4 - Este,189,6.0,5,60,2025-11-14 14:45:00,2025-11-14 14:49:37.360139358,20.997326190731258,Friday,1.0,33.0,55.0,4.62,Retraso Leve,Tarde,False
2025-11-15 00:37:51.022536,Ruta 3 - Sur,189,8.0,8,60,2025-11-15 00:30:00,2025-11-15 00:31:01.462655424,23.150840689326632,Saturday,0.0,33.0,55.0,1.02,A Tiempo,Madrugada,False
2025-11-15 03:17:51.022536,Ruta 6 - Express,189,10.0,7,60,2025-11-15 03:15:00,2025-11-15 03:15:41.729168406,24.430714938679078,Saturday,3.0,36.0,60.0,0.7,A Tiempo,Madrugada,False
2025-11-15 04:22:51.022536,Ruta 6 - Express,189,9.0,3,60,2025-11-15 04:15:00,2025-11-15 04:16:23.442457020,19.569638666167144,Saturday,6.0,42.0,70.0,1.39,A Tiempo,Madrugada,False
2025-11-15 04:47:51.022536,Ruta 1 - Centro,189,6.0,6,50,2025-11-15 04:45:00,2025-11-15 04:45:09.815134332,23.18201464905607,Saturday,0.0,42.0,84.0,0.16,A Tiempo,Madrugada,False
2025-11-15 04:57:51.022536,Ruta 6 - Express,189,5.0,9,40,2025-11-15 04:45:00,2025-11-15 04:47:33.698251620,31.48734878386717,Saturday,-4.0,38.0,95.0,2.56,Retraso Leve,Madrugada,False
2025-11-16 04:17:51.022536,Ruta 2 - Norte,189,7.0,6,40,2025-11-16 04:15:00,2025-11-16 04:18:10.385430282,18.57717848853997,Sunday,1.0,39.0,97.5,3.17,Retraso Leve,Madrugada,False
2025-11-16 15:02:51.022536,Ruta 2 - Norte,189,8.0,2,60,2025-11-16 15:00:00,2025-11-16 15:00:46.967939310,26.133034138604263,Sunday,6.0,45.0,75.0,0.78,A Tiempo,Tarde,False
2025-11-16 22:07:51.022536,Ruta 3 - Sur,189,11.0,4,50,2025-11-16 22:00:00,2025-11-16 22:02:29.284206156,23.30865321582997,Sunday,7.0,52.0,100.0,2.49,Retraso Leve,Noche,False
2025-11-17 15:12:51.022536,Ruta 4 - Este,189,8.0,5,50,2025-11-17 15:00:00,2025-11-17 15:00:39.078630708,25.956207523972783,Monday,3.0,55.0,100.0,0.65,A Tiempo,Tarde,False
2025-11-18 05:17:51.022536,Ruta 6 - Express,189,5.0,5,40,2025-11-18 05:15:00,2025-11-18 05:17:35.464673466,28.332195495880995,Tuesday,0.0,55.0,100.0,2.59,Retraso Leve,Madrugada,False
2025-11-18 08:17:51.022536,Ruta 1 - Centro,189,9.0,10,60,2025-11-18 08:15:00,2025-11-18 08:15:08.148319914,24.995578913164294,Tuesday,-1.0,54.0,90.0,0.14,A Tiempo,Mañana,True
2025-11-18 13:12:51.022536,Ruta 6 - Express,189,7.0,15,50,2025-11-18 13:00:00,2025-11-18 13:01:40.063901940,34.30826106412515,Tuesday,-8.0,46.0,92.0,1.67,A Tiempo,Tarde,False
2025-11-18 18:02:51.022536,Ruta 4 - Este,189,14.0,6,40,2025-11-18 18:00:00,2025-11-18 18:03:22.099254216,22.340749784661288,Tuesday,8.0,54.0,100.0,3.37,Retraso Leve,Tarde,True
2025-11-18 19:32:51.022536,Ruta 4 - Este,189,13.0,7,60,2025-11-18 19:30:00,2025-11-18 19:31:45.211635744,27.970682485247824,Tuesday,6.0,60.0,100.0,1.75,A Tiempo,Noche,True
2025-11-19 13:47:51.022536,Ruta 2 - Norte,189,9.0,4,60,2025-11-19 13:45:00,2025-11-19 13:45:30.030625319,28.902394628227903,Wednesday,5.0,65.0,100.0,0.5,A Tiempo,Tarde,False
2025-11-19 16:32:51.022536,Ruta 5 - Oeste,189,8.0,3,60,2025-11-19 16:30:00,2025-11-19 16:33:33.052047425,23.7112862542883,Wednesday,5.0,70.0,100.0,3.55,Retraso Leve,Tarde,False
2025-11-19 17:37:51.022536,Ruta 6 - Express,189,6.0,7,40,2025-11-19 17:30:00,2025-11-19 17:31:07.601738184,24.66947462693187,Wednesday,-1.0,69.0,100.0,1.13,A Tiempo,Tarde,True
2025-11-19 21:57:51.022536,Ruta 4 - Este,189,6.0,7,40,2025-11-19 21:45:00,2025-11-19 21:49:49.526947368,32.94624109682669,Wednesday,-1.0,68.0,100.0,4.83,Retraso Leve,Noche,False
2025-11-20 04:07:51.022536,Ruta 6 - Express,189,9.0,5,60,2025-11-20 04:00:00,2025-11-20 04:01:33.566797506,19.705789648069967,Thursday,4.0,72.0,100.0,1.56,A Tiempo,Madrugada,False
2025-11-20 04:47:51.022536,Ruta 2 - Norte,189,11.0,5,40,2025-11-20 04:45:00,2025-11-20 04:53:07.298311134,34.36779734857311,Thursday,6.0,78.0,100.0,8.12,Retraso Grave,Madrugada,False
2025-11-20 06:57:51.022536,Ruta 4 - Este,189,11.0,8,60,2025-11-20 06:45:00,2025-11-20 06:46:13.461688578,24.709731298298514,Thursday,3.0,81.0,100.0,1.22,A Tiempo,Madrugada,False
2025-11-21 14:02:51.022536,Ruta 4 - Este,189,7.0,8,40,2025-11-21 14:00:00,2025-11-21 14:01:27.983758614,21.34621874261184,Friday,-1.0,80.0,100.0,1.47,A Tiempo,Tarde,False
2025-11-21 16:17:51.022536,Ruta 1 - Centro,189,6.0,6,40,2025-11-21 16:15:00,2025-11-21 16:16:37.676298318,24.92785159985638,Friday,0.0,80.0,100.0,1.63,A Tiempo,Tarde,False
2025-11-22 05:32:51.022536,Ruta 4 - Este,189,12.0,10,50,2025-11-22 05:30:00,2025-11-22 05:33:06.689086500,19.436833349168268,Saturday,2.0,82.0,100.0,3.11,Retraso Leve,Madrugada,False
2025-11-22 05:47:51.022536,Ruta 4 - Este,189,7.0,4,50,2025-11-22 05:45:00,2025-11-22 05:45:15.099023952,27.740287829296005,Saturday,3.0,85.0,100.0,0.25,A Tiempo,Madrugada,False
2025-11-22 07:32:51.022536,Ruta 5 - Oeste,189,9.0,6,50,2025-11-22 07:30:00,2025-11-22 07:30:14.324977098,20.67879389697786,Saturday,3.0,88.0,100.0,0.24,A Tiempo,Mañana,True
2025-11-22 11:32:51.022536,Ruta 3 - Sur,189,11.0,4,50,2025-11-22 11:30:00,2025-11-22 11:32:15.812096760,23.0938010524659,Saturday,7.0,95.0,100.0,2.26,Retraso Leve,Mañana,False
2025-11-22 18:07:51.022536,Ruta 6 - Express,189,8.0,9,60,2025-11-22 18:00:00,2025-11-22 18:01:52.050378912,27.80035861103733,Saturday,-1.0,94.0,100.0,1.87,A Tiempo,Tarde,True
2025-11-23 00:02:51.022536,Ruta 1 - Centro,189,8.0,4,40,2025-11-23 00:00:00,2025-11-23 00:02:07.477368576,21.47265418191644,Sunday,4.0,98.0,100.0,2.12,Retraso Leve,Madrugada,False
2025-11-23 08:12:51.022536,Ruta 1 - Centro,189,9.0,9,50,2025-11-23 08:00:00,2025-11-23 08:04:01.497733542,27.53611772496508,Sunday,0.0,98.0,100.0,4.02,Retraso Leve,Mañana,True
2025-11-23 13:07:51.022536,Ruta 4 - Este,189,4.0,7,40,2025-11-23 13:00:00,2025-11-23 13:00:02.171116218,20.45705071112107,Sunday,-3.0,95.0,100.0,0.04,A Tiempo,Tarde,False
2025-11-24 04:32:51.022536,Ruta 4 - Este,189,9.0,8,50,2025-11-24 04:30:00,2025-11-24 04:30:03.112243950,26.068079277830783,Monday,1.0,96.0,100.0,0.05,A Tiempo,Madrugada,False
2025-11-24 15:07:51.022536,Ruta 6 - Express,189,7.0,5,50,2025-11-24 15:00:00,2025-11-24 15:00:32.246435322,27.380731623339848,Monday,2.0,98.0,100.0,0.54,A Tiempo,Tarde,False
2025-11-24 15:37:51.022536,Ruta 6 - Express,189,7.0,5,40,2025-11-24 15:30:00,2025-11-24 15:30:13.531058640,23.719972560810977,Monday,2.0,100.0,100.0,0.23,A Tiempo,Tarde,False
2025-11-24 19:42:51.022536,Ruta 4 - Este,189,8.0,4,60,2025-11-24 19:30:00,2025-11-24 19:30:46.767766566,22.34185517501355,Monday,4.0,104.0,100.0,0.78,A Tiempo,Noche,True
2025-11-25 04:12:51.022536,Ruta 6 - Express,189,11.0,5,40,2025-11-25 04:00:00,2025-11-25 04:00:20.284552116,35.0550539072327,Tuesday,6.0,110.0,100.0,0.34,A Tiempo,Madrugada,False
2025-11-26 04:37:51.022536,Ruta 1 - Centro,189,9.0,4,60,2025-11-26 04:30:00,2025-11-26 04:30:02.011427675,21.877049798150985,Wednesday,5.0,115.0,100.0,0.03,A Tiempo,Madrugada,False
2025-11-26 07:02:51.022536,Ruta 2 - Norte,189,9.0,4,50,2025-11-26 07:00:00,2025-11-26 07:04:26.957929362,28.456517646465183,Wednesday,5.0,120.0,100.0,4.45,Retraso Leve,Mañana,True
2025-11-26 13:12:51.022536,Ruta 3 - Sur,189,8.0,7,60,2025-11-26 13:00:00,2025-11-26 13:01:29.672236956,19.371101492361007,Wednesday,1.0,121.0,100.0,1.49,A Tiempo,Tarde,False
2025-11-26 15:37:51.022536,Ruta 1 - Centro,189,7.0,5,40,2025-11-26 15:30:00,2025-11-26 15:30:03.808590545,20.50162443879377,Wednesday,2.0,123.0,100.0,0.06,A Tiempo,Tarde,False
2025-11-09 18:22:51.022536,Ruta 4 - Este,190,13.0,3,60,2025-11-09 18:15:00,2025-11-09 18:20:41.357049870,18.95103015309344,Sunday,10.0,10.0,16.67,5.69,Retraso Grave,Tarde,True
2025-11-10 06:37:51.022536,Ruta 1 - Centro,190,6.0,9,50,2025-11-10 06:30:00,2025-11-10 06:31:27.099212670,25.637680717765896,Monday,-3.0,7.0,14.0,1.45,A Tiempo,Madrugada,False
2025-11-10 07:02:51.022536,Ruta 1 - Centro,190,11.0,6,40,2025-11-10 07:00:00,2025-11-10 07:00:12.388065456,22.333718100814824,Monday,5.0,12.0,30.0,0.21,A Tiempo,Mañana,True
2025-11-11 05:42:51.022536,Ruta 5 - Oeste,190,7.0,5,50,2025-11-11 05:30:00,2025-11-11 05:32:10.697522466,26.42353660629343,Tuesday,2.0,14.0,28.0,2.18,Retraso Leve,Madrugada,False
2025-11-11 13:47:51.022536,Ruta 2 - Norte,190,7.0,8,40,2025-11-11 13:45:00,2025-11-11 13:48:10.553389860,23.017219221465407,Tuesday,-1.0,13.0,32.5,3.18,Retraso Leve,Tarde,False
2025-11-12 06:52:51.022536,Ruta 3 - Sur,190,10.0,4,60,2025-11-12 06:45:00,2025-11-12 06:50:14.666109792,22.887339121987758,Wednesday,6.0,19.0,31.67,5.24,Retraso Grave,Madrugada,False
2025-11-14 09:32:51.022536,Ruta 5 - Oeste,190,5.0,10,50,2025-11-14 09:30:00,2025-11-14 09:30:28.684431150,23.90918196039242,Friday,-5.0,14.0,28.0,0.48,A Tiempo,Mañana,True
2025-11-14 12:42:51.022536,Ruta 5 - Oeste,190,4.0,4,50,2025-11-14 12:30:00,2025-11-14 12:32:14.444492250,19.253232524537047,Friday,0.0,14.0,28.0,2.24,Retraso Leve,Mañana,False
2025-11-14 13:22:51.022536,Ruta 6 - Express,190,9.0,5,50,2025-11-14 13:15:00,2025-11-14 13:15:43.914447012,23.992560787927665,Friday,4.0,18.0,36.0,0.73,A Tiempo,Tarde,False
2025-11-14 23:42:51.022536,Ruta 2 - Norte,190,8.0,9,60,2025-11-14 23:30:00,2025-11-14 23:32:40.961013408,23.3763501084143,Friday,-1.0,17.0,28.33,2.68,Retraso Leve,Noche,False
2025-11-16 02:37:51.022536,Ruta 2 - Norte,190,13.0,8,60,2025-11-16 02:30:00,2025-11-16 02:30:59.359890810,23.63559557953991,Sunday,5.0,22.0,36.67,0.99,A Tiempo,Madrugada,False
2025-11-16 03:42:51.022536,Ruta 6 - Express,190,7.0,7,60,2025-11-16 03:30:00,2025-11-16 03:33:10.285954998,31.382192205582008,Sunday,0.0,22.0,36.67,3.17,Retraso Leve,Madrugada,False
2025-11-16 03:52:51.022536,Ruta 1 - Centro,190,10.0,7,50,2025-11-16 03:45:00,2025-11-16 03:45:23.821307166,18.425223897570092,Sunday,3.0,25.0,50.0,0.4,A Tiempo,Madrugada,False
2025-11-17 00:17:51.022536,Ruta 4 - Este,190,8.0,4,50,2025-11-17 00:15:00,2025-11-17 00:17:48.284388420,17.134726593731006,Monday,4.0,29.0,58.0,2.8,Retraso Leve,Madrugada,False
2025-11-17 06:12:51.022536,Ruta 2 - Norte,190,8.0,3,40,2025-11-17 06:00:00,2025-11-17 06:02:16.801718256,27.81862988869898,Monday,5.0,34.0,85.0,2.28,Retraso Leve,Madrugada,False
2025-11-17 20:37:51.022536,Ruta 5 - Oeste,190,13.0,7,50,2025-11-17 20:30:00,2025-11-17 20:31:32.878210824,20.687494385022596,Monday,6.0,40.0,80.0,1.55,A Tiempo,Noche,False
2025-11-18 01:57:51.022536,Ruta 1 - Centro,190,11.0,4,40,2025-11-18 01:45:00,2025-11-18 01:46:54.615593946,13.270927289964252,Tuesday,7.0,47.0,100.0,1.91,A Tiempo,Madrugada,False
2025-11-19 20:47:51.022536,Ruta 3 - Sur,190,8.0,4,50,2025-11-19 20:45:00,2025-11-19 20:47:41.583946410,25.065136727763388,Wednesday,4.0,51.0,100.0,2.69,Retraso Leve,Noche,False
2025-11-20 04:17:51.022536,Ruta 4 - Este,190,8.0,7,40,2025-11-20 04:15:00,2025-11-20 04:17:30.742756788,20.405567499274152,Thursday,1.0,52.0,100.0,2.51,Retraso Leve,Madrugada,False
2025-11-20 12:22:51.022536,Ruta 5 - Oeste,190,9.0,9,40,2025-11-20 12:15:00,2025-11-20 12:15:05.975350326,27.67784684879689,Thursday,0.0,52.0,100.0,0.1,A Tiempo,Mañana,False
2025-11-20 16:02:51.022536,Ruta 5 - Oeste,190,15.0,8,60,2025-11-20 16:00:00,2025-11-20 16:01:17.961516894,36.28199577295327,Thursday,7.0,59.0,98.33,1.3,A Tiempo,Tarde,False
2025-11-21 10:57:51.022536,Ruta 5 - Oeste,190,5.0,7,60,2025-11-21 10:45:00,2025-11-21 10:46:24.290912058,32.59684493790886,Friday,-2.0,57.0,95.0,1.4,A Tiempo,Mañana,False
2025-11-21 18:47:51.022536,Ruta 6 - Express,190,9.0,6,40,2025-11-21 18:45:00,2025-11-21 18:47:25.645051800,20.42997839174853,Friday,3.0,60.0,100.0,2.43,Retraso Leve,Tarde,True
2025-11-21 22:47:51.022536,Ruta 2 - Norte,190,6.0,7,60,2025-11-21 22:45:00,2025-11-21 22:46:17.836818762,21.19223050871146,Friday,-1.0,59.0,98.33,1.3,A Tiempo,Noche,False
2025-11-22 02:22:51.022536,Ruta 3 - Sur,190,9.0,9,60,2025-11-22 02:15:00,2025-11-22 02:16:44.955025710,25.22956913196724,Saturday,0.0,59.0,98.33,1.75,A Tiempo,Madrugada,False
2025-11-22 11:17:51.022536,Ruta 1 - Centro,190,5.0,4,60,2025-11-22 11:15:00,2025-11-22 11:21:57.497169936,24.618065916084525,Saturday,1.0,60.0,100.0,6.96,Retraso Grave,Mañana,False
2025-11-24 00:32:51.022536,Ruta 5 - Oeste,190,14.0,3,40,2025-11-24 00:30:00,2025-11-24 00:34:54.944595612,30.950614974723525,Monday,11.0,71.0,100.0,4.92,Retraso Leve,Madrugada,False
2025-11-24 07:02:51.022536,Ruta 5 - Oeste,190,8.0,3,50,2025-11-24 07:00:00,2025-11-24 07:01:48.291640020,29.10557945288943,Monday,5.0,76.0,100.0,1.8,A Tiempo,Mañana,True
2025-11-24 18:32:51.022536,Ruta 3 - Sur,190,10.0,7,40,2025-11-24 18:30:00,2025-11-24 18:31:10.852250418,27.857995560291865,Monday,3.0,79.0,100.0,1.18,A Tiempo,Tarde,True
2025-11-24 19:32:51.022536,Ruta 5 - Oeste,190,8.0,9,40,2025-11-24 19:30:00,2025-11-24 19:33:55.031417580,26.492261279068654,Monday,-1.0,78.0,100.0,3.92,Retraso Leve,Noche,True
2025-11-25 00:27:51.022536,Ruta 4 - Este,190,9.0,6,40,2025-11-25 00:15:00,2025-11-25 00:19:17.922804744,20.362538888595992,Tuesday,3.0,81.0,100.0,4.3,Retraso Leve,Madrugada,False
2025-11-25 13:57:51.022536,Ruta 2 - Norte,190,10.0,11,50,2025-11-25 13:45:00,2025-11-25 13:45:43.102860006,30.49518373077129,Tuesday,-1.0,80.0,100.0,0.72,A Tiempo,Tarde,False
2025-11-26 00:57:51.022536,Ruta 3 - Sur,190,7.0,8,60,2025-11-26 00:45:00,2025-11-26 00:48:08.213771286,24.176012891142395,Wednesday,-1.0,79.0,100.0,3.14,Retraso Leve,Madrugada,False
2025-11-26 09:27:51.022536,Ruta 6 - Express,190,7.0,5,40,2025-11-26 09:15:00,2025-11-26 09:15:51.671172420,29.6245612975382,Wednesday,2.0,81.0,100.0,0.86,A Tiempo,Mañana,True
2025-11-26 11:27:51.022536,Ruta 5 - Oeste,190,7.0,10,50,2025-11-26 11:15:00,2025-11-26 11:19:52.929162108,18.004231196460665,Wednesday,-3.0,78.0,100.0,4.88,Retraso Leve,Mañana,False
2025-11-26 20:12:51.022536,Ruta 3 - Sur,190,13.0,5,40,2025-11-26 20:00:00,2025-11-26 20:00:10.052618976,40.94685730714016,Wednesday,8.0,86.0,100.0,0.17,A Tiempo,Noche,False
2025-11-09 16:02:51.022536,Ruta 5 - Oeste,191,9.0,9,50,2025-11-09 16:00:00,2025-11-09 16:01:34.689313752,21.22109485515817,Sunday,0.0,0.0,0.0,1.58,A Tiempo,Tarde,False
2025-11-09 18:52:51.022536,Ruta 4 - Este,191,6.0,3,60,2025-11-09 18:45:00,2025-11-09 18:45:01.875542808,19.73802784447157,Sunday,3.0,3.0,5.0,0.03,A Tiempo,Tarde,True
2025-11-09 20:52:51.022536,Ruta 3 - Sur,191,9.0,5,60,2025-11-09 20:45:00,2025-11-09 20:46:01.352292246,22.174800035584184,Sunday,4.0,7.0,11.67,1.02,A Tiempo,Noche,False
2025-11-09 21:02:51.022536,Ruta 1 - Centro,191,5.0,8,50,2025-11-09 21:00:00,2025-11-09 21:00:01.882667898,23.763754507411413,Sunday,-3.0,4.0,8.0,0.03,A Tiempo,Noche,False
2025-11-11 02:02:51.022536,Ruta 2 - Norte,191,5.0,9,40,2025-11-11 02:00:00,2025-11-11 02:01:28.004416968,23.361548211221542,Tuesday,-4.0,0.0,0.0,1.47,A Tiempo,Madrugada,False
2025-11-11 09:17:51.022536,Ruta 4 - Este,191,2.0,6,40,2025-11-11 09:15:00,2025-11-11 09:15:44.878579332,27.797550862005902,Tuesday,-4.0,0.0,0.0,0.75,A Tiempo,Mañana,True
2025-11-12 07:07:51.022536,Ruta 2 - Norte,191,13.0,3,60,2025-11-12 07:00:00,2025-11-12 07:00:45.480742344,21.99500564457417,Wednesday,10.0,6.0,10.0,0.76,A Tiempo,Mañana,True
2025-11-12 09:37:51.022536,Ruta 5 - Oeste,191,5.0,7,50,2025-11-12 09:30:00,2025-11-12 09:31:05.552254584,29.99865887935784,Wednesday,-2.0,4.0,8.0,1.09,A Tiempo,Mañana,True
2025-11-12 10:27:51.022536,Ruta 5 - Oeste,191,9.0,7,60,2025-11-12 10:15:00,2025-11-12 10:16:43.371888420,20.31517095052073,Wednesday,2.0,6.0,10.0,1.72,A Tiempo,Mañana,False
2025-11-12 19:32:51.022536,Ruta 5 - Oeste,191,8.0,5,50,2025-11-12 19:30:00,2025-11-12 19:31:37.908710412,30.434067060484693,Wednesday,3.0,9.0,18.0,1.63,A Tiempo,Noche,True
2025-11-13 19:17:51.022536,Ruta 1 - Centro,191,7.0,7,50,2025-11-13 19:15:00,2025-11-13 19:17:26.040080538,17.978093367731624,Thursday,0.0,9.0,18.0,2.43,Retraso Leve,Noche,True
2025-11-13 19:37:51.022536,Ruta 4 - Este,191,11.0,4,50,2025-11-13 19:30:00,2025-11-13 19:31:17.305109094,26.44733744497437,Thursday,7.0,16.0,32.0,1.29,A Tiempo,Noche,True
2025-11-14 07:52:51.022536,Ruta 2 - Norte,191,5.0,8,40,2025-11-14 07:45:00,2025-11-14 07:51:10.354698000,21.335008476132103,Friday,-3.0,13.0,32.5,6.17,Retraso Grave,Mañana,True
2025-11-14 14:02:51.022536,Ruta 5 - Oeste,191,8.0,5,40,2025-11-14 14:00:00,2025-11-14 14:00:13.317167658,19.05095461754497,Friday,3.0,16.0,40.0,0.22,A Tiempo,Tarde,False
2025-11-14 17:17:51.022536,Ruta 3 - Sur,191,12.0,9,40,2025-11-14 17:15:00,2025-11-14 17:15:35.369284284,24.348964871242195,Friday,3.0,19.0,47.5,0.59,A Tiempo,Tarde,True
2025-11-14 19:57:51.022536,Ruta 1 - Centro,191,8.0,8,40,2025-11-14 19:45:00,2025-11-14 19:45:00.790638528,22.192544157461253,Friday,0.0,19.0,47.5,0.01,A Tiempo,Noche,True
2025-11-14 21:27:51.022536,Ruta 5 - Oeste,191,11.0,8,40,2025-11-14 21:15:00,2025-11-14 21:15:57.343590762,24.283420417532184,Friday,3.0,22.0,55.0,0.96,A Tiempo,Noche,False
2025-11-15 10:07:51.022536,Ruta 1 - Centro,191,7.0,7,40,2025-11-15 10:00:00,2025-11-15 10:00:58.370825124,27.782710391154847,Saturday,0.0,22.0,55.0,0.97,A Tiempo,Mañana,False
2025-11-15 12:02:51.022536,Ruta 5 - Oeste,191,12.0,10,50,2025-11-15 12:00:00,2025-11-15 12:02:28.278029352,29.89943530797534,Saturday,2.0,24.0,48.0,2.47,Retraso Leve,Mañana,False
2025-11-15 17:47:51.022536,Ruta 2 - Norte,191,8.0,3,50,2025-11-15 17:45:00,2025-11-15 17:46:09.655555374,32.27482165188274,Saturday,5.0,29.0,58.0,1.16,A Tiempo,Tarde,True
2025-11-15 18:27:51.022536,Ruta 6 - Express,191,17.0,6,60,2025-11-15 18:15:00,2025-11-15 18:19:08.457571236,27.162120877782996,Saturday,11.0,40.0,66.67,4.14,Retraso Leve,Tarde,True
2025-11-15 22:22:51.022536,Ruta 4 - Este,191,7.0,5,60,2025-11-15 22:15:00,2025-11-15 22:16:59.698844082,23.98484018335754,Saturday,2.0,42.0,70.0,1.99,A Tiempo,Noche,False
2025-11-15 22:27:51.022536,Ruta 4 - Este,191,13.0,7,40,2025-11-15 22:15:00,2025-11-15 22:16:07.991910270,18.25919994047141,Saturday,6.0,48.0,100.0,1.13,A Tiempo,Noche,False
2025-11-16 04:52:51.022536,Ruta 2 - Norte,191,8.0,8,40,2025-11-16 04:45:00,2025-11-16 04:46:46.089569208,27.54598389652141,Sunday,0.0,48.0,100.0,1.77,A Tiempo,Madrugada,False
2025-11-16 16:07:51.022536,Ruta 5 - Oeste,191,5.0,4,50,2025-11-16 16:00:00,2025-11-16 16:02:21.125731950,25.339662607687444,Sunday,1.0,49.0,98.0,2.35,Retraso Leve,Tarde,False
2025-11-16 19:12:51.022536,Ruta 4 - Este,191,6.0,6,50,2025-11-16 19:00:00,2025-11-16 19:00:43.405811244,18.34288929536795,Sunday,0.0,49.0,98.0,0.72,A Tiempo,Noche,True
2025-11-17 21:22:51.022536,Ruta 3 - Sur,191,5.0,4,50,2025-11-17 21:15:00,2025-11-17 21:22:57.099697932,20.549331800520054,Monday,1.0,50.0,100.0,7.95,Retraso Grave,Noche,False
2025-11-18 13:02:51.022536,Ruta 6 - Express,191,12.0,13,50,2025-11-18 13:00:00,2025-11-18 13:00:46.765221252,21.878087054657083,Tuesday,-1.0,49.0,98.0,0.78,A Tiempo,Tarde,False
2025-11-18 13:47:51.022536,Ruta 1 - Centro,191,5.0,7,40,2025-11-18 13:45:00,2025-11-18 13:45:38.834980872,26.618559321409386,Tuesday,-2.0,47.0,100.0,0.65,A Tiempo,Tarde,False
2025-11-18 17:17:51.022536,Ruta 3 - Sur,191,9.0,3,50,2025-11-18 17:15:00,2025-11-18 17:16:07.846462644,20.73427049843571,Tuesday,6.0,53.0,100.0,1.13,A Tiempo,Tarde,True
2025-11-19 09:57:51.022536,Ruta 5 - Oeste,191,10.0,8,60,2025-11-19 09:45:00,2025-11-19 09:48:41.967489732,21.77708970404738,Wednesday,2.0,55.0,91.67,3.7,Retraso Leve,Mañana,True
2025-11-19 22:07:51.022536,Ruta 5 - Oeste,191,5.0,4,40,2025-11-19 22:00:00,2025-11-19 22:00:52.935130734,22.457673179710177,Wednesday,1.0,56.0,100.0,0.88,A Tiempo,Noche,False
2025-11-20 12:52:51.022536,Ruta 6 - Express,191,5.0,4,40,2025-11-20 12:45:00,2025-11-20 12:49:55.364767650,28.7721251727632,Thursday,1.0,57.0,100.0,4.92,Retraso Leve,Mañana,False
2025-11-20 16:12:51.022536,Ruta 1 - Centro,191,10.0,8,40,2025-11-20 16:00:00,2025-11-20 16:01:53.174563734,10.034386000790718,Thursday,2.0,59.0,100.0,1.89,A Tiempo,Tarde,False
2025-11-21 02:22:51.022536,Ruta 1 - Centro,191,11.0,7,40,2025-11-21 02:15:00,2025-11-21 02:15:44.106724452,25.835031987919336,Friday,4.0,63.0,100.0,0.74,A Tiempo,Madrugada,False
2025-11-21 04:22:51.022536,Ruta 3 - Sur,191,9.0,4,50,2025-11-21 04:15:00,2025-11-21 04:15:39.243518214,30.08707043583875,Friday,5.0,68.0,100.0,0.65,A Tiempo,Madrugada,False
2025-11-21 13:52:51.022536,Ruta 4 - Este,191,9.0,8,40,2025-11-21 13:45:00,2025-11-21 13:46:11.525020428,24.70680792618683,Friday,1.0,69.0,100.0,1.19,A Tiempo,Tarde,False
2025-11-21 22:17:51.022536,Ruta 2 - Norte,191,8.0,3,40,2025-11-21 22:15:00,2025-11-21 22:17:00.207628992,21.677886880913395,Friday,5.0,74.0,100.0,2.0,A Tiempo,Noche,False
2025-11-21 23:52:51.022536,Ruta 1 - Centro,191,3.0,5,50,2025-11-21 23:45:00,2025-11-21 23:46:08.269617029,28.349202474028232,Friday,-2.0,72.0,100.0,1.14,A Tiempo,Noche,False
2025-11-22 11:57:51.022536,Ruta 6 - Express,191,6.0,7,40,2025-11-22 11:45:00,2025-11-22 11:45:03.393545724,19.039616904118724,Saturday,-1.0,71.0,100.0,0.06,A Tiempo,Mañana,False
2025-11-22 12:02:51.022536,Ruta 4 - Este,191,9.0,3,40,2025-11-22 12:00:00,2025-11-22 12:01:29.149608396,22.12337287192051,Saturday,6.0,77.0,100.0,1.49,A Tiempo,Mañana,False
2025-11-23 06:42:51.022536,Ruta 4 - Este,191,6.0,3,50,2025-11-23 06:30:00,2025-11-23 06:32:46.275081714,27.96532199620424,Sunday,3.0,80.0,100.0,2.77,Retraso Leve,Madrugada,False
2025-11-23 17:17:51.022536,Ruta 4 - Este,191,2.0,8,60,2025-11-23 17:15:00,2025-11-23 17:17:36.377094168,24.060659972167883,Sunday,-6.0,74.0,100.0,2.61,Retraso Leve,Tarde,True
2025-11-23 20:02:51.022536,Ruta 5 - Oeste,191,8.0,8,60,2025-11-23 20:00:00,2025-11-23 20:01:24.449072604,18.73216963077506,Sunday,0.0,74.0,100.0,1.41,A Tiempo,Noche,False
2025-11-24 00:37:51.022536,Ruta 4 - Este,191,5.0,4,60,2025-11-24 00:30:00,2025-11-24 00:30:45.138992010,29.039831119259453,Monday,1.0,75.0,100.0,0.75,A Tiempo,Madrugada,False
2025-11-24 07:47:51.022536,Ruta 4 - Este,191,9.0,9,40,2025-11-24 07:45:00,2025-11-24 07:46:51.884662980,23.94657526951282,Monday,0.0,75.0,100.0,1.86,A Tiempo,Mañana,True
2025-11-24 21:47:51.022536,Ruta 2 - Norte,191,11.0,10,60,2025-11-24 21:45:00,2025-11-24 21:45:19.184158926,17.874549886684324,Monday,1.0,76.0,100.0,0.32,A Tiempo,Noche,False
2025-11-25 01:57:51.022536,Ruta 3 - Sur,191,8.0,5,60,2025-11-25 01:45:00,2025-11-25 01:52:08.816121684,21.73326089758995,Tuesday,3.0,79.0,100.0,7.15,Retraso Grave,Madrugada,False
2025-11-25 07:42:51.022536,Ruta 3 - Sur,191,4.0,5,60,2025-11-25 07:30:00,2025-11-25 07:31:11.906790828,19.578482145667216,Tuesday,-1.0,78.0,100.0,1.2,A Tiempo,Mañana,True
2025-11-25 13:27:51.022536,Ruta 2 - Norte,191,16.0,8,60,2025-11-25 13:15:00,2025-11-25 13:16:19.397504652,25.040712953108667,Tuesday,8.0,86.0,100.0,1.32,A Tiempo,Tarde,False
2025-11-25 15:17:51.022536,Ruta 1 - Centro,191,7.0,3,50,2025-11-25 15:15:00,2025-11-25 15:15:42.128404980,21.947673928086875,Tuesday,4.0,90.0,100.0,0.7,A Tiempo,Tarde,False
2025-11-25 15:32:51.022536,Ruta 5 - Oeste,191,9.0,9,50,2025-11-25 15:30:00,2025-11-25 15:36:34.955264418,21.655560218636648,Tuesday,0.0,90.0,100.0,6.58,Retraso Grave,Tarde,False
2025-11-26 01:02:51.022536,Ruta 1 - Centro,191,7.0,6,60,2025-11-26 01:00:00,2025-11-26 01:02:14.001643020,29.53753694337269,Wednesday,1.0,91.0,100.0,2.23,Retraso Leve,Madrugada,False
2025-11-26 16:07:51.022536,Ruta 3 - Sur,191,8.0,5,50,2025-11-26 16:00:00,2025-11-26 16:01:55.488460206,22.562860960471752,Wednesday,3.0,94.0,100.0,1.92,A Tiempo,Tarde,False
2025-11-09 16:57:51.022536,Ruta 4 - Este,192,11.0,5,50,2025-11-09 16:45:00,2025-11-09 16:47:35.630275734,24.719252973973088,Sunday,6.0,6.0,12.0,2.59,Retraso Leve,Tarde,False
2025-11-09 17:02:51.022536,Ruta 6 - Express,192,12.0,8,60,2025-11-09 17:00:00,2025-11-09 17:03:03.002654370,20.56764270002669,Sunday,4.0,10.0,16.67,3.05,Retraso Leve,Tarde,True
2025-11-10 15:27:51.022536,Ruta 1 - Centro,192,7.0,6,60,2025-11-10 15:15:00,2025-11-10 15:18:17.346825384,19.33251916115094,Monday,1.0,11.0,18.33,3.29,Retraso Leve,Tarde,False
2025-11-10 23:57:51.022536,Ruta 2 - Norte,192,4.0,4,50,2025-11-10 23:45:00,2025-11-10 23:46:03.046269990,25.74501035237683,Monday,0.0,11.0,22.0,1.05,A Tiempo,Noche,False
2025-11-11 11:27:51.022536,Ruta 2 - Norte,192,12.0,3,60,2025-11-11 11:15:00,2025-11-11 11:18:44.787320316,25.384508748197145,Tuesday,9.0,20.0,33.33,3.75,Retraso Leve,Mañana,False
2025-11-11 15:27:51.022536,Ruta 2 - Norte,192,8.0,5,50,2025-11-11 15:15:00,2025-11-11 15:18:32.972608812,27.433250782268622,Tuesday,3.0,23.0,46.0,3.55,Retraso Leve,Tarde,False
2025-11-11 19:52:51.022536,Ruta 2 - Norte,192,10.0,6,60,2025-11-11 19:45:00,2025-11-11 19:46:40.220572716,37.191934813127645,Tuesday,4.0,27.0,45.0,1.67,A Tiempo,Noche,True
2025-11-12 08:47:51.022536,Ruta 6 - Express,192,8.0,7,50,2025-11-12 08:45:00,2025-11-12 08:46:20.501718930,16.58002979719786,Wednesday,1.0,28.0,56.0,1.34,A Tiempo,Mañana,True
2025-11-12 21:52:51.022536,Ruta 6 - Express,192,9.0,7,40,2025-11-12 21:45:00,2025-11-12 21:45:17.676649326,35.257668170034954,Wednesday,2.0,30.0,75.0,0.29,A Tiempo,Noche,False
2025-11-12 22:52:51.022536,Ruta 3 - Sur,192,9.0,5,60,2025-11-12 22:45:00,2025-11-12 22:48:49.623167208,16.27926818796802,Wednesday,4.0,34.0,56.67,3.83,Retraso Leve,Noche,False
2025-11-13 09:12:51.022536,Ruta 6 - Express,192,10.0,7,40,2025-11-13 09:00:00,2025-11-13 09:02:59.024252574,28.74978522611471,Thursday,3.0,37.0,92.5,2.98,Retraso Leve,Mañana,True
2025-11-13 13:07:51.022536,Ruta 1 - Centro,192,11.0,6,50,2025-11-13 13:00:00,2025-11-13 13:03:42.039362442,19.593594483905022,Thursday,5.0,42.0,84.0,3.7,Retraso Leve,Tarde,False
2025-11-13 15:17:51.022536,Ruta 5 - Oeste,192,11.0,5,40,2025-11-13 15:15:00,2025-11-13 15:17:57.812091330,31.443960237820416,Thursday,6.0,48.0,100.0,2.96,Retraso Leve,Tarde,False
2025-11-14 21:52:51.022536,Ruta 4 - Este,192,9.0,7,60,2025-11-14 21:45:00,2025-11-14 21:45:05.915176476,30.65115587119812,Friday,2.0,50.0,83.33,0.1,A Tiempo,Noche,False
2025-11-15 08:42:51.022536,Ruta 5 - Oeste,192,4.0,5,50,2025-11-15 08:30:00,2025-11-15 08:30:26.268496092,23.863946940692703,Saturday,-1.0,49.0,98.0,0.44,A Tiempo,Mañana,True
2025-11-15 12:42:51.022536,Ruta 1 - Centro,192,8.0,8,40,2025-11-15 12:30:00,2025-11-15 12:31:26.701619838,29.195502195741486,Saturday,0.0,49.0,100.0,1.45,A Tiempo,Mañana,False
2025-11-16 07:52:51.022536,Ruta 1 - Centro,192,9.0,8,50,2025-11-16 07:45:00,2025-11-16 07:46:44.385098304,20.462618180393708,Sunday,1.0,50.0,100.0,1.74,A Tiempo,Mañana,True
2025-11-16 12:12:51.022536,Ruta 6 - Express,192,10.0,8,50,2025-11-16 12:00:00,2025-11-16 12:00:31.939601537,13.391203096844178,Sunday,2.0,52.0,100.0,0.53,A Tiempo,Mañana,False
2025-11-17 05:17:51.022536,Ruta 2 - Norte,192,6.0,4,40,2025-11-17 05:15:00,2025-11-17 05:15:48.083830020,24.63838852037178,Monday,2.0,54.0,100.0,0.8,A Tiempo,Madrugada,False
2025-11-17 05:37:51.022536,Ruta 6 - Express,192,10.0,3,50,2025-11-17 05:30:00,2025-11-17 05:33:24.871370574,17.422175371094912,Monday,7.0,61.0,100.0,3.41,Retraso Leve,Madrugada,False
2025-11-17 06:52:51.022536,Ruta 3 - Sur,192,10.0,13,60,2025-11-17 06:45:00,2025-11-17 06:45:20.564484198,35.10896987296597,Monday,-3.0,58.0,96.67,0.34,A Tiempo,Madrugada,False
2025-11-17 17:37:51.022536,Ruta 6 - Express,192,5.0,4,40,2025-11-17 17:30:00,2025-11-17 17:31:59.052629652,27.29088827986409,Monday,1.0,59.0,100.0,1.98,A Tiempo,Tarde,True
2025-11-17 20:07:51.022536,Ruta 1 - Centro,192,14.0,3,40,2025-11-17 20:00:00,2025-11-17 20:02:05.453760312,20.146962757971068,Monday,11.0,70.0,100.0,2.09,Retraso Leve,Noche,False
2025-11-19 01:22:51.022536,Ruta 4 - Este,192,7.0,6,60,2025-11-19 01:15:00,2025-11-19 01:17:38.646366684,21.43891114975686,Wednesday,1.0,71.0,100.0,2.64,Retraso Leve,Madrugada,False
2025-11-19 06:22:51.022536,Ruta 2 - Norte,192,10.0,6,50,2025-11-19 06:15:00,2025-11-19 06:16:41.690297826,22.30036682820871,Wednesday,4.0,75.0,100.0,1.69,A Tiempo,Madrugada,False
2025-11-19 11:32:51.022536,Ruta 3 - Sur,192,8.0,8,60,2025-11-19 11:30:00,2025-11-19 11:31:00.290934252,36.50913847226635,Wednesday,0.0,75.0,100.0,1.0,A Tiempo,Mañana,False
2025-11-19 20:37:51.022536,Ruta 5 - Oeste,192,7.0,8,40,2025-11-19 20:30:00,2025-11-19 20:35:07.394488266,26.997597095931585,Wednesday,-1.0,74.0,100.0,5.12,Retraso Grave,Noche,False
2025-11-20 00:42:51.022536,Ruta 3 - Sur,192,8.0,4,60,2025-11-20 00:30:00,2025-11-20 00:30:54.089756586,23.010524772212715,Thursday,4.0,78.0,100.0,0.9,A Tiempo,Madrugada,False
2025-11-20 02:57:51.022536,Ruta 1 - Centro,192,6.0,4,50,2025-11-20 02:45:00,2025-11-20 02:49:44.996038560,28.54307659327858,Thursday,2.0,80.0,100.0,4.75,Retraso Leve,Madrugada,False
2025-11-20 15:07:51.022536,Ruta 3 - Sur,192,8.0,5,50,2025-11-20 15:00:00,2025-11-20 15:01:02.765423676,25.785868330169304,Thursday,3.0,83.0,100.0,1.05,A Tiempo,Tarde,False
2025-11-20 17:22:51.022536,Ruta 3 - Sur,192,9.0,5,40,2025-11-20 17:15:00,2025-11-20 17:15:01.246114362,35.479034962891454,Thursday,4.0,87.0,100.0,0.02,A Tiempo,Tarde,True
2025-11-21 02:42:51.022536,Ruta 1 - Centro,192,8.0,8,40,2025-11-21 02:30:00,2025-11-21 02:31:41.909492892,25.99163096886353,Friday,0.0,87.0,100.0,1.7,A Tiempo,Madrugada,False
2025-11-21 09:32:51.022536,Ruta 4 - Este,192,5.0,5,60,2025-11-21 09:30:00,2025-11-21 09:31:31.076378825,36.33774194680859,Friday,0.0,87.0,100.0,1.52,A Tiempo,Mañana,True
2025-11-21 19:27:51.022536,Ruta 3 - Sur,192,7.0,7,40,2025-11-21 19:15:00,2025-11-21 19:15:14.616811200,22.41265735365973,Friday,0.0,87.0,100.0,0.24,A Tiempo,Noche,True
2025-11-22 00:47:51.022536,Ruta 1 - Centro,192,7.0,9,50,2025-11-22 00:45:00,2025-11-22 00:48:42.304104786,32.04814029552238,Saturday,-2.0,85.0,100.0,3.71,Retraso Leve,Madrugada,False
2025-11-22 09:17:51.022536,Ruta 3 - Sur,192,12.0,10,60,2025-11-22 09:15:00,2025-11-22 09:19:00.807778182,26.93807974524949,Saturday,2.0,87.0,100.0,4.01,Retraso Leve,Mañana,True
2025-11-22 10:32:51.022536,Ruta 2 - Norte,192,8.0,6,50,2025-11-22 10:30:00,2025-11-22 10:30:01.464263358,19.83841360668404,Saturday,2.0,89.0,100.0,0.02,A Tiempo,Mañana,False
2025-11-22 12:17:51.022536,Ruta 1 - Centro,192,4.0,9,60,2025-11-22 12:15:00,2025-11-22 12:15:07.850873604,27.96417726224317,Saturday,-5.0,84.0,100.0,0.13,A Tiempo,Mañana,False
2025-11-23 04:47:51.022536,Ruta 6 - Express,192,12.0,9,50,2025-11-23 04:45:00,2025-11-23 04:49:08.262949638,25.75653293528103,Sunday,3.0,87.0,100.0,4.14,Retraso Leve,Madrugada,False
2025-11-24 09:02:51.022536,Ruta 2 - Norte,192,17.0,5,50,2025-11-24 09:00:00,2025-11-24 09:01:55.181699682,29.547478527961527,Monday,12.0,99.0,100.0,1.92,A Tiempo,Mañana,True
2025-11-24 16:57:51.022536,Ruta 5 - Oeste,192,8.0,8,50,2025-11-24 16:45:00,2025-11-24 16:56:49.796006532,27.85966950278388,Monday,0.0,99.0,100.0,11.83,Retraso Grave,Tarde,False
2025-11-25 12:57:51.022536,Ruta 6 - Express,192,7.0,9,40,2025-11-25 12:45:00,2025-11-25 12:46:52.607222370,19.145294559062226,Tuesday,-2.0,97.0,100.0,1.88,A Tiempo,Mañana,False
2025-11-25 20:22:51.022536,Ruta 4 - Este,192,11.0,3,50,2025-11-25 20:15:00,2025-11-25 20:16:22.674993846,19.680072324095857,Tuesday,8.0,105.0,100.0,1.38,A Tiempo,Noche,False
2025-11-25 20:47:51.022536,Ruta 4 - Este,192,7.0,6,60,2025-11-25 20:45:00,2025-11-25 20:47:51.568485384,24.87319340476488,Tuesday,1.0,106.0,100.0,2.86,Retraso Leve,Noche,False
2025-11-26 01:52:51.022536,Ruta 2 - Norte,192,10.0,6,50,2025-11-26 01:45:00,2025-11-26 01:45:20.439490668,17.672690933454383,Wednesday,4.0,110.0,100.0,0.34,A Tiempo,Madrugada,False
2025-11-26 02:12:51.022536,Ruta 5 - Oeste,192,3.0,9,60,2025-11-26 02:00:00,2025-11-26 02:01:37.297114038,26.42183792916892,Wednesday,-6.0,104.0,100.0,1.62,A Tiempo,Madrugada,False
2025-11-26 06:07:51.022536,Ruta 1 - Centro,192,7.0,3,40,2025-11-26 06:00:00,2025-11-26 06:00:22.589995194,32.35433757061293,Wednesday,4.0,108.0,100.0,0.38,A Tiempo,Madrugada,False
2025-11-26 06:32:51.022536,Ruta 5 - Oeste,192,8.0,6,50,2025-11-26 06:30:00,2025-11-26 06:34:01.844039436,28.11684562015028,Wednesday,2.0,110.0,100.0,4.03,Retraso Leve,Madrugada,False
2025-11-26 08:07:51.022536,Ruta 5 - Oeste,192,6.0,9,60,2025-11-26 08:00:00,2025-11-26 08:04:03.263264622,32.75260250483949,Wednesday,-3.0,107.0,100.0,4.05,Retraso Leve,Mañana,True
2025-11-26 12:12:51.022536,Ruta 2 - Norte,192,6.0,7,40,2025-11-26 12:00:00,2025-11-26 12:00:20.261584842,16.46609562423267,Wednesday,-1.0,106.0,100.0,0.34,A Tiempo,Mañana,False
2025-11-26 13:02:51.022536,Ruta 3 - Sur,192,14.0,2,60,2025-11-26 13:00:00,2025-11-26 13:02:10.650740628,18.02782653880827,Wednesday,12.0,118.0,100.0,2.18,Retraso Leve,Tarde,False
2025-11-26 16:47:51.022536,Ruta 1 - Centro,192,11.0,5,60,2025-11-26 16:45:00,2025-11-26 16:45:39.368018922,18.47751606914927,Wednesday,6.0,124.0,100.0,0.66,A Tiempo,Tarde,False
2025-11-09 23:27:51.022536,Ruta 1 - Centro,193,8.0,5,40,2025-11-09 23:15:00,2025-11-09 23:15:33.734748929,22.207353476626324,Sunday,3.0,3.0,7.5,0.56,A Tiempo,Noche,False
2025-11-09 23:32:51.022536,Ruta 4 - Este,193,9.0,8,50,2025-11-09 23:30:00,2025-11-09 23:30:51.771394938,29.58879201863369,Sunday,1.0,4.0,8.0,0.86,A Tiempo,Noche,False
2025-11-10 01:22:51.022536,Ruta 1 - Centro,193,8.0,4,60,2025-11-10 01:15:00,2025-11-10 01:16:27.768661830,29.53702218039716,Monday,4.0,8.0,13.33,1.46,A Tiempo,Madrugada,False
2025-11-10 01:37:51.022536,Ruta 4 - Este,193,10.0,12,60,2025-11-10 01:30:00,2025-11-10 01:31:37.579242168,19.54231224479319,Monday,-2.0,6.0,10.0,1.63,A Tiempo,Madrugada,False
2025-11-10 16:32:51.022536,Ruta 6 - Express,193,8.0,10,50,2025-11-10 16:30:00,2025-11-10 16:30:14.380186596,26.28230330951288,Monday,-2.0,4.0,8.0,0.24,A Tiempo,Tarde,False
2025-11-10 17:02:51.022536,Ruta 5 - Oeste,193,4.0,2,40,2025-11-10 17:00:00,2025-11-10 17:01:13.361082630,32.21205849360714,Monday,2.0,6.0,15.0,1.22,A Tiempo,Tarde,True
2025-11-10 21:02:51.022536,Ruta 4 - Este,193,4.0,7,60,2025-11-10 21:00:00,2025-11-10 21:00:49.010469414,25.39819979087809,Monday,-3.0,3.0,5.0,0.82,A Tiempo,Noche,False
2025-11-10 21:42:51.022536,Ruta 1 - Centro,193,4.0,9,40,2025-11-10 21:30:00,2025-11-10 21:31:48.950895960,24.575689543595256,Monday,-5.0,0.0,0.0,1.82,A Tiempo,Noche,False
2025-11-11 00:02:51.022536,Ruta 1 - Centro,193,5.0,3,40,2025-11-11 00:00:00,2025-11-11 00:08:41.541655608,23.237879499241394,Tuesday,2.0,0.0,0.0,8.69,Retraso Grave,Madrugada,False
2025-11-11 09:27:51.022536,Ruta 6 - Express,193,9.0,4,60,2025-11-11 09:15:00,2025-11-11 09:16:13.252407108,28.65074009278128,Tuesday,5.0,5.0,8.33,1.22,A Tiempo,Mañana,True
2025-11-11 15:32:51.022536,Ruta 5 - Oeste,193,12.0,7,50,2025-11-11 15:30:00,2025-11-11 15:30:22.283453412,28.691988229192464,Tuesday,5.0,10.0,20.0,0.37,A Tiempo,Tarde,False
2025-11-11 15:57:51.022536,Ruta 4 - Este,193,10.0,8,60,2025-11-11 15:45:00,2025-11-11 15:50:38.234552454,27.93533270431536,Tuesday,2.0,12.0,20.0,5.64,Retraso Grave,Tarde,False
2025-11-12 10:32:51.022536,Ruta 5 - Oeste,193,11.0,2,50,2025-11-12 10:30:00,2025-11-12 10:31:40.192666884,23.06333034295976,Wednesday,9.0,21.0,42.0,1.67,A Tiempo,Mañana,False
2025-11-12 22:32:51.022536,Ruta 3 - Sur,193,8.0,5,50,2025-11-12 22:30:00,2025-11-12 22:31:20.004910338,15.986334846815955,Wednesday,3.0,24.0,48.0,1.33,A Tiempo,Noche,False
2025-11-13 03:47:51.022536,Ruta 6 - Express,193,8.0,10,50,2025-11-13 03:45:00,2025-11-13 03:45:31.066479864,26.151797307169065,Thursday,-2.0,22.0,44.0,0.52,A Tiempo,Madrugada,False
2025-11-13 16:07:51.022536,Ruta 2 - Norte,193,11.0,5,60,2025-11-13 16:00:00,2025-11-13 16:02:16.222181904,31.188872953708216,Thursday,6.0,28.0,46.67,2.27,Retraso Leve,Tarde,False
2025-11-15 00:57:51.022536,Ruta 1 - Centro,193,6.0,4,40,2025-11-15 00:45:00,2025-11-15 00:53:28.646282016,24.71758183707385,Saturday,2.0,30.0,75.0,8.48,Retraso Grave,Madrugada,False
2025-11-15 04:07:51.022536,Ruta 6 - Express,193,4.0,8,60,2025-11-15 04:00:00,2025-11-15 04:06:45.250534644,27.412786954612663,Saturday,-4.0,26.0,43.33,6.75,Retraso Grave,Madrugada,False
2025-11-15 06:12:51.022536,Ruta 5 - Oeste,193,10.0,7,50,2025-11-15 06:00:00,2025-11-15 06:06:59.040472470,31.050186170335287,Saturday,3.0,29.0,58.0,6.98,Retraso Grave,Madrugada,False
2025-11-15 19:27:51.022536,Ruta 4 - Este,193,6.0,6,40,2025-11-15 19:15:00,2025-11-15 19:15:06.220275492,28.06585240726679,Saturday,0.0,29.0,72.5,0.1,A Tiempo,Noche,True
2025-11-16 13:07:51.022536,Ruta 3 - Sur,193,8.0,8,40,2025-11-16 13:00:00,2025-11-16 13:01:12.243824148,8.87457281513855,Sunday,0.0,29.0,72.5,1.2,A Tiempo,Tarde,False
2025-11-16 22:32:51.022536,Ruta 4 - Este,193,8.0,6,40,2025-11-16 22:30:00,2025-11-16 22:30:25.261925052,34.07350772399464,Sunday,2.0,31.0,77.5,0.42,A Tiempo,Noche,False
2025-11-17 04:42:51.022536,Ruta 4 - Este,193,6.0,7,60,2025-11-17 04:30:00,2025-11-17 04:31:55.206651288,30.97180259600372,Monday,-1.0,30.0,50.0,1.92,A Tiempo,Madrugada,False
2025-11-17 06:47:51.022536,Ruta 4 - Este,193,5.0,10,40,2025-11-17 06:45:00,2025-11-17 06:45:18.320684220,36.04534464147501,Monday,-5.0,25.0,62.5,0.31,A Tiempo,Madrugada,False
2025-11-17 08:17:51.022536,Ruta 1 - Centro,193,5.0,3,40,2025-11-17 08:15:00,2025-11-17 08:15:10.580943576,20.33685185886126,Monday,2.0,27.0,67.5,0.18,A Tiempo,Mañana,True
2025-11-18 10:22:51.022536,Ruta 2 - Norte,193,9.0,7,40,2025-11-18 10:15:00,2025-11-18 10:18:04.756766472,25.80873741705837,Tuesday,2.0,29.0,72.5,3.08,Retraso Leve,Mañana,False
2025-11-18 23:17:51.022536,Ruta 3 - Sur,193,6.0,4,40,2025-11-18 23:15:00,2025-11-18 23:18:53.172769002,18.90250815508368,Tuesday,2.0,31.0,77.5,3.89,Retraso Leve,Noche,False
2025-11-19 07:02:51.022536,Ruta 5 - Oeste,193,9.0,1,50,2025-11-19 07:00:00,2025-11-19 07:01:32.377370028,23.94615088727111,Wednesday,8.0,39.0,78.0,1.54,A Tiempo,Mañana,True
2025-11-19 14:42:51.022536,Ruta 5 - Oeste,193,12.0,5,50,2025-11-19 14:30:00,2025-11-19 14:30:12.908647092,31.667311039844584,Wednesday,7.0,46.0,92.0,0.22,A Tiempo,Tarde,False
2025-11-19 21:12:51.022536,Ruta 1 - Centro,193,11.0,5,40,2025-11-19 21:00:00,2025-11-19 21:00:28.162155342,25.331397081512456,Wednesday,6.0,52.0,100.0,0.47,A Tiempo,Noche,False
2025-11-20 07:42:51.022536,Ruta 2 - Norte,193,5.0,6,40,2025-11-20 07:30:00,2025-11-20 07:32:27.710284338,27.49171174355098,Thursday,-1.0,51.0,100.0,2.46,Retraso Leve,Mañana,True
2025-11-21 07:17:51.022536,Ruta 1 - Centro,193,4.0,9,40,2025-11-21 07:15:00,2025-11-21 07:18:44.079444054,25.633980004443757,Friday,-5.0,46.0,100.0,3.73,Retraso Leve,Mañana,True
2025-11-21 20:22:51.022536,Ruta 1 - Centro,193,5.0,3,40,2025-11-21 20:15:00,2025-11-21 20:15:35.210786856,36.21862721132285,Friday,2.0,48.0,100.0,0.59,A Tiempo,Noche,False
2025-11-21 21:47:51.022536,Ruta 6 - Express,193,14.0,7,50,2025-11-21 21:45:00,2025-11-21 21:48:30.928464726,33.98276840633078,Friday,7.0,55.0,100.0,3.52,Retraso Leve,Noche,False
2025-11-21 22:52:51.022536,Ruta 5 - Oeste,193,13.0,4,60,2025-11-21 22:45:00,2025-11-21 22:47:03.760423163,24.73745481531246,Friday,9.0,64.0,100.0,2.06,Retraso Leve,Noche,False
2025-11-22 09:32:51.022536,Ruta 3 - Sur,193,9.0,14,60,2025-11-22 09:30:00,2025-11-22 09:31:49.604305026,23.32262935596757,Saturday,-5.0,59.0,98.33,1.83,A Tiempo,Mañana,True
2025-11-22 15:37:51.022536,Ruta 2 - Norte,193,4.0,6,40,2025-11-22 15:30:00,2025-11-22 15:30:21.516816348,35.17875096646246,Saturday,-2.0,57.0,100.0,0.36,A Tiempo,Tarde,False
2025-11-23 13:57:51.022536,Ruta 1 - Centro,193,9.0,6,60,2025-11-23 13:45:00,2025-11-23 13:45:08.688286182,21.196331228733555,Sunday,3.0,60.0,100.0,0.14,A Tiempo,Tarde,False
2025-11-24 00:12:51.022536,Ruta 5 - Oeste,193,12.0,8,40,2025-11-24 00:00:00,2025-11-24 00:01:59.230108650,24.715770263183195,Monday,4.0,64.0,100.0,1.99,A Tiempo,Madrugada,False
2025-11-24 07:32:51.022536,Ruta 5 - Oeste,193,10.0,8,40,2025-11-24 07:30:00,2025-11-24 07:31:50.066769768,17.3873282668088,Monday,2.0,66.0,100.0,1.83,A Tiempo,Mañana,True
2025-11-24 11:02:51.022536,Ruta 6 - Express,193,8.0,4,50,2025-11-24 11:00:00,2025-11-24 11:01:53.989725648,35.39172303452206,Monday,4.0,70.0,100.0,1.9,A Tiempo,Mañana,False
2025-11-24 19:52:51.022536,Ruta 4 - Este,193,7.0,5,60,2025-11-24 19:45:00,2025-11-24 19:45:27.685396860,24.63869022821529,Monday,2.0,72.0,100.0,0.46,A Tiempo,Noche,True
2025-11-25 02:32:51.022536,Ruta 1 - Centro,193,2.0,7,60,2025-11-25 02:30:00,2025-11-25 02:30:05.722004226,18.29112419635285,Tuesday,-5.0,67.0,100.0,0.1,A Tiempo,Madrugada,False
2025-11-25 10:07:51.022536,Ruta 3 - Sur,193,12.0,10,50,2025-11-25 10:00:00,2025-11-25 10:01:06.325243128,23.673760394328767,Tuesday,2.0,69.0,100.0,1.11,A Tiempo,Mañana,False
2025-11-25 20:27:51.022536,Ruta 3 - Sur,193,4.0,7,50,2025-11-25 20:15:00,2025-11-25 20:15:34.341412410,29.82916611631604,Tuesday,-3.0,66.0,100.0,0.57,A Tiempo,Noche,False
2025-11-09 18:12:51.022536,Ruta 3 - Sur,194,10.0,5,40,2025-11-09 18:00:00,2025-11-09 18:00:29.591196456,27.87032213349294,Sunday,5.0,5.0,12.5,0.49,A Tiempo,Tarde,True
2025-11-09 21:37:51.022536,Ruta 6 - Express,194,10.0,6,50,2025-11-09 21:30:00,2025-11-09 21:30:34.643778114,22.21444368904697,Sunday,4.0,9.0,18.0,0.58,A Tiempo,Noche,False
2025-11-10 07:12:51.022536,Ruta 5 - Oeste,194,9.0,5,50,2025-11-10 07:00:00,2025-11-10 07:00:15.634236677,22.245133439788987,Monday,4.0,13.0,26.0,0.26,A Tiempo,Mañana,True
2025-11-10 20:37:51.022536,Ruta 4 - Este,194,10.0,10,50,2025-11-10 20:30:00,2025-11-10 20:33:10.272655704,30.062937543526324,Monday,0.0,13.0,26.0,3.17,Retraso Leve,Noche,False
2025-11-10 20:57:51.022536,Ruta 4 - Este,194,8.0,3,60,2025-11-10 20:45:00,2025-11-10 20:49:10.355043888,18.529089394304208,Monday,5.0,18.0,30.0,4.17,Retraso Leve,Noche,False
2025-11-11 01:12:51.022536,Ruta 1 - Centro,194,7.0,10,40,2025-11-11 01:00:00,2025-11-11 01:01:48.401558862,32.15925433959626,Tuesday,-3.0,15.0,37.5,1.81,A Tiempo,Madrugada,False
2025-11-11 03:22:51.022536,Ruta 6 - Express,194,9.0,4,40,2025-11-11 03:15:00,2025-11-11 03:20:58.099587210,15.601768681132311,Tuesday,5.0,20.0,50.0,5.97,Retraso Grave,Madrugada,False
2025-11-11 03:27:51.022536,Ruta 3 - Sur,194,9.0,5,50,2025-11-11 03:15:00,2025-11-11 03:17:53.330252028,22.339780173280214,Tuesday,4.0,24.0,48.0,2.89,Retraso Leve,Madrugada,False
2025-11-11 08:22:51.022536,Ruta 5 - Oeste,194,8.0,5,40,2025-11-11 08:15:00,2025-11-11 08:18:55.981610442,31.05054243966195,Tuesday,3.0,27.0,67.5,3.93,Retraso Leve,Mañana,True
2025-11-11 16:47:51.022536,Ruta 1 - Centro,194,1.0,3,40,2025-11-11 16:45:00,2025-11-11 16:49:36.038976570,32.000033799183946,Tuesday,-2.0,25.0,62.5,4.6,Retraso Leve,Tarde,False
2025-11-11 19:32:51.022536,Ruta 5 - Oeste,194,12.0,8,50,2025-11-11 19:30:00,2025-11-11 19:34:18.984245730,19.988378981076345,Tuesday,4.0,29.0,58.0,4.32,Retraso Leve,Noche,True
2025-11-12 03:57:51.022536,Ruta 6 - Express,194,5.0,3,40,2025-11-12 03:45:00,2025-11-12 03:47:22.552955646,26.12605449929251,Wednesday,2.0,31.0,77.5,2.38,Retraso Leve,Madrugada,False
2025-11-12 10:42:51.022536,Ruta 2 - Norte,194,6.0,7,40,2025-11-12 10:30:00,2025-11-12 10:32:21.686462694,27.58454010710668,Wednesday,-1.0,30.0,75.0,2.36,Retraso Leve,Mañana,False
2025-11-13 15:47:51.022536,Ruta 2 - Norte,194,13.0,6,50,2025-11-13 15:45:00,2025-11-13 15:45:22.100525052,22.210984074984008,Thursday,7.0,37.0,74.0,0.37,A Tiempo,Tarde,False
2025-11-13 16:47:51.022536,Ruta 5 - Oeste,194,6.0,5,40,2025-11-13 16:45:00,2025-11-13 16:45:28.235603862,22.828690213932298,Thursday,1.0,38.0,95.0,0.47,A Tiempo,Tarde,False
2025-11-13 18:57:51.022536,Ruta 2 - Norte,194,9.0,5,40,2025-11-13 18:45:00,2025-11-13 18:46:31.562891070,10.6522778790244,Thursday,4.0,42.0,100.0,1.53,A Tiempo,Tarde,True
2025-11-14 05:27:51.022536,Ruta 4 - Este,194,8.0,5,50,2025-11-14 05:15:00,2025-11-14 05:25:21.375615948,25.8068426975571,Friday,3.0,45.0,90.0,10.36,Retraso Grave,Madrugada,False
2025-11-14 09:07:51.022536,Ruta 2 - Norte,194,13.0,7,40,2025-11-14 09:00:00,2025-11-14 09:00:05.065538892,22.03970526612935,Friday,6.0,51.0,100.0,0.08,A Tiempo,Mañana,True
2025-11-14 15:57:51.022536,Ruta 4 - Este,194,5.0,8,40,2025-11-14 15:45:00,2025-11-14 15:45:05.063449836,24.058468936101043,Friday,-3.0,48.0,100.0,0.08,A Tiempo,Tarde,False
2025-11-15 05:42:51.022536,Ruta 6 - Express,194,5.0,4,50,2025-11-15 05:30:00,2025-11-15 05:33:51.764918244,28.98016169918517,Saturday,1.0,49.0,98.0,3.86,Retraso Leve,Madrugada,False
2025-11-15 08:12:51.022536,Ruta 4 - Este,194,7.0,8,40,2025-11-15 08:00:00,2025-11-15 08:04:01.423039026,30.676815523449257,Saturday,-1.0,48.0,100.0,4.02,Retraso Leve,Mañana,True
2025-11-15 09:42:51.022536,Ruta 3 - Sur,194,6.0,8,50,2025-11-15 09:30:00,2025-11-15 09:30:11.376565794,26.80641211052029,Saturday,-2.0,46.0,92.0,0.19,A Tiempo,Mañana,True
2025-11-16 10:32:51.022536,Ruta 6 - Express,194,8.0,7,50,2025-11-16 10:30:00,2025-11-16 10:30:56.627208168,23.844856000691724,Sunday,1.0,47.0,94.0,0.94,A Tiempo,Mañana,False
2025-11-16 12:42:51.022536,Ruta 4 - Este,194,7.0,12,40,2025-11-16 12:30:00,2025-11-16 12:30:51.068230260,25.060043999520254,Sunday,-5.0,42.0,100.0,0.85,A Tiempo,Mañana,False
2025-11-16 15:17:51.022536,Ruta 3 - Sur,194,8.0,7,60,2025-11-16 15:15:00,2025-11-16 15:20:47.177328216,26.0874129460091,Sunday,1.0,43.0,71.67,5.79,Retraso Grave,Tarde,False
2025-11-17 02:37:51.022536,Ruta 5 - Oeste,194,7.0,3,60,2025-11-17 02:30:00,2025-11-17 02:30:13.206016752,25.08052803930029,Monday,4.0,47.0,78.33,0.22,A Tiempo,Madrugada,False
2025-11-18 12:12:51.022536,Ruta 4 - Este,194,11.0,5,60,2025-11-18 12:00:00,2025-11-18 12:01:52.354073484,21.177053766984425,Tuesday,6.0,53.0,88.33,1.87,A Tiempo,Mañana,False
2025-11-19 03:22:51.022536,Ruta 5 - Oeste,194,12.0,9,50,2025-11-19 03:15:00,2025-11-19 03:16:00.275104938,20.868029829962992,Wednesday,3.0,56.0,100.0,1.0,A Tiempo,Madrugada,False
2025-11-20 01:17:51.022536,Ruta 3 - Sur,194,6.0,1,40,2025-11-20 01:15:00,2025-11-20 01:15:50.346666078,22.75669464761444,Thursday,5.0,61.0,100.0,0.84,A Tiempo,Madrugada,False
2025-11-20 06:07:51.022536,Ruta 2 - Norte,194,11.0,2,60,2025-11-20 06:00:00,2025-11-20 06:04:24.344451030,27.36685228492192,Thursday,9.0,70.0,100.0,4.41,Retraso Leve,Madrugada,False
2025-11-20 08:42:51.022536,Ruta 2 - Norte,194,6.0,4,50,2025-11-20 08:30:00,2025-11-20 08:30:09.632099820,23.06484523427474,Thursday,2.0,72.0,100.0,0.16,A Tiempo,Mañana,True
2025-11-20 13:52:51.022536,Ruta 1 - Centro,194,12.0,4,50,2025-11-20 13:45:00,2025-11-20 13:47:10.032920688,32.86400751903545,Thursday,8.0,80.0,100.0,2.17,Retraso Leve,Tarde,False
2025-11-20 15:32:51.022536,Ruta 4 - Este,194,9.0,5,50,2025-11-20 15:30:00,2025-11-20 15:34:01.694819448,22.82323376416643,Thursday,4.0,84.0,100.0,4.03,Retraso Leve,Tarde,False
2025-11-21 03:07:51.022536,Ruta 6 - Express,194,5.0,9,40,2025-11-21 03:00:00,2025-11-21 03:08:42.378998298,21.017206825266427,Friday,-4.0,80.0,100.0,8.71,Retraso Grave,Madrugada,False
2025-11-21 06:27:51.022536,Ruta 2 - Norte,194,8.0,4,60,2025-11-21 06:15:00,2025-11-21 06:16:38.953079652,17.308472243299157,Friday,4.0,84.0,100.0,1.65,A Tiempo,Madrugada,False
2025-11-21 07:47:51.022536,Ruta 5 - Oeste,194,10.0,2,40,2025-11-21 07:45:00,2025-11-21 07:48:32.150442660,16.438175263050745,Friday,8.0,92.0,100.0,3.54,Retraso Leve,Mañana,True
2025-11-21 12:12:51.022536,Ruta 2 - Norte,194,10.0,6,60,2025-11-21 12:00:00,2025-11-21 12:02:53.852891292,24.86849344487637,Friday,4.0,96.0,100.0,2.9,Retraso Leve,Mañana,False
2025-11-21 20:27:51.022536,Ruta 4 - Este,194,5.0,7,40,2025-11-21 20:15:00,2025-11-21 20:15:21.092700156,22.965776002036275,Friday,-2.0,94.0,100.0,0.35,A Tiempo,Noche,False
2025-11-22 00:27:51.022536,Ruta 6 - Express,194,11.0,1,60,2025-11-22 00:15:00,2025-11-22 00:15:46.697777880,25.68084921312273,Saturday,10.0,104.0,100.0,0.78,A Tiempo,Madrugada,False
2025-11-22 02:07:51.022536,Ruta 6 - Express,194,13.0,3,40,2025-11-22 02:00:00,2025-11-22 02:01:59.898695508,26.153002860898354,Saturday,10.0,114.0,100.0,2.0,A Tiempo,Madrugada,False
2025-11-22 06:47:51.022536,Ruta 4 - Este,194,8.0,8,50,2025-11-22 06:45:00,2025-11-22 06:45:34.628408856,31.891663411345487,Saturday,0.0,114.0,100.0,0.58,A Tiempo,Madrugada,False
2025-11-23 00:37:51.022536,Ruta 5 - Oeste,194,9.0,5,50,2025-11-23 00:30:00,2025-11-23 00:33:07.013060442,19.90141697737797,Sunday,4.0,118.0,100.0,3.12,Retraso Leve,Madrugada,False
2025-11-24 02:32:51.022536,Ruta 5 - Oeste,194,8.0,3,40,2025-11-24 02:30:00,2025-11-24 02:30:46.666428078,23.705128813355167,Monday,5.0,123.0,100.0,0.78,A Tiempo,Madrugada,False
2025-11-24 23:42:51.022536,Ruta 6 - Express,194,5.0,7,40,2025-11-24 23:30:00,2025-11-24 23:30:13.892494692,26.872542918267747,Monday,-2.0,121.0,100.0,0.23,A Tiempo,Noche,False
2025-11-25 08:42:51.022536,Ruta 3 - Sur,194,9.0,4,60,2025-11-25 08:30:00,2025-11-25 08:36:14.908764252,20.314371433716147,Tuesday,5.0,126.0,100.0,6.25,Retraso Grave,Mañana,True
2025-11-25 16:22:51.022536,Ruta 5 - Oeste,194,5.0,4,50,2025-11-25 16:15:00,2025-11-25 16:15:19.209684810,32.81846385737108,Tuesday,1.0,127.0,100.0,0.32,A Tiempo,Tarde,False
2025-11-26 08:32:51.022536,Ruta 6 - Express,194,8.0,6,40,2025-11-26 08:30:00,2025-11-26 08:32:28.152446322,24.644918842945785,Wednesday,2.0,129.0,100.0,2.47,Retraso Leve,Mañana,True
2025-11-09 18:17:51.022536,Ruta 2 - Norte,195,8.0,5,50,2025-11-09 18:15:00,2025-11-09 18:19:21.662469888,31.56082123088257,Sunday,3.0,3.0,6.0,4.36,Retraso Leve,Tarde,True
2025-11-09 20:02:51.022536,Ruta 2 - Norte,195,12.0,6,40,2025-11-09 20:00:00,2025-11-09 20:02:35.115666372,30.788203039019265,Sunday,6.0,9.0,22.5,2.59,Retraso Leve,Noche,False
2025-11-10 00:52:51.022536,Ruta 3 - Sur,195,7.0,3,40,2025-11-10 00:45:00,2025-11-10 00:46:07.301805690,22.643155591779237,Monday,4.0,13.0,32.5,1.12,A Tiempo,Madrugada,False
2025-11-10 01:47:51.022536,Ruta 1 - Centro,195,4.0,8,40,2025-11-10 01:45:00,2025-11-10 01:47:58.100188578,26.49910893281148,Monday,-4.0,9.0,22.5,2.97,Retraso Leve,Madrugada,False
2025-11-10 02:52:51.022536,Ruta 1 - Centro,195,6.0,4,50,2025-11-10 02:45:00,2025-11-10 02:45:05.121197904,26.696553711067907,Monday,2.0,11.0,22.0,0.09,A Tiempo,Madrugada,False
2025-11-10 04:12:51.022536,Ruta 5 - Oeste,195,4.0,9,60,2025-11-10 04:00:00,2025-11-10 04:02:22.203018012,28.515587095366165,Monday,-5.0,6.0,10.0,2.37,Retraso Leve,Madrugada,False
2025-11-10 06:42:51.022536,Ruta 1 - Centro,195,11.0,7,50,2025-11-10 06:30:00,2025-11-10 06:36:19.755068346,22.23808691266888,Monday,4.0,10.0,20.0,6.33,Retraso Grave,Madrugada,False
2025-11-10 08:47:51.022536,Ruta 2 - Norte,195,7.0,4,50,2025-11-10 08:45:00,2025-11-10 08:46:06.495638076,27.371595128581102,Monday,3.0,13.0,26.0,1.11,A Tiempo,Mañana,True
2025-11-11 00:47:51.022536,Ruta 2 - Norte,195,10.0,11,40,2025-11-11 00:45:00,2025-11-11 00:49:34.504075590,23.83886385573052,Tuesday,-1.0,12.0,30.0,4.58,Retraso Leve,Madrugada,False
2025-11-11 02:12:51.022536,Ruta 6 - Express,195,7.0,7,40,2025-11-11 02:00:00,2025-11-11 02:03:32.273112491,21.67423107771897,Tuesday,0.0,12.0,30.0,3.54,Retraso Leve,Madrugada,False
2025-11-11 07:32:51.022536,Ruta 3 - Sur,195,9.0,4,50,2025-11-11 07:30:00,2025-11-11 07:30:09.083554956,21.8231943964636,Tuesday,5.0,17.0,34.0,0.15,A Tiempo,Mañana,True
2025-11-11 10:02:51.022536,Ruta 4 - Este,195,4.0,2,60,2025-11-11 10:00:00,2025-11-11 10:00:59.682316458,25.031904842037367,Tuesday,2.0,19.0,31.67,0.99,A Tiempo,Mañana,False
2025-11-11 15:22:51.022536,Ruta 4 - Este,195,5.0,5,50,2025-11-11 15:15:00,2025-11-11 15:17:08.291752415,30.627862001143523,Tuesday,0.0,19.0,38.0,2.14,Retraso Leve,Tarde,False
2025-11-12 20:07:51.022536,Ruta 6 - Express,195,12.0,6,50,2025-11-12 20:00:00,2025-11-12 20:00:36.206942520,24.99430939439228,Wednesday,6.0,25.0,50.0,0.6,A Tiempo,Noche,False
2025-11-12 23:27:51.022536,Ruta 3 - Sur,195,4.0,11,50,2025-11-12 23:15:00,2025-11-12 23:17:42.886293996,24.39065067940289,Wednesday,-7.0,18.0,36.0,2.71,Retraso Leve,Noche,False
2025-11-13 00:17:51.022536,Ruta 4 - Este,195,5.0,10,40,2025-11-13 00:15:00,2025-11-13 00:15:32.927682227,25.499610503594884,Thursday,-5.0,13.0,32.5,0.55,A Tiempo,Madrugada,False
2025-11-13 11:57:51.022536,Ruta 6 - Express,195,8.0,6,50,2025-11-13 11:45:00,2025-11-13 11:46:41.927794050,30.313046163343543,Thursday,2.0,15.0,30.0,1.7,A Tiempo,Mañana,False
2025-11-13 17:42:51.022536,Ruta 4 - Este,195,6.0,4,50,2025-11-13 17:30:00,2025-11-13 17:30:29.895961020,24.665316754345422,Thursday,2.0,17.0,34.0,0.5,A Tiempo,Tarde,True
2025-11-13 19:22:51.022536,Ruta 1 - Centro,195,10.0,6,50,2025-11-13 19:15:00,2025-11-13 19:15:50.564315352,28.156986533918424,Thursday,4.0,21.0,42.0,0.84,A Tiempo,Noche,True
2025-11-13 22:02:51.022536,Ruta 3 - Sur,195,12.0,9,40,2025-11-13 22:00:00,2025-11-13 22:01:09.291462336,29.68681373217528,Thursday,3.0,24.0,60.0,1.15,A Tiempo,Noche,False
2025-11-14 00:27:51.022536,Ruta 1 - Centro,195,9.0,3,50,2025-11-14 00:15:00,2025-11-14 00:15:52.610736336,14.184332253557551,Friday,6.0,30.0,60.0,0.88,A Tiempo,Madrugada,False
2025-11-14 04:07:51.022536,Ruta 6 - Express,195,4.0,6,40,2025-11-14 04:00:00,2025-11-14 04:00:00.875147010,28.941676026719485,Friday,-2.0,28.0,70.0,0.01,A Tiempo,Madrugada,False
2025-11-14 04:52:51.022536,Ruta 5 - Oeste,195,9.0,4,50,2025-11-14 04:45:00,2025-11-14 04:46:11.748654438,25.92989624192713,Friday,5.0,33.0,66.0,1.2,A Tiempo,Madrugada,False
2025-11-14 10:07:51.022536,Ruta 4 - Este,195,9.0,6,60,2025-11-14 10:00:00,2025-11-14 10:00:45.901880592,23.836321496716103,Friday,3.0,36.0,60.0,0.77,A Tiempo,Mañana,False
2025-11-14 19:37:51.022536,Ruta 1 - Centro,195,10.0,10,40,2025-11-14 19:30:00,2025-11-14 19:30:47.624399532,27.71215819758947,Friday,0.0,36.0,90.0,0.79,A Tiempo,Noche,True
2025-11-15 10:02:51.022536,Ruta 6 - Express,195,12.0,6,60,2025-11-15 10:00:00,2025-11-15 10:01:32.254971474,27.41006823976616,Saturday,6.0,42.0,70.0,1.54,A Tiempo,Mañana,False
2025-11-15 11:12:51.022536,Ruta 1 - Centro,195,10.0,6,40,2025-11-15 11:00:00,2025-11-15 11:00:43.940267058,30.004815718202376,Saturday,4.0,46.0,100.0,0.73,A Tiempo,Mañana,False
2025-11-15 18:17:51.022536,Ruta 4 - Este,195,11.0,6,60,2025-11-15 18:15:00,2025-11-15 18:21:24.441619416,27.05729593083941,Saturday,5.0,51.0,85.0,6.41,Retraso Grave,Tarde,True
2025-11-16 01:47:51.022536,Ruta 5 - Oeste,195,10.0,8,40,2025-11-16 01:45:00,2025-11-16 01:46:18.334414062,30.936592246656403,Sunday,2.0,53.0,100.0,1.31,A Tiempo,Madrugada,False
2025-11-16 09:42:51.022536,Ruta 5 - Oeste,195,11.0,10,60,2025-11-16 09:30:00,2025-11-16 09:30:43.169902002,14.26898843877794,Sunday,1.0,54.0,90.0,0.72,A Tiempo,Mañana,True
2025-11-16 22:57:51.022536,Ruta 6 - Express,195,8.0,5,40,2025-11-16 22:45:00,2025-11-16 22:47:14.174123382,25.56359865161369,Sunday,3.0,57.0,100.0,2.24,Retraso Leve,Noche,False
2025-11-17 01:52:51.022536,Ruta 2 - Norte,195,12.0,7,40,2025-11-17 01:45:00,2025-11-17 01:51:47.271305646,26.14199825078248,Monday,5.0,62.0,100.0,6.79,Retraso Grave,Madrugada,False
2025-11-17 04:27:51.022536,Ruta 2 - Norte,195,9.0,5,50,2025-11-17 04:15:00,2025-11-17 04:15:32.883047748,31.4175161611489,Monday,4.0,66.0,100.0,0.55,A Tiempo,Madrugada,False
2025-11-17 23:07:51.022536,Ruta 5 - Oeste,195,4.0,7,40,2025-11-17 23:00:00,2025-11-17 23:02:41.342006016,28.77204994391177,Monday,-3.0,63.0,100.0,2.69,Retraso Leve,Noche,False
2025-11-18 04:57:51.022536,Ruta 5 - Oeste,195,7.0,7,40,2025-11-18 04:45:00,2025-11-18 04:47:17.998760850,28.818019066189077,Tuesday,0.0,63.0,100.0,2.3,Retraso Leve,Madrugada,False
2025-11-18 09:42:51.022536,Ruta 3 - Sur,195,7.0,10,60,2025-11-18 09:30:00,2025-11-18 09:30:19.686021648,25.828323204514557,Tuesday,-3.0,60.0,100.0,0.33,A Tiempo,Mañana,True
2025-11-18 14:02:51.022536,Ruta 5 - Oeste,195,9.0,6,40,2025-11-18 14:00:00,2025-11-18 14:02:21.154147686,18.787049807220875,Tuesday,3.0,63.0,100.0,2.35,Retraso Leve,Tarde,False
2025-11-18 23:32:51.022536,Ruta 4 - Este,195,8.0,10,60,2025-11-18 23:30:00,2025-11-18 23:30:24.513500802,33.35005271938283,Tuesday,-2.0,61.0,100.0,0.41,A Tiempo,Noche,False
2025-11-19 10:07:51.022536,Ruta 6 - Express,195,5.0,8,40,2025-11-19 10:00:00,2025-11-19 10:02:10.231425198,23.498286227930283,Wednesday,-3.0,58.0,100.0,2.17,Retraso Leve,Mañana,False
2025-11-20 04:02:51.022536,Ruta 2 - Norte,195,7.0,6,50,2025-11-20 04:00:00,2025-11-20 04:02:20.940591444,20.896024150133407,Thursday,1.0,59.0,100.0,2.35,Retraso Leve,Madrugada,False
2025-11-20 11:47:51.022536,Ruta 6 - Express,195,6.0,4,40,2025-11-20 11:45:00,2025-11-20 11:47:58.765755846,24.94501426253686,Thursday,2.0,61.0,100.0,2.98,Retraso Leve,Mañana,False
2025-11-21 01:47:51.022536,Ruta 1 - Centro,195,8.0,9,40,2025-11-21 01:45:00,2025-11-21 01:47:10.780988898,19.711623889837263,Friday,-1.0,60.0,100.0,2.18,Retraso Leve,Madrugada,False
2025-11-21 10:42:51.022536,Ruta 6 - Express,195,13.0,5,60,2025-11-21 10:30:00,2025-11-21 10:30:54.776767254,16.70069727968967,Friday,8.0,68.0,100.0,0.91,A Tiempo,Mañana,False
2025-11-22 00:12:51.022536,Ruta 3 - Sur,195,8.0,5,50,2025-11-22 00:00:00,2025-11-22 00:02:38.107548732,25.26561430169677,Saturday,3.0,71.0,100.0,2.64,Retraso Leve,Madrugada,False
2025-11-23 10:22:51.022536,Ruta 4 - Este,195,14.0,6,60,2025-11-23 10:15:00,2025-11-23 10:17:58.106501502,27.54081686672344,Sunday,8.0,79.0,100.0,2.97,Retraso Leve,Mañana,False
2025-11-23 15:22:51.022536,Ruta 6 - Express,195,10.0,3,50,2025-11-23 15:15:00,2025-11-23 15:19:55.140780282,33.15549786293613,Sunday,7.0,86.0,100.0,4.92,Retraso Leve,Tarde,False
2025-11-23 16:57:51.022536,Ruta 4 - Este,195,5.0,7,60,2025-11-23 16:45:00,2025-11-23 16:45:15.796648320,31.184738950884714,Sunday,-2.0,84.0,100.0,0.26,A Tiempo,Tarde,False
2025-11-24 13:07:51.022536,Ruta 6 - Express,195,7.0,11,60,2025-11-24 13:00:00,2025-11-24 13:02:59.353784364,18.849740523814347,Monday,-4.0,80.0,100.0,2.99,Retraso Leve,Tarde,False
2025-11-24 13:52:51.022536,Ruta 2 - Norte,195,5.0,4,40,2025-11-24 13:45:00,2025-11-24 13:45:03.905313072,19.987226508824087,Monday,1.0,81.0,100.0,0.07,A Tiempo,Tarde,False
2025-11-24 23:52:51.022536,Ruta 5 - Oeste,195,7.0,2,40,2025-11-24 23:45:00,2025-11-24 23:46:23.823121476,20.862832840824417,Monday,5.0,86.0,100.0,1.4,A Tiempo,Noche,False
2025-11-25 07:12:51.022536,Ruta 2 - Norte,195,3.0,5,40,2025-11-25 07:00:00,2025-11-25 07:00:18.619804764,22.321600925785297,Tuesday,-2.0,84.0,100.0,0.31,A Tiempo,Mañana,True
2025-11-25 09:57:51.022536,Ruta 4 - Este,195,9.0,7,60,2025-11-25 09:45:00,2025-11-25 09:45:55.615383192,22.841242919353032,Tuesday,2.0,86.0,100.0,0.93,A Tiempo,Mañana,True
2025-11-25 21:37:51.022536,Ruta 5 - Oeste,195,10.0,1,60,2025-11-25 21:30:00,2025-11-25 21:30:10.325822052,22.06166410711438,Tuesday,9.0,95.0,100.0,0.17,A Tiempo,Noche,False
2025-11-26 01:17:51.022536,Ruta 3 - Sur,195,11.0,10,50,2025-11-26 01:15:00,2025-11-26 01:18:35.581651824,20.220192758363705,Wednesday,1.0,96.0,100.0,3.59,Retraso Leve,Madrugada,False
2025-11-26 09:17:51.022536,Ruta 1 - Centro,195,7.0,7,40,2025-11-26 09:15:00,2025-11-26 09:15:37.420744014,22.57409949253291,Wednesday,0.0,96.0,100.0,0.62,A Tiempo,Mañana,True
2025-11-26 10:42:51.022536,Ruta 5 - Oeste,195,9.0,7,40,2025-11-26 10:30:00,2025-11-26 10:33:20.028877218,21.05159056985869,Wednesday,2.0,98.0,100.0,3.33,Retraso Leve,Mañana,False
2025-11-26 14:12:51.022536,Ruta 1 - Centro,195,8.0,1,60,2025-11-26 14:00:00,2025-11-26 14:02:09.347636808,28.18500900950713,Wednesday,7.0,105.0,100.0,2.16,Retraso Leve,Tarde,False
2025-11-26 14:32:51.022536,Ruta 6 - Express,195,7.0,11,60,2025-11-26 14:30:00,2025-11-26 14:35:38.440670238,24.111430495560622,Wednesday,-4.0,101.0,100.0,5.64,Retraso Grave,Tarde,False
2025-11-26 15:32:51.022536,Ruta 6 - Express,195,11.0,7,60,2025-11-26 15:30:00,2025-11-26 15:32:01.221574902,23.145191442149148,Wednesday,4.0,105.0,100.0,2.02,Retraso Leve,Tarde,False
2025-11-10 05:47:51.022536,Ruta 4 - Este,196,4.0,6,40,2025-11-10 05:45:00,2025-11-10 05:45:14.236057644,30.86076352508201,Monday,-2.0,0.0,0.0,0.24,A Tiempo,Madrugada,False
2025-11-11 13:07:51.022536,Ruta 2 - Norte,196,13.0,7,60,2025-11-11 13:00:00,2025-11-11 13:01:38.090044482,25.27909891521609,Tuesday,6.0,4.0,6.67,1.63,A Tiempo,Tarde,False
2025-11-11 18:27:51.022536,Ruta 6 - Express,196,7.0,2,40,2025-11-11 18:15:00,2025-11-11 18:19:26.273354340,30.91126788732862,Tuesday,5.0,9.0,22.5,4.44,Retraso Leve,Tarde,True
2025-11-11 19:42:51.022536,Ruta 5 - Oeste,196,7.0,7,50,2025-11-11 19:30:00,2025-11-11 19:30:58.526815710,15.6947359782723,Tuesday,0.0,9.0,18.0,0.98,A Tiempo,Noche,True
2025-11-12 00:27:51.022536,Ruta 4 - Este,196,5.0,6,40,2025-11-12 00:15:00,2025-11-12 00:15:48.185445072,24.70904762028645,Wednesday,-1.0,8.0,20.0,0.8,A Tiempo,Madrugada,False
2025-11-12 05:42:51.022536,Ruta 1 - Centro,196,4.0,11,50,2025-11-12 05:30:00,2025-11-12 05:30:05.216903904,20.7375667646603,Wednesday,-7.0,1.0,2.0,0.09,A Tiempo,Madrugada,False
2025-11-13 02:17:51.022536,Ruta 2 - Norte,196,10.0,7,40,2025-11-13 02:15:00,2025-11-13 02:16:52.552478172,36.0766893948747,Thursday,3.0,4.0,10.0,1.88,A Tiempo,Madrugada,False
2025-11-13 19:07:51.022536,Ruta 6 - Express,196,10.0,6,40,2025-11-13 19:00:00,2025-11-13 19:02:33.493653029,25.828311322645156,Thursday,4.0,8.0,20.0,2.56,Retraso Leve,Noche,True
2025-11-13 22:27:51.022536,Ruta 2 - Norte,196,7.0,7,60,2025-11-13 22:15:00,2025-11-13 22:16:28.880326770,27.50812325207641,Thursday,0.0,8.0,13.33,1.48,A Tiempo,Noche,False
2025-11-14 07:32:51.022536,Ruta 6 - Express,196,15.0,4,60,2025-11-14 07:30:00,2025-11-14 07:35:21.594186996,29.201673645594006,Friday,11.0,19.0,31.67,5.36,Retraso Grave,Mañana,True
2025-11-14 20:57:51.022536,Ruta 3 - Sur,196,12.0,8,40,2025-11-14 20:45:00,2025-11-14 20:51:27.948257718,23.073343057694817,Friday,4.0,23.0,57.5,6.47,Retraso Grave,Noche,False
2025-11-15 18:32:51.022536,Ruta 5 - Oeste,196,9.0,9,50,2025-11-15 18:30:00,2025-11-15 18:30:15.957548766,21.72762031658657,Saturday,0.0,23.0,46.0,0.27,A Tiempo,Tarde,True
2025-11-16 02:17:51.022536,Ruta 5 - Oeste,196,5.0,7,40,2025-11-16 02:15:00,2025-11-16 02:15:05.898871008,20.046760463719167,Sunday,-2.0,21.0,52.5,0.1,A Tiempo,Madrugada,False
2025-11-16 06:27:51.022536,Ruta 5 - Oeste,196,9.0,9,50,2025-11-16 06:15:00,2025-11-16 06:17:33.842737596,25.84891046700077,Sunday,0.0,21.0,42.0,2.56,Retraso Leve,Madrugada,False
2025-11-16 08:47:51.022536,Ruta 4 - Este,196,11.0,5,50,2025-11-16 08:45:00,2025-11-16 08:45:11.665740822,19.257029829596185,Sunday,6.0,27.0,54.0,0.19,A Tiempo,Mañana,True
2025-11-17 10:27:51.022536,Ruta 1 - Centro,196,10.0,3,50,2025-11-17 10:15:00,2025-11-17 10:15:13.694579064,24.500689290715407,Monday,7.0,34.0,68.0,0.23,A Tiempo,Mañana,False
2025-11-17 10:47:51.022536,Ruta 5 - Oeste,196,10.0,5,50,2025-11-17 10:45:00,2025-11-17 10:46:00.931439934,20.18907791144983,Monday,5.0,39.0,78.0,1.02,A Tiempo,Mañana,False
2025-11-18 00:42:51.022536,Ruta 4 - Este,196,6.0,6,50,2025-11-18 00:30:00,2025-11-18 00:31:30.948514458,29.942570758003573,Tuesday,0.0,39.0,78.0,1.52,A Tiempo,Madrugada,False
2025-11-18 01:32:51.022536,Ruta 3 - Sur,196,8.0,3,60,2025-11-18 01:30:00,2025-11-18 01:32:05.680071696,35.11181730493589,Tuesday,5.0,44.0,73.33,2.09,Retraso Leve,Madrugada,False
2025-11-18 02:27:51.022536,Ruta 4 - Este,196,8.0,8,50,2025-11-18 02:15:00,2025-11-18 02:16:30.420946074,21.80282721968332,Tuesday,0.0,44.0,88.0,1.51,A Tiempo,Madrugada,False
2025-11-18 03:37:51.022536,Ruta 6 - Express,196,11.0,4,60,2025-11-18 03:30:00,2025-11-18 03:31:39.094961952,31.234465344618958,Tuesday,7.0,51.0,85.0,1.65,A Tiempo,Madrugada,False
2025-11-18 05:52:51.022536,Ruta 6 - Express,196,8.0,6,40,2025-11-18 05:45:00,2025-11-18 05:45:25.320996822,21.78084695656589,Tuesday,2.0,53.0,100.0,0.42,A Tiempo,Madrugada,False
2025-11-18 08:22:51.022536,Ruta 5 - Oeste,196,5.0,12,60,2025-11-18 08:15:00,2025-11-18 08:19:36.332118090,16.406377539681536,Tuesday,-7.0,46.0,76.67,4.61,Retraso Leve,Mañana,True
2025-11-18 09:17:51.022536,Ruta 4 - Este,196,7.0,10,50,2025-11-18 09:15:00,2025-11-18 09:15:56.336270628,26.71228504147871,Tuesday,-3.0,43.0,86.0,0.94,A Tiempo,Mañana,True
2025-11-18 14:22:51.022536,Ruta 2 - Norte,196,9.0,7,60,2025-11-18 14:15:00,2025-11-18 14:17:23.054111520,23.221703555523163,Tuesday,2.0,45.0,75.0,2.38,Retraso Leve,Tarde,False
2025-11-19 22:02:51.022536,Ruta 6 - Express,196,12.0,5,60,2025-11-19 22:00:00,2025-11-19 22:04:07.270946172,24.98647360625047,Wednesday,7.0,52.0,86.67,4.12,Retraso Leve,Noche,False
2025-11-20 14:57:51.022536,Ruta 3 - Sur,196,8.0,4,50,2025-11-20 14:45:00,2025-11-20 14:45:26.032177674,12.909594003199103,Thursday,4.0,56.0,100.0,0.43,A Tiempo,Tarde,False
2025-11-20 17:32:51.022536,Ruta 1 - Centro,196,4.0,4,60,2025-11-20 17:30:00,2025-11-20 17:30:50.716002474,21.38691748915949,Thursday,0.0,56.0,93.33,0.85,A Tiempo,Tarde,True
2025-11-21 15:37:51.022536,Ruta 5 - Oeste,196,12.0,10,40,2025-11-21 15:30:00,2025-11-21 15:30:28.423578258,17.226691664102013,Friday,2.0,58.0,100.0,0.47,A Tiempo,Tarde,False
2025-11-21 21:12:51.022536,Ruta 5 - Oeste,196,9.0,4,50,2025-11-21 21:00:00,2025-11-21 21:00:40.099589544,22.11715424613868,Friday,5.0,63.0,100.0,0.67,A Tiempo,Noche,False
2025-11-22 01:32:51.022536,Ruta 5 - Oeste,196,6.0,9,40,2025-11-22 01:30:00,2025-11-22 01:30:18.365615010,29.232809354468497,Saturday,-3.0,60.0,100.0,0.31,A Tiempo,Madrugada,False
2025-11-22 01:52:51.022536,Ruta 2 - Norte,196,10.0,5,60,2025-11-22 01:45:00,2025-11-22 01:48:13.987150908,22.46237861065064,Saturday,5.0,65.0,100.0,3.23,Retraso Leve,Madrugada,False
2025-11-22 08:12:51.022536,Ruta 5 - Oeste,196,14.0,9,60,2025-11-22 08:00:00,2025-11-22 08:00:16.587626988,26.2469047071952,Saturday,5.0,70.0,100.0,0.28,A Tiempo,Mañana,True
2025-11-22 11:07:51.022536,Ruta 4 - Este,196,5.0,6,60,2025-11-22 11:00:00,2025-11-22 11:00:35.379171738,19.537248060514592,Saturday,-1.0,69.0,100.0,0.59,A Tiempo,Mañana,False
2025-11-23 01:12:51.022536,Ruta 1 - Centro,196,8.0,4,40,2025-11-23 01:00:00,2025-11-23 01:00:14.269452738,22.42873969520697,Sunday,4.0,73.0,100.0,0.24,A Tiempo,Madrugada,False
2025-11-23 06:37:51.022536,Ruta 6 - Express,196,10.0,5,50,2025-11-23 06:30:00,2025-11-23 06:31:37.904296530,22.98477314026927,Sunday,5.0,78.0,100.0,1.63,A Tiempo,Madrugada,False
2025-11-23 16:32:51.022536,Ruta 4 - Este,196,10.0,3,60,2025-11-23 16:30:00,2025-11-23 16:33:46.072290708,25.501930325600448,Sunday,7.0,85.0,100.0,3.77,Retraso Leve,Tarde,False
2025-11-23 18:12:51.022536,Ruta 5 - Oeste,196,10.0,1,50,2025-11-23 18:00:00,2025-11-23 18:01:17.476698306,25.964976974212608,Sunday,9.0,94.0,100.0,1.29,A Tiempo,Tarde,True
2025-11-24 10:02:51.022536,Ruta 5 - Oeste,196,9.0,7,60,2025-11-24 10:00:00,2025-11-24 10:04:35.674118754,15.827454821633388,Monday,2.0,96.0,100.0,4.59,Retraso Leve,Mañana,False
2025-11-24 22:22:51.022536,Ruta 4 - Este,196,11.0,3,40,2025-11-24 22:15:00,2025-11-24 22:15:30.936830466,29.63351907250448,Monday,8.0,104.0,100.0,0.52,A Tiempo,Noche,False
2025-11-25 08:22:51.022536,Ruta 5 - Oeste,196,3.0,7,40,2025-11-25 08:15:00,2025-11-25 08:19:26.135278224,22.783801236368568,Tuesday,-4.0,100.0,100.0,4.44,Retraso Leve,Mañana,True
2025-11-25 14:12:51.022536,Ruta 1 - Centro,196,8.0,7,50,2025-11-25 14:00:00,2025-11-25 14:00:13.624055970,34.34083171926372,Tuesday,1.0,101.0,100.0,0.23,A Tiempo,Tarde,False
2025-11-25 20:52:51.022536,Ruta 1 - Centro,196,6.0,3,40,2025-11-25 20:45:00,2025-11-25 20:45:33.568641120,20.387796728837657,Tuesday,3.0,104.0,100.0,0.56,A Tiempo,Noche,False
2025-11-25 21:22:51.022536,Ruta 3 - Sur,196,10.0,6,40,2025-11-25 21:15:00,2025-11-25 21:20:03.191790654,19.2034801878726,Tuesday,4.0,108.0,100.0,5.05,Retraso Grave,Noche,False
2025-11-26 06:22:51.022536,Ruta 5 - Oeste,196,11.0,6,50,2025-11-26 06:15:00,2025-11-26 06:24:48.906826188,21.832309555734938,Wednesday,5.0,113.0,100.0,9.82,Retraso Grave,Madrugada,False
2025-11-09 19:02:51.022536,Ruta 1 - Centro,197,8.0,7,40,2025-11-09 19:00:00,2025-11-09 19:01:57.265215654,21.881519844864275,Sunday,1.0,1.0,2.5,1.95,A Tiempo,Noche,True
2025-11-10 11:17:51.022536,Ruta 6 - Express,197,7.0,4,60,2025-11-10 11:15:00,2025-11-10 11:17:25.431238170,28.25752769867776,Monday,3.0,4.0,6.67,2.42,Retraso Leve,Mañana,False
2025-11-10 22:02:51.022536,Ruta 6 - Express,197,9.0,10,40,2025-11-10 22:00:00,2025-11-10 22:00:37.516784064,19.83051563324598,Monday,-1.0,3.0,7.5,0.63,A Tiempo,Noche,False
2025-11-11 03:52:51.022536,Ruta 4 - Este,197,8.0,8,40,2025-11-11 03:45:00,2025-11-11 03:50:09.893989494,25.443396606247077,Tuesday,0.0,3.0,7.5,5.16,Retraso Grave,Madrugada,False
2025-11-11 09:47:51.022536,Ruta 2 - Norte,197,13.0,6,60,2025-11-11 09:45:00,2025-11-11 09:45:33.290464541,22.73217583978686,Tuesday,7.0,10.0,16.67,0.55,A Tiempo,Mañana,True
2025-11-11 17:57:51.022536,Ruta 5 - Oeste,197,6.0,6,40,2025-11-11 17:45:00,2025-11-11 17:45:30.116236674,24.997069278199227,Tuesday,0.0,10.0,25.0,0.5,A Tiempo,Tarde,True
2025-11-12 22:07:51.022536,Ruta 6 - Express,197,4.0,5,40,2025-11-12 22:00:00,2025-11-12 22:00:48.883522236,18.256742340924088,Wednesday,-1.0,9.0,22.5,0.81,A Tiempo,Noche,False
2025-11-13 03:22:51.022536,Ruta 4 - Este,197,11.0,3,50,2025-11-13 03:15:00,2025-11-13 03:17:21.318279372,22.19110185368925,Thursday,8.0,17.0,34.0,2.36,Retraso Leve,Madrugada,False
2025-11-13 04:17:51.022536,Ruta 6 - Express,197,9.0,6,60,2025-11-13 04:15:00,2025-11-13 04:15:15.612779652,21.1545451778982,Thursday,3.0,20.0,33.33,0.26,A Tiempo,Madrugada,False
2025-11-14 00:32:51.022536,Ruta 4 - Este,197,6.0,1,50,2025-11-14 00:30:00,2025-11-14 00:30:33.674682378,22.862666010978227,Friday,5.0,25.0,50.0,0.56,A Tiempo,Madrugada,False
2025-11-14 06:57:51.022536,Ruta 3 - Sur,197,12.0,4,50,2025-11-14 06:45:00,2025-11-14 06:48:56.223652176,19.9880795520913,Friday,8.0,33.0,66.0,3.94,Retraso Leve,Madrugada,False
2025-11-14 16:42:51.022536,Ruta 5 - Oeste,197,9.0,6,40,2025-11-14 16:30:00,2025-11-14 16:30:10.334428752,22.93041033202804,Friday,3.0,36.0,90.0,0.17,A Tiempo,Tarde,False
2025-11-15 08:37:51.022536,Ruta 6 - Express,197,13.0,5,40,2025-11-15 08:30:00,2025-11-15 08:30:51.225116496,26.779796763094573,Saturday,8.0,44.0,100.0,0.85,A Tiempo,Mañana,True
2025-11-15 14:42:51.022536,Ruta 5 - Oeste,197,12.0,4,60,2025-11-15 14:30:00,2025-11-15 14:30:21.872216286,22.370149205854545,Saturday,8.0,52.0,86.67,0.36,A Tiempo,Tarde,False
2025-11-15 18:47:51.022536,Ruta 2 - Norte,197,7.0,6,60,2025-11-15 18:45:00,2025-11-15 18:45:00.696118950,16.708616023933878,Saturday,1.0,53.0,88.33,0.01,A Tiempo,Tarde,True
2025-11-15 23:22:51.022536,Ruta 3 - Sur,197,8.0,5,60,2025-11-15 23:15:00,2025-11-15 23:15:58.014301836,27.047725698824724,Saturday,3.0,56.0,93.33,0.97,A Tiempo,Noche,False
2025-11-16 07:32:51.022536,Ruta 1 - Centro,197,6.0,8,40,2025-11-16 07:30:00,2025-11-16 07:30:32.227027794,29.34928152274028,Sunday,-2.0,54.0,100.0,0.54,A Tiempo,Mañana,True
2025-11-16 07:47:51.022536,Ruta 6 - Express,197,8.0,5,40,2025-11-16 07:45:00,2025-11-16 07:45:12.377898204,16.00969337951861,Sunday,3.0,57.0,100.0,0.21,A Tiempo,Mañana,True
2025-11-16 21:27:51.022536,Ruta 2 - Norte,197,9.0,8,60,2025-11-16 21:15:00,2025-11-16 21:15:01.698668844,31.141452434513678,Sunday,1.0,58.0,96.67,0.03,A Tiempo,Noche,False
2025-11-17 04:17:51.022536,Ruta 1 - Centro,197,8.0,4,50,2025-11-17 04:15:00,2025-11-17 04:15:58.410409620,23.53126895863846,Monday,4.0,62.0,100.0,0.97,A Tiempo,Madrugada,False
2025-11-17 05:22:51.022536,Ruta 5 - Oeste,197,5.0,3,50,2025-11-17 05:15:00,2025-11-17 05:15:30.712945488,18.941095729362846,Monday,2.0,64.0,100.0,0.51,A Tiempo,Madrugada,False
2025-11-17 08:12:51.022536,Ruta 6 - Express,197,7.0,6,60,2025-11-17 08:00:00,2025-11-17 08:02:04.155982800,26.4143977142235,Monday,1.0,65.0,100.0,2.07,Retraso Leve,Mañana,True
2025-11-17 13:52:51.022536,Ruta 5 - Oeste,197,2.0,4,40,2025-11-17 13:45:00,2025-11-17 13:46:12.907190238,23.88347074516097,Monday,-2.0,63.0,100.0,1.22,A Tiempo,Tarde,False
2025-11-17 18:12:51.022536,Ruta 5 - Oeste,197,8.0,7,60,2025-11-17 18:00:00,2025-11-17 18:01:05.208231000,22.511352147876146,Monday,1.0,64.0,100.0,1.09,A Tiempo,Tarde,True
2025-11-17 19:42:51.022536,Ruta 1 - Centro,197,8.0,9,50,2025-11-17 19:30:00,2025-11-17 19:31:53.682090348,25.908821296896825,Monday,-1.0,63.0,100.0,1.89,A Tiempo,Noche,True
2025-11-18 05:22:51.022536,Ruta 1 - Centro,197,8.0,7,60,2025-11-18 05:15:00,2025-11-18 05:21:34.279815246,27.65218141917705,Tuesday,1.0,64.0,100.0,6.57,Retraso Grave,Madrugada,False
2025-11-18 20:02:51.022536,Ruta 5 - Oeste,197,5.0,4,50,2025-11-18 20:00:00,2025-11-18 20:05:20.697720942,31.20805199042752,Tuesday,1.0,65.0,100.0,5.34,Retraso Grave,Noche,False
2025-11-19 03:52:51.022536,Ruta 3 - Sur,197,5.0,6,60,2025-11-19 03:45:00,2025-11-19 03:47:33.662963334,22.86557378530103,Wednesday,-1.0,64.0,100.0,2.56,Retraso Leve,Madrugada,False
2025-11-19 04:47:51.022536,Ruta 6 - Express,197,7.0,8,60,2025-11-19 04:45:00,2025-11-19 04:47:37.932694104,32.30153199559872,Wednesday,-1.0,63.0,100.0,2.63,Retraso Leve,Madrugada,False
2025-11-19 11:12:51.022536,Ruta 2 - Norte,197,6.0,6,50,2025-11-19 11:00:00,2025-11-19 11:00:10.927041234,24.008547562928445,Wednesday,0.0,63.0,100.0,0.18,A Tiempo,Mañana,False
2025-11-19 12:22:51.022536,Ruta 3 - Sur,197,11.0,13,50,2025-11-19 12:15:00,2025-11-19 12:23:19.961010468,25.043657890161967,Wednesday,-2.0,61.0,100.0,8.33,Retraso Grave,Mañana,False
2025-11-19 22:57:51.022536,Ruta 3 - Sur,197,10.0,3,50,2025-11-19 22:45:00,2025-11-19 22:45:40.674760440,25.85384669276228,Wednesday,7.0,68.0,100.0,0.68,A Tiempo,Noche,False
2025-11-19 23:02:51.022536,Ruta 1 - Centro,197,6.0,5,50,2025-11-19 23:00:00,2025-11-19 23:01:03.311277900,19.64783628949984,Wednesday,1.0,69.0,100.0,1.06,A Tiempo,Noche,False
2025-11-20 01:52:51.022536,Ruta 2 - Norte,197,5.0,7,40,2025-11-20 01:45:00,2025-11-20 01:49:15.781980840,27.107807919912617,Thursday,-2.0,67.0,100.0,4.26,Retraso Leve,Madrugada,False
2025-11-20 02:42:51.022536,Ruta 1 - Centro,197,7.0,7,40,2025-11-20 02:30:00,2025-11-20 02:31:14.597202252,21.401973680649117,Thursday,0.0,67.0,100.0,1.24,A Tiempo,Madrugada,False
2025-11-20 03:47:51.022536,Ruta 5 - Oeste,197,9.0,4,60,2025-11-20 03:45:00,2025-11-20 03:45:24.001511826,24.55491667195429,Thursday,5.0,72.0,100.0,0.4,A Tiempo,Madrugada,False
2025-11-20 06:37:51.022536,Ruta 4 - Este,197,11.0,7,50,2025-11-20 06:30:00,2025-11-20 06:33:29.609668434,29.846501251120763,Thursday,4.0,76.0,100.0,3.49,Retraso Leve,Madrugada,False
2025-11-20 18:37:51.022536,Ruta 1 - Centro,197,11.0,6,40,2025-11-20 18:30:00,2025-11-20 18:30:00.116598324,25.425049557029155,Thursday,5.0,81.0,100.0,0.0,A Tiempo,Tarde,True
2025-11-21 17:47:51.022536,Ruta 3 - Sur,197,6.0,11,60,2025-11-21 17:45:00,2025-11-21 17:49:43.554725616,22.140334112969672,Friday,-5.0,76.0,100.0,4.73,Retraso Leve,Tarde,True
2025-11-21 21:32:51.022536,Ruta 5 - Oeste,197,11.0,9,50,2025-11-21 21:30:00,2025-11-21 21:30:18.487004274,31.01771728566529,Friday,2.0,78.0,100.0,0.31,A Tiempo,Noche,False
2025-11-21 23:57:51.022536,Ruta 2 - Norte,197,10.0,4,40,2025-11-21 23:45:00,2025-11-21 23:47:33.648987408,19.444999403845724,Friday,6.0,84.0,100.0,2.56,Retraso Leve,Noche,False
2025-11-22 17:47:51.022536,Ruta 1 - Centro,197,8.0,6,50,2025-11-22 17:45:00,2025-11-22 17:48:57.877678332,21.48459108997084,Saturday,2.0,86.0,100.0,3.96,Retraso Leve,Tarde,True
2025-11-22 18:52:51.022536,Ruta 2 - Norte,197,6.0,7,40,2025-11-22 18:45:00,2025-11-22 18:47:57.366938004,33.5777904004424,Saturday,-1.0,85.0,100.0,2.96,Retraso Leve,Tarde,True
2025-11-23 07:07:51.022536,Ruta 5 - Oeste,197,11.0,3,50,2025-11-23 07:00:00,2025-11-23 07:00:34.894092522,29.811650079106094,Sunday,8.0,93.0,100.0,0.58,A Tiempo,Mañana,True
2025-11-23 13:02:51.022536,Ruta 5 - Oeste,197,13.0,7,60,2025-11-23 13:00:00,2025-11-23 13:02:07.773374988,28.737632483656316,Sunday,6.0,99.0,100.0,2.13,Retraso Leve,Tarde,False
2025-11-23 14:12:51.022536,Ruta 6 - Express,197,4.0,3,40,2025-11-23 14:00:00,2025-11-23 14:00:11.273056806,23.73852534723344,Sunday,1.0,100.0,100.0,0.19,A Tiempo,Tarde,False
2025-11-23 22:42:51.022536,Ruta 4 - Este,197,8.0,6,60,2025-11-23 22:30:00,2025-11-23 22:31:39.198725730,27.644670744707877,Sunday,2.0,102.0,100.0,1.65,A Tiempo,Noche,False
2025-11-24 11:12:51.022536,Ruta 3 - Sur,197,11.0,11,60,2025-11-24 11:00:00,2025-11-24 11:00:08.449810980,21.21344532343191,Monday,0.0,102.0,100.0,0.14,A Tiempo,Mañana,False
2025-11-24 22:47:51.022536,Ruta 6 - Express,197,7.0,7,50,2025-11-24 22:45:00,2025-11-24 22:46:39.885647988,22.44805230753971,Monday,0.0,102.0,100.0,1.66,A Tiempo,Noche,False
2025-11-25 08:47:51.022536,Ruta 6 - Express,197,4.0,3,40,2025-11-25 08:45:00,2025-11-25 08:45:08.810047680,26.47404147013674,Tuesday,1.0,103.0,100.0,0.15,A Tiempo,Mañana,True
2025-11-25 14:22:51.022536,Ruta 4 - Este,197,15.0,7,60,2025-11-25 14:15:00,2025-11-25 14:16:06.014416158,24.204975740641743,Tuesday,8.0,111.0,100.0,1.1,A Tiempo,Tarde,False
2025-11-25 15:02:51.022536,Ruta 2 - Norte,197,5.0,5,50,2025-11-25 15:00:00,2025-11-25 15:01:17.707707390,26.476512982045108,Tuesday,0.0,111.0,100.0,1.3,A Tiempo,Tarde,False
2025-11-25 21:02:51.022536,Ruta 2 - Norte,197,4.0,8,50,2025-11-25 21:00:00,2025-11-25 21:00:30.575715384,24.673857228558575,Tuesday,-4.0,107.0,100.0,0.51,A Tiempo,Noche,False
2025-11-25 22:32:51.022536,Ruta 5 - Oeste,197,11.0,6,40,2025-11-25 22:30:00,2025-11-25 22:35:56.273038386,24.240984272436528,Tuesday,5.0,112.0,100.0,5.94,Retraso Grave,Noche,False
2025-11-25 23:47:51.022536,Ruta 1 - Centro,197,9.0,7,50,2025-11-25 23:45:00,2025-11-25 23:45:03.211100694,18.24705768341081,Tuesday,2.0,114.0,100.0,0.05,A Tiempo,Noche,False
2025-11-26 07:12:51.022536,Ruta 2 - Norte,197,11.0,5,50,2025-11-26 07:00:00,2025-11-26 07:00:35.888420226,20.95718253002594,Wednesday,6.0,120.0,100.0,0.6,A Tiempo,Mañana,True
2025-11-26 14:52:51.022536,Ruta 5 - Oeste,197,9.0,3,40,2025-11-26 14:45:00,2025-11-26 14:45:39.293328870,27.451007477493757,Wednesday,6.0,126.0,100.0,0.65,A Tiempo,Tarde,False
2025-11-09 20:17:51.022536,Ruta 5 - Oeste,198,5.0,3,50,2025-11-09 20:15:00,2025-11-09 20:17:11.248515774,28.748607334224456,Sunday,2.0,2.0,4.0,2.19,Retraso Leve,Noche,False
2025-11-10 09:17:51.022536,Ruta 1 - Centro,198,12.0,10,60,2025-11-10 09:15:00,2025-11-10 09:16:06.069488046,19.30999736352794,Monday,2.0,4.0,6.67,1.1,A Tiempo,Mañana,True
2025-11-11 02:47:51.022536,Ruta 2 - Norte,198,5.0,5,50,2025-11-11 02:45:00,2025-11-11 02:48:00.717868314,25.41752093273321,Tuesday,0.0,4.0,8.0,3.01,Retraso Leve,Madrugada,False
2025-11-11 06:47:51.022536,Ruta 6 - Express,198,5.0,5,50,2025-11-11 06:45:00,2025-11-11 06:45:04.785187902,18.917211855316257,Tuesday,0.0,4.0,8.0,0.08,A Tiempo,Madrugada,False
2025-11-11 10:47:51.022536,Ruta 5 - Oeste,198,9.0,4,40,2025-11-11 10:45:00,2025-11-11 10:48:32.289924258,24.643936076513317,Tuesday,5.0,9.0,22.5,3.54,Retraso Leve,Mañana,False
2025-11-11 17:47:51.022536,Ruta 4 - Este,198,11.0,9,60,2025-11-11 17:45:00,2025-11-11 17:45:51.079043988,22.866205458018392,Tuesday,2.0,11.0,18.33,0.85,A Tiempo,Tarde,True
2025-11-11 21:02:51.022536,Ruta 4 - Este,198,8.0,5,40,2025-11-11 21:00:00,2025-11-11 21:04:24.689380626,26.12767346887524,Tuesday,3.0,14.0,35.0,4.41,Retraso Leve,Noche,False
2025-11-11 23:47:51.022536,Ruta 2 - Norte,198,2.0,4,40,2025-11-11 23:45:00,2025-11-11 23:45:39.965909100,23.44864704272445,Tuesday,-2.0,12.0,30.0,0.67,A Tiempo,Noche,False
2025-11-12 07:12:51.022536,Ruta 3 - Sur,198,9.0,4,50,2025-11-12 07:00:00,2025-11-12 07:00:05.210753646,25.341509888848847,Wednesday,5.0,17.0,34.0,0.09,A Tiempo,Mañana,True
2025-11-12 12:37:51.022536,Ruta 3 - Sur,198,9.0,7,60,2025-11-12 12:30:00,2025-11-12 12:35:56.572747410,24.00180061721089,Wednesday,2.0,19.0,31.67,5.94,Retraso Grave,Mañana,False
2025-11-12 18:27:51.022536,Ruta 2 - Norte,198,11.0,5,60,2025-11-12 18:15:00,2025-11-12 18:16:26.762138412,23.44098230539378,Wednesday,6.0,25.0,41.67,1.45,A Tiempo,Tarde,True
2025-11-12 21:27:51.022536,Ruta 1 - Centro,198,5.0,2,60,2025-11-12 21:15:00,2025-11-12 21:15:30.817568058,21.08448407691265,Wednesday,3.0,28.0,46.67,0.51,A Tiempo,Noche,False
2025-11-13 04:07:51.022536,Ruta 5 - Oeste,198,5.0,9,60,2025-11-13 04:00:00,2025-11-13 04:00:02.735684370,22.6016629564801,Thursday,-4.0,24.0,40.0,0.05,A Tiempo,Madrugada,False
2025-11-13 04:27:51.022536,Ruta 4 - Este,198,13.0,9,60,2025-11-13 04:15:00,2025-11-13 04:15:30.392856006,24.615556572216583,Thursday,4.0,28.0,46.67,0.51,A Tiempo,Madrugada,False
2025-11-13 06:02:51.022536,Ruta 6 - Express,198,9.0,7,60,2025-11-13 06:00:00,2025-11-13 06:02:45.614768088,17.281712861066328,Thursday,2.0,30.0,50.0,2.76,Retraso Leve,Madrugada,False
2025-11-14 07:42:51.022536,Ruta 6 - Express,198,14.0,5,60,2025-11-14 07:30:00,2025-11-14 07:30:07.456430736,19.477814711110856,Friday,9.0,39.0,65.0,0.12,A Tiempo,Mañana,True
2025-11-14 10:57:51.022536,Ruta 6 - Express,198,7.0,5,40,2025-11-14 10:45:00,2025-11-14 10:47:34.625800872,25.01554377974165,Friday,2.0,41.0,100.0,2.58,Retraso Leve,Mañana,False
2025-11-14 17:27:51.022536,Ruta 2 - Norte,198,5.0,8,60,2025-11-14 17:15:00,2025-11-14 17:19:06.782149032,28.605235950576247,Friday,-3.0,38.0,63.33,4.11,Retraso Leve,Tarde,True
2025-11-15 02:27:51.022536,Ruta 2 - Norte,198,12.0,7,40,2025-11-15 02:15:00,2025-11-15 02:16:57.998569068,24.980684325785248,Saturday,5.0,43.0,100.0,1.97,A Tiempo,Madrugada,False
2025-11-15 23:17:51.022536,Ruta 3 - Sur,198,6.0,11,60,2025-11-15 23:15:00,2025-11-15 23:16:18.692101038,24.70889423351908,Saturday,-5.0,38.0,63.33,1.31,A Tiempo,Noche,False
2025-11-15 23:27:51.022536,Ruta 2 - Norte,198,11.0,7,60,2025-11-15 23:15:00,2025-11-15 23:17:46.330288722,25.944216729498404,Saturday,4.0,42.0,70.0,2.77,Retraso Leve,Noche,False
2025-11-16 06:22:51.022536,Ruta 5 - Oeste,198,9.0,8,50,2025-11-16 06:15:00,2025-11-16 06:15:28.364347014,28.96398566096824,Sunday,1.0,43.0,86.0,0.47,A Tiempo,Madrugada,False
2025-11-16 11:32:51.022536,Ruta 1 - Centro,198,6.0,5,60,2025-11-16 11:30:00,2025-11-16 11:31:16.473271068,24.878367610999558,Sunday,1.0,44.0,73.33,1.27,A Tiempo,Mañana,False
2025-11-16 13:17:51.022536,Ruta 4 - Este,198,11.0,5,40,2025-11-16 13:15:00,2025-11-16 13:19:43.490178276,22.69764826452273,Sunday,6.0,50.0,100.0,4.72,Retraso Leve,Tarde,False
2025-11-16 16:27:51.022536,Ruta 4 - Este,198,8.0,3,60,2025-11-16 16:15:00,2025-11-16 16:16:14.739062424,30.0098386154016,Sunday,5.0,55.0,91.67,1.25,A Tiempo,Tarde,False
2025-11-17 01:32:51.022536,Ruta 5 - Oeste,198,6.0,4,60,2025-11-17 01:30:00,2025-11-17 01:36:21.843844326,24.524333472435167,Monday,2.0,57.0,95.0,6.36,Retraso Grave,Madrugada,False
2025-11-17 02:12:51.022536,Ruta 2 - Norte,198,9.0,6,40,2025-11-17 02:00:00,2025-11-17 02:03:10.806087762,20.052993923547483,Monday,3.0,60.0,100.0,3.18,Retraso Leve,Madrugada,False
2025-11-17 17:22:51.022536,Ruta 4 - Este,198,15.0,3,60,2025-11-17 17:15:00,2025-11-17 17:17:01.727325222,25.676234742553547,Monday,12.0,72.0,100.0,2.03,Retraso Leve,Tarde,True
2025-11-18 15:27:51.022536,Ruta 4 - Este,198,10.0,8,40,2025-11-18 15:15:00,2025-11-18 15:17:06.650960040,20.72838360805349,Tuesday,2.0,74.0,100.0,2.11,Retraso Leve,Tarde,False
2025-11-19 19:37:51.022536,Ruta 4 - Este,198,7.0,5,60,2025-11-19 19:30:00,2025-11-19 19:30:01.075877832,23.39915490520184,Wednesday,2.0,76.0,100.0,0.02,A Tiempo,Noche,True
2025-11-19 22:47:51.022536,Ruta 6 - Express,198,10.0,10,60,2025-11-19 22:45:00,2025-11-19 22:46:09.783679254,22.567762554327928,Wednesday,0.0,76.0,100.0,1.16,A Tiempo,Noche,False
2025-11-20 17:57:51.022536,Ruta 3 - Sur,198,4.0,7,40,2025-11-20 17:45:00,2025-11-20 17:45:56.775621792,28.326268331207142,Thursday,-3.0,73.0,100.0,0.95,A Tiempo,Tarde,True
2025-11-20 23:47:51.022536,Ruta 4 - Este,198,5.0,4,40,2025-11-20 23:45:00,2025-11-20 23:46:25.721810028,37.07850865539761,Thursday,1.0,74.0,100.0,1.43,A Tiempo,Noche,False
2025-11-21 11:37:51.022536,Ruta 5 - Oeste,198,14.0,11,40,2025-11-21 11:30:00,2025-11-21 11:34:42.386277582,31.83716070908342,Friday,3.0,77.0,100.0,4.71,Retraso Leve,Mañana,False
2025-11-21 13:17:51.022536,Ruta 5 - Oeste,198,5.0,9,50,2025-11-21 13:15:00,2025-11-21 13:16:01.075449684,23.03856010248596,Friday,-4.0,73.0,100.0,1.02,A Tiempo,Tarde,False
2025-11-21 14:22:51.022536,Ruta 5 - Oeste,198,11.0,7,40,2025-11-21 14:15:00,2025-11-21 14:15:38.628833958,23.689566174779586,Friday,4.0,77.0,100.0,0.64,A Tiempo,Tarde,False
2025-11-22 02:52:51.022536,Ruta 6 - Express,198,4.0,7,40,2025-11-22 02:45:00,2025-11-22 02:51:10.527701106,26.924353132840857,Saturday,-3.0,74.0,100.0,6.18,Retraso Grave,Madrugada,False
2025-11-22 18:27:51.022536,Ruta 2 - Norte,198,8.0,6,60,2025-11-22 18:15:00,2025-11-22 18:15:09.443159352,32.57720917638456,Saturday,2.0,76.0,100.0,0.16,A Tiempo,Tarde,True
2025-11-23 01:17:51.022536,Ruta 2 - Norte,198,12.0,9,40,2025-11-23 01:15:00,2025-11-23 01:17:10.237478730,27.600961636381484,Sunday,3.0,79.0,100.0,2.17,Retraso Leve,Madrugada,False
2025-11-23 02:37:51.022536,Ruta 3 - Sur,198,6.0,5,40,2025-11-23 02:30:00,2025-11-23 02:37:11.229102576,29.42006122224216,Sunday,1.0,80.0,100.0,7.19,Retraso Grave,Madrugada,False
2025-11-23 21:07:51.022536,Ruta 2 - Norte,198,16.0,4,50,2025-11-23 21:00:00,2025-11-23 21:00:22.498529010,24.24002843065492,Sunday,12.0,92.0,100.0,0.37,A Tiempo,Noche,False
2025-11-24 01:42:51.022536,Ruta 1 - Centro,198,6.0,4,40,2025-11-24 01:30:00,2025-11-24 01:30:57.588084978,24.21602982749962,Monday,2.0,94.0,100.0,0.96,A Tiempo,Madrugada,False
2025-11-24 06:57:51.022536,Ruta 4 - Este,198,10.0,5,60,2025-11-24 06:45:00,2025-11-24 06:46:47.809295058,33.41325007594952,Monday,5.0,99.0,100.0,1.8,A Tiempo,Madrugada,False
2025-11-24 08:22:51.022536,Ruta 3 - Sur,198,6.0,7,60,2025-11-24 08:15:00,2025-11-24 08:18:09.216177102,32.63512876282886,Monday,-1.0,98.0,100.0,3.15,Retraso Leve,Mañana,True
2025-11-24 15:32:51.022536,Ruta 2 - Norte,198,8.0,12,50,2025-11-24 15:30:00,2025-11-24 15:30:26.739429450,15.593701586098613,Monday,-4.0,94.0,100.0,0.45,A Tiempo,Tarde,False
2025-11-24 18:42:51.022536,Ruta 5 - Oeste,198,10.0,7,50,2025-11-24 18:30:00,2025-11-24 18:31:36.762466272,33.96529376648154,Monday,3.0,97.0,100.0,1.61,A Tiempo,Tarde,True
2025-11-24 20:12:51.022536,Ruta 5 - Oeste,198,7.0,12,60,2025-11-24 20:00:00,2025-11-24 20:05:14.754518244,26.78924164808313,Monday,-5.0,92.0,100.0,5.25,Retraso Grave,Noche,False
2025-11-25 01:12:51.022536,Ruta 6 - Express,198,10.0,5,60,2025-11-25 01:00:00,2025-11-25 01:08:06.447205038,15.95552434140078,Tuesday,5.0,97.0,100.0,8.11,Retraso Grave,Madrugada,False
2025-11-25 02:02:51.022536,Ruta 6 - Express,198,4.0,7,40,2025-11-25 02:00:00,2025-11-25 02:01:41.779850196,26.575614363851237,Tuesday,-3.0,94.0,100.0,1.7,A Tiempo,Madrugada,False
2025-11-25 05:12:51.022536,Ruta 2 - Norte,198,8.0,5,40,2025-11-25 05:00:00,2025-11-25 05:05:21.834255216,19.77043761459681,Tuesday,3.0,97.0,100.0,5.36,Retraso Grave,Madrugada,False
2025-11-25 05:22:51.022536,Ruta 6 - Express,198,11.0,3,50,2025-11-25 05:15:00,2025-11-25 05:16:55.647175380,25.12128927375464,Tuesday,8.0,105.0,100.0,1.93,A Tiempo,Madrugada,False
2025-11-26 10:22:51.022536,Ruta 4 - Este,198,10.0,7,50,2025-11-26 10:15:00,2025-11-26 10:15:08.510279262,27.135537258605297,Wednesday,3.0,108.0,100.0,0.14,A Tiempo,Mañana,False
2025-11-26 19:52:51.022536,Ruta 5 - Oeste,198,6.0,9,50,2025-11-26 19:45:00,2025-11-26 19:48:02.334072222,24.08347955078797,Wednesday,-3.0,105.0,100.0,3.04,Retraso Leve,Noche,True
2025-11-10 02:12:51.022536,Ruta 6 - Express,199,7.0,6,60,2025-11-10 02:00:00,2025-11-10 02:00:49.477866408,23.102812270035727,Monday,1.0,1.0,1.67,0.82,A Tiempo,Madrugada,False
2025-11-10 08:52:51.022536,Ruta 4 - Este,199,9.0,5,60,2025-11-10 08:45:00,2025-11-10 08:45:57.976708980,22.21267916084083,Monday,4.0,5.0,8.33,0.97,A Tiempo,Mañana,True
2025-11-11 23:27:51.022536,Ruta 5 - Oeste,199,6.0,5,50,2025-11-11 23:15:00,2025-11-11 23:16:55.100694564,28.540845935743256,Tuesday,1.0,6.0,12.0,1.92,A Tiempo,Noche,False
2025-11-12 17:32:51.022536,Ruta 3 - Sur,199,14.0,11,40,2025-11-12 17:30:00,2025-11-12 17:31:05.249149170,20.29632739981093,Wednesday,3.0,9.0,22.5,1.09,A Tiempo,Tarde,True
2025-11-13 10:22:51.022536,Ruta 4 - Este,199,10.0,7,50,2025-11-13 10:15:00,2025-11-13 10:15:50.362546458,21.776848262751617,Thursday,3.0,12.0,24.0,0.84,A Tiempo,Mañana,False
2025-11-13 12:22:51.022536,Ruta 5 - Oeste,199,4.0,3,60,2025-11-13 12:15:00,2025-11-13 12:15:34.193961263,33.549700782147575,Thursday,1.0,13.0,21.67,0.57,A Tiempo,Mañana,False
2025-11-13 13:12:51.022536,Ruta 1 - Centro,199,8.0,8,50,2025-11-13 13:00:00,2025-11-13 13:00:49.683568644,24.811239647234736,Thursday,0.0,13.0,26.0,0.83,A Tiempo,Tarde,False
2025-11-14 03:52:51.022536,Ruta 3 - Sur,199,6.0,5,40,2025-11-14 03:45:00,2025-11-14 03:45:26.313208860,19.590356523245468,Friday,1.0,14.0,35.0,0.44,A Tiempo,Madrugada,False
2025-11-16 07:12:51.022536,Ruta 6 - Express,199,4.0,5,50,2025-11-16 07:00:00,2025-11-16 07:09:37.238844084,32.88310813135355,Sunday,-1.0,13.0,26.0,9.62,Retraso Grave,Mañana,True
2025-11-16 18:22:51.022536,Ruta 2 - Norte,199,12.0,4,50,2025-11-16 18:15:00,2025-11-16 18:19:24.570582726,31.525521834382307,Sunday,8.0,21.0,42.0,4.41,Retraso Leve,Tarde,True
2025-11-17 01:12:51.022536,Ruta 4 - Este,199,7.0,6,60,2025-11-17 01:00:00,2025-11-17 01:00:00.337506072,26.248592698975337,Monday,1.0,22.0,36.67,0.01,A Tiempo,Madrugada,False
2025-11-17 09:42:51.022536,Ruta 3 - Sur,199,6.0,2,50,2025-11-17 09:30:00,2025-11-17 09:34:28.500610272,26.26198323370292,Monday,4.0,26.0,52.0,4.48,Retraso Leve,Mañana,True
2025-11-17 11:52:51.022536,Ruta 4 - Este,199,10.0,7,50,2025-11-17 11:45:00,2025-11-17 11:52:56.230407492,28.263124327796977,Monday,3.0,29.0,58.0,7.94,Retraso Grave,Mañana,False
2025-11-17 21:32:51.022536,Ruta 2 - Norte,199,13.0,4,60,2025-11-17 21:30:00,2025-11-17 21:30:00.254429292,17.543851421040543,Monday,9.0,38.0,63.33,0.0,A Tiempo,Noche,False
2025-11-18 05:32:51.022536,Ruta 1 - Centro,199,11.0,6,50,2025-11-18 05:30:00,2025-11-18 05:31:28.963693392,26.273518811990822,Tuesday,5.0,43.0,86.0,1.48,A Tiempo,Madrugada,False
2025-11-18 15:42:51.022536,Ruta 3 - Sur,199,8.0,8,50,2025-11-18 15:30:00,2025-11-18 15:32:57.891024678,27.17173807219265,Tuesday,0.0,43.0,86.0,2.96,Retraso Leve,Tarde,False
2025-11-18 16:02:51.022536,Ruta 3 - Sur,199,3.0,4,40,2025-11-18 16:00:00,2025-11-18 16:01:01.561674486,28.94923152533879,Tuesday,-1.0,42.0,100.0,1.03,A Tiempo,Tarde,False
2025-11-18 20:27:51.022536,Ruta 5 - Oeste,199,9.0,8,40,2025-11-18 20:15:00,2025-11-18 20:16:25.992940002,27.306367169479707,Tuesday,1.0,43.0,100.0,1.43,A Tiempo,Noche,False
2025-11-18 22:07:51.022536,Ruta 3 - Sur,199,9.0,3,50,2025-11-18 22:00:00,2025-11-18 22:00:31.429411038,24.522044837136427,Tuesday,6.0,49.0,98.0,0.52,A Tiempo,Noche,False
2025-11-18 22:52:51.022536,Ruta 4 - Este,199,12.0,5,40,2025-11-18 22:45:00,2025-11-18 22:45:49.574355720,29.38518643104103,Tuesday,7.0,56.0,100.0,0.83,A Tiempo,Noche,False
2025-11-19 05:52:51.022536,Ruta 1 - Centro,199,8.0,9,60,2025-11-19 05:45:00,2025-11-19 05:46:51.610335972,18.587427957474404,Wednesday,-1.0,55.0,91.67,1.86,A Tiempo,Madrugada,False
2025-11-19 19:47:51.022536,Ruta 3 - Sur,199,16.0,5,60,2025-11-19 19:45:00,2025-11-19 19:47:04.648199118,24.015572473755284,Wednesday,11.0,66.0,100.0,2.08,Retraso Leve,Noche,True
2025-11-20 10:42:51.022536,Ruta 2 - Norte,199,14.0,2,60,2025-11-20 10:30:00,2025-11-20 10:32:09.161871726,21.954995724149807,Thursday,12.0,78.0,100.0,2.15,Retraso Leve,Mañana,False
2025-11-20 14:32:51.022536,Ruta 4 - Este,199,9.0,4,50,2025-11-20 14:30:00,2025-11-20 14:31:11.070700122,30.34847880355677,Thursday,5.0,83.0,100.0,1.18,A Tiempo,Tarde,False
2025-11-20 20:47:51.022536,Ruta 6 - Express,199,9.0,13,60,2025-11-20 20:45:00,2025-11-20 20:45:28.731416358,21.34665973949176,Thursday,-4.0,79.0,100.0,0.48,A Tiempo,Noche,False
2025-11-22 17:02:51.022536,Ruta 4 - Este,199,7.0,7,60,2025-11-22 17:00:00,2025-11-22 17:02:19.183495410,31.88470711728223,Saturday,0.0,79.0,100.0,2.32,Retraso Leve,Tarde,True
2025-11-22 22:22:51.022536,Ruta 3 - Sur,199,10.0,7,50,2025-11-22 22:15:00,2025-11-22 22:21:34.015954122,31.94013627520232,Saturday,3.0,82.0,100.0,6.57,Retraso Grave,Noche,False
2025-11-22 23:32:51.022536,Ruta 3 - Sur,199,5.0,5,60,2025-11-22 23:30:00,2025-11-22 23:34:31.621158210,21.982703927636816,Saturday,0.0,82.0,100.0,4.53,Retraso Leve,Noche,False
2025-11-23 03:37:51.022536,Ruta 2 - Norte,199,7.0,6,60,2025-11-23 03:30:00,2025-11-23 03:30:33.921904866,20.002219844936256,Sunday,1.0,83.0,100.0,0.57,A Tiempo,Madrugada,False
2025-11-23 03:42:51.022536,Ruta 5 - Oeste,199,9.0,3,60,2025-11-23 03:30:00,2025-11-23 03:30:56.593165326,23.25308832835432,Sunday,6.0,89.0,100.0,0.94,A Tiempo,Madrugada,False
2025-11-23 12:47:51.022536,Ruta 1 - Centro,199,11.0,6,40,2025-11-23 12:45:00,2025-11-23 12:46:22.774464630,24.021808869764875,Sunday,5.0,94.0,100.0,1.38,A Tiempo,Mañana,False
2025-11-23 13:22:51.022536,Ruta 4 - Este,199,13.0,10,50,2025-11-23 13:15:00,2025-11-23 13:15:40.079155464,22.24586751439709,Sunday,3.0,97.0,100.0,0.67,A Tiempo,Tarde,False
2025-11-24 01:52:51.022536,Ruta 2 - Norte,199,8.0,9,50,2025-11-24 01:45:00,2025-11-24 01:45:27.040181706,29.122176125554635,Monday,-1.0,96.0,100.0,0.45,A Tiempo,Madrugada,False
2025-11-24 05:27:51.022536,Ruta 5 - Oeste,199,5.0,4,60,2025-11-24 05:15:00,2025-11-24 05:16:21.397779756,28.075223595136265,Monday,1.0,97.0,100.0,1.36,A Tiempo,Madrugada,False
2025-11-24 20:52:51.022536,Ruta 4 - Este,199,7.0,5,40,2025-11-24 20:45:00,2025-11-24 20:47:48.778624572,24.54505558130296,Monday,2.0,99.0,100.0,2.81,Retraso Leve,Noche,False
2025-11-25 02:27:51.022536,Ruta 5 - Oeste,199,12.0,5,60,2025-11-25 02:15:00,2025-11-25 02:16:22.120870092,24.076221867747478,Tuesday,7.0,106.0,100.0,1.37,A Tiempo,Madrugada,False
2025-11-25 09:17:51.022536,Ruta 1 - Centro,199,15.0,8,50,2025-11-25 09:15:00,2025-11-25 09:15:01.069273883,24.61425986935866,Tuesday,7.0,113.0,100.0,0.02,A Tiempo,Mañana,True
2025-11-25 14:02:51.022536,Ruta 6 - Express,199,5.0,6,60,2025-11-25 14:00:00,2025-11-25 14:01:09.636282408,32.15520040920532,Tuesday,-1.0,112.0,100.0,1.16,A Tiempo,Tarde,False
2025-11-26 13:07:51.022536,Ruta 5 - Oeste,199,9.0,5,60,2025-11-26 13:00:00,2025-11-26 13:00:18.284226438,27.192234179516547,Wednesday,4.0,116.0,100.0,0.3,A Tiempo,Tarde,False
2025-11-26 20:37:51.022536,Ruta 1 - Centro,199,10.0,3,40,2025-11-26 20:30:00,2025-11-26 20:31:24.205524162,15.0430049385369,Wednesday,7.0,123.0,100.0,1.4,A Tiempo,Noche,False
2025-11-26 21:27:51.022536,Ruta 3 - Sur,199,9.0,8,60,2025-11-26 21:15:00,2025-11-26 21:16:13.946878776,20.3166745823846,Wednesday,1.0,124.0,100.0,1.23,A Tiempo,Noche,False
